Fecha,Total desaguado por rambla Albujón,Drenaje Los Alcázares,Desembocadura rambla Albujón,Aguas arriba Barrio de la Fuensanta,Badén aguas abajo La Puebla,Pasaje la balsa,EDAR Torre-Pacheco,Tuberías salmuera bajo N-332,Canal D-7,Azud CHS,Tramo Medio Rambla Albujón,Surgencia,Aliviadero,Obra de paso bajo carretera Los Urrutia,Desembocadura rambla de Miranda,Desembocadura rambla del Miedo,El Carmolí,Desembocadura rambla de las Matildes,Rambla de las Matildes - corriente sur,Lo Poyo,Lengua de Vaca,Valla Militar,Freático Los Alcázares,Venta Simón
2019-08-30,0.0,0.92,0.0,0.0,0.0,0.0,0.0,0,47.41,0.0,0.0,0,0.0,0.0,0.0,0,0.0,0.0,0.0,0.0,0.0,0.0,0.0,0.0
2019-09-06,0.0,0.83,0.0,0.0,0.0,0.0,0.0,0,0.0,0.0,0.0,0,0.0,0.0,0.0,0,0.0,0.0,0.0,0.0,0.0,0.0,0.0,0.0
2019-09-20,0.0,0.0,0.0,0.0,0.0,0.0,0.0,0,0.0,0.0,0.0,0,0.0,0.0,0.0,0,0.0,0.0,0.0,0.0,0.0,0.0,0.0,0.0
2019-09-26,0.0,0.0,0.0,0.0,0.0,0.0,0.0,0,227.9,0.0,0.0,0,0.0,0.0,0.0,0,0.0,0.0,0.0,0.0,0.0,0.0,0.0,0.0
2019-10-02,0.0,0.0,0.0,0.0,0.0,0.0,0.0,0,217.71,0.0,29.01,0,0.0,0.0,0.0,0,0.0,0.0,0.0,0.0,0.0,0.0,0.0,0.0
2019-10-09,0.0,0.0,0.0,0.0,0.0,0.0,0.0,0,122.8,0.0,30.52,0,0.0,0.0,0.0,0,0.0,0.0,0.0,0.0,0.0,0.0,0.0,0.0
2019-10-16,156.82,0.0,156.82,0.0,0.0,0.0,0.0,0,102.54,0.0,18.28,0,0.0,0.0,0.0,0,0.0,0.0,0.0,0.0,0.0,0.0,0.0,0.0
2019-10-23,0.0,0.0,0.0,0.0,0.0,0.0,0.0,0,110.49,0.0,50.34,0,0.0,0.0,0.0,0,0.0,0.0,0.0,0.0,0.0,0.0,0.0,0.0
2019-10-30,0.0,0.0,0.0,0.0,0.0,0.0,0.0,0,119.42,0.0,30.16,0,0.0,0.0,0.0,0,0.0,0.0,0.0,0.0,0.0,0.0,0.0,0.0
2019-10-31,248.82,0.0,248.82,0.0,0.0,0.0,0.0,0,0.0,0.0,0.0,0,0.0,85.23,5.89,0,0.0,0.0,28.91,0.0,0.0,0.0,0.0,0.0
2019-11-06,138.18,0.0,138.18,0.0,0.0,0.0,0.0,0,77.99,0.0,26.13,0,0.0,0.0,0.0,0,0.0,0.0,0.0,0.0,0.0,0.0,0.0,0.0
2019-11-11,198.54,0.0,198.54,0.0,0.0,0.0,0.0,0,65.43,0.0,27.99,0,0.0,48.17,0.27,0,0.0,0.0,0.0,0.0,0.0,0.0,0.0,0.0
2019-11-19,204.33,0.0,204.33,0.0,0.0,0.0,0.0,0,93.64,0.0,18.61,0,0.0,51.79,0.0,0,0.0,0.1,12.56,0.0,0.0,0.0,0.0,0.0
2019-11-26,200.83,0.0,200.83,0.0,0.0,0.0,0.0,0,64.86,0.0,16.3,0,0.0,40.89,0.0,0,0.0,0.0,8.2,0.0,0.0,0.0,0.0,0.0
2019-12-05,0.0,0.0,0.0,0.0,0.0,0.0,0.0,0,316.23,0.0,53.9,0,0.0,417.72,0.0,0,0.0,0.0,0.0,0.0,0.0,0.0,0.0,0.0
2019-12-10,419.67,0.0,419.67,0.0,0.0,0.0,0.0,0,218.2,0.0,39.16,0,0.0,207.04,9.03,0,0.0,0.0,0.0,0.0,0.0,0.0,0.0,0.0
2019-12-17,363.7,0.0,363.7,0.0,0.0,0.0,0.0,0,152.15,0.0,40.85,0,0.0,273.76,2.13,0,0.0,0.0,15.88,0.0,0.0,0.0,0.0,0.0
2019-12-23,349.08,0.0,349.08,0.0,0.0,0.0,0.0,0,117.23,0.0,33.92,0,0.0,120.73,0.0,0,0.0,0.0,10.96,0.0,0.0,0.0,0.0,0.0
2019-12-30,259.86,0.0,259.86,0.0,0.0,0.0,0.0,0,122.92,0.0,33.73,0,0.0,81.69,0.0,0,0.0,0.0,12.5,0.0,0.0,0.0,0.0,0.0
2020-01-07,228.16,0.0,228.16,0.0,0.0,0.0,0.0,0,94.67,0.0,46.12,0,0.0,84.38,0.0,0,0.0,0.0,12.1,0.0,0.0,0.0,0.0,0.0
2020-01-14,272.63,0.0,272.63,0.0,0.0,0.0,0.0,0,93.07,0.0,80.66,0,0.0,80.08,0.0,0,0.0,0.0,39.94,0.0,0.0,0.0,0.0,0.0
2020-01-22,1449.4,0.0,1449.4,0.0,0.0,0.0,0.0,0,1309.61,0.0,0.0,0,0.0,488.21,86.59,0,0.0,1.66,0.0,0.0,0.0,0.0,0.0,0.0
2020-01-28,524.11,0.76,524.11,0.0,0.0,0.0,0.0,0,265.2,0.0,85.56,0,0.0,222.47,4.88,0,0.0,0.7,30.41,0.0,0.0,0.0,0.0,0.0
2020-02-04,354.87,0.0,354.87,0.0,0.0,0.0,0.0,0,192.3,0.0,61.98,0,0.0,178.31,1.42,0,0.0,0.3,17.97,0.0,0.0,0.0,0.0,0.0
2020-02-11,300.62,0.0,300.62,0.0,0.0,0.0,0.0,0,173.53,0.0,48.6,0,0.0,126.47,0.0,0,0.0,0.0,15.76,0.0,0.0,0.0,0.0,0.0
2020-02-18,326.42,0.0,326.42,0.0,0.0,0.0,0.0,0,126.0,0.0,51.7,0,0.0,117.24,0.0,0,0.0,0.0,19.42,0.0,0.0,0.0,0.0,0.0
2020-02-25,302.86,0.0,302.86,0.0,0.0,0.0,0.0,0,120.87,0.0,42.84,0,0.0,113.21,0.0,0,0.0,0.0,25.42,0.0,0.0,0.0,0.0,0.0
2020-03-03,193.51,0.0,193.51,0.0,0.0,0.0,0.0,0,101.44,0.0,51.9,0,0.0,84.56,0.0,0,0.0,0.0,13.84,0.0,0.0,0.0,0.0,0.0
2020-03-10,225.32,0.0,225.32,0.0,0.0,0.0,0.0,0,97.16,0.0,52.2,0,0.0,60.46,0.0,0,0.0,0.0,7.2,0.0,0.0,0.0,0.0,0.0
2020-03-17,181.47,0.0,181.47,0.0,0.0,0.0,0.0,0,71.59,0.0,28.74,0,0.0,52.68,0.0,0,0.0,0.0,3.74,0.0,0.0,0.0,0.0,0.0
2020-03-26,0.0,0.0,0.0,0.0,0.0,0.0,0.0,0,746.6,0.0,225.19,0,0.0,401.39,0.0,0,0.0,2.76,0.0,0.0,0.0,0.0,0.0,0.0
2020-03-31,851.05,0.0,851.05,0.0,0.0,0.0,0.0,0,429.0,0.0,165.88,0,0.0,324.4,0.0,0,0.0,2.84,25.17,0.0,0.0,0.0,0.0,0.0
2020-04-07,625.75,0.0,625.75,0.0,0.0,0.0,0.0,0,291.09,0.0,157.22,0,0.0,163.7,0.0,0,0.0,0.44,15.64,0.0,0.0,0.0,0.0,0.0
2020-04-14,514.8,0.0,514.8,0.0,0.0,0.0,0.0,0,157.8,0.0,188.8,0,0.0,131.53,0.0,0,0.0,1.78,26.27,0.0,0.0,0.0,0.0,0.0
2020-04-21,491.9,0.0,491.9,0.0,0.0,0.0,0.0,0,216.15,0.0,75.68,0,0.0,196.35,0.0,0,0.0,1.2,19.79,0.0,0.0,0.0,0.0,0.0
2020-04-28,402.33,0.0,402.33,0.0,0.0,0.0,0.0,0,157.55,0.0,115.78,0,0.0,137.81,0.38,0,0.0,0.5,47.06,0.0,0.0,0.0,0.0,0.0
2020-05-05,316.78,0.0,316.78,0.0,0.0,0.0,0.0,0,110.27,0.0,73.93,0,0.0,83.92,0.0,0,0.0,0.1,26.55,0.0,0.0,0.0,0.0,0.0
2020-05-12,425.14,0.0,425.14,0.0,0.0,0.0,0.0,0,103.22,0.0,160.19,0,0.0,62.77,0.0,0,0.0,0.03,8.8,0.0,0.0,0.0,0.0,0.0
2020-05-19,270.7,0.0,270.7,0.0,0.0,0.0,0.0,0,115.34,0.0,57.83,0,0.0,51.57,0.0,0,0.0,0.0,13.4,0.0,0.0,0.0,0.0,0.0
2020-05-26,294.71,0.0,294.71,0.0,0.0,0.0,0.0,0,61.13,0.0,113.65,0,0.0,46.88,0.0,0,0.0,0.0,17.17,0.0,0.0,0.0,0.0,0.0
2020-06-01,241.59,0.0,241.59,0.0,0.0,0.0,0.0,0,78.85,0.0,80.34,0,0.0,36.82,0.0,0,0.0,0.0,14.22,0.0,0.0,0.0,0.0,0.0
2020-06-09,473.0,0.0,473.0,0.0,0.0,0.0,0.0,0,102.17,0.0,148.3,0,0.0,118.95,0.0,0,0.0,0.12,32.43,0.0,0.0,0.0,0.0,0.0
2020-06-16,374.24,0.0,374.24,0.0,0.0,0.0,0.0,0,109.5,0.0,130.8,0,0.0,30.24,0.0,0,0.0,0.0,27.4,0.0,0.0,0.0,0.0,0.0
2020-06-22,302.77,0.0,302.77,0.0,0.0,0.0,0.0,0,107.38,0.0,139.01,0,0.0,22.15,0.0,0,0.0,0.0,13.97,0.0,0.0,0.0,0.0,0.0
2020-06-30,162.44,0.0,162.44,0.0,0.0,0.0,0.0,0,84.76,0.0,53.89,0,0.0,24.31,0.0,0,0.0,0.0,13.61,0.0,0.0,0.0,0.0,0.0
2020-07-07,124.46,0.0,124.46,0.0,0.0,0.0,0.0,0,98.71,0.0,38.05,0,0.0,23.4,0.0,0,0.0,0.0,11.26,0.0,0.0,0.0,0.0,0.0
2020-07-14,147.3,0.0,147.3,0.0,0.0,0.0,0.0,0,89.36,0.0,44.03,0,0.0,19.29,0.0,0,0.0,0.0,19.33,0.0,0.0,0.0,0.0,0.0
2020-07-21,176.66,0.0,176.66,0.0,0.0,0.0,0.0,0,74.6,0.0,64.83,0,0.0,14.55,0.0,0,0.0,0.0,12.28,0.0,0.0,0.0,0.0,0.0
2020-07-28,0.0,0.0,0.0,0.0,0.0,0.0,0.0,0,79.34,0.0,47.2,0,0.0,12.19,0.0,0,0.0,0.0,12.18,0.0,0.0,0.0,0.0,0.0
2020-08-04,47.88,0.0,0.0,0.0,0.0,0.0,0.0,0,69.31,0.0,38.7,0,47.88,13.87,0.0,0,0.0,0.0,13.61,0.0,0.0,0.0,0.0,0.0
2020-08-11,236.05,0.0,0.0,0.0,0.0,0.0,0.0,0,60.73,0.0,62.02,0,236.05,17.77,0.0,0,0.0,0.0,12.62,0.0,0.0,0.0,0.0,0.0
2020-08-18,184.77,0.0,0.0,0.0,0.0,0.0,0.0,0,57.93,0.0,25.65,0,184.77,13.58,0.0,0,0.0,0.0,6.44,0.0,0.0,0.0,0.0,0.0
2020-08-25,91.3,0.0,0.0,0.0,0.0,0.0,0.0,0,58.6,0.0,120.93,0,91.3,7.13,0.0,0,0.0,0.0,15.03,0.0,0.0,0.0,0.0,0.0
2020-09-01,116.51,0.0,116.51,0.0,0.0,0.0,0.0,0,74.13,0.0,40.32,0,0.0,10.56,0.0,0,0.0,0.0,13.91,0.0,0.0,0.0,0.0,0.0
2020-09-08,270.29,0.0,160.92,0.0,0.0,0.0,0.0,0,64.38,0.0,44.81,0,109.37,6.82,0.0,0,0.0,0.0,11.33,0.0,0.0,0.0,0.0,0.0
2020-09-15,39.0,0.0,39.0,0.0,0.0,0.0,0.0,0,80.2,0.0,39.99,0,0.0,8.6,0.0,0,0.0,0.0,13.43,0.0,0.0,0.0,0.0,0.0
2020-09-22,247.78,0.0,177.31,0.0,0.0,0.0,0.0,0,69.4,0.0,41.64,0,70.47,5.09,0.0,0,0.0,0.0,13.16,0.0,0.0,0.0,0.0,0.0
2020-09-29,39.46,0.0,0.0,0.0,0.0,0.0,0.0,0,86.5,0.0,27.89,0,39.46,4.86,0.0,0,0.0,0.0,11.14,0.0,0.0,0.0,0.0,0.0
2020-10-06,225.82,0.0,150.21,0.0,0.0,0.0,0.0,0,75.87,0.0,37.85,0,75.61,1.37,0.0,0,0.0,0.0,10.29,0.0,0.0,0.0,0.0,0.0
2020-10-13,171.3,0.0,0.0,0.0,0.0,0.0,0.0,0,82.29,0.0,38.64,0,171.3,1.69,0.0,0,0.0,0.0,9.62,0.0,0.0,0.0,0.0,0.0
2020-10-20,210.77,0.0,0.0,0.0,0.0,0.0,0.0,0,102.46,0.0,39.31,0,210.77,0.0,0.0,0,0.0,0.0,13.45,0.0,0.0,0.0,0.0,0.0
2020-10-27,255.49,0.0,178.72,0.0,0.0,0.0,0.0,0,78.63,0.0,36.31,0,76.77,0.0,0.0,0,0.0,0.0,13.5,0.0,0.0,0.0,0.0,0.0
2020-11-03,154.15,0.0,0.0,0.0,0.0,0.0,0.0,0,48.5,0.0,32.85,0,154.15,0.0,0.0,0,0.0,0.0,13.37,0.0,0.0,0.0,0.0,0.0
2020-11-10,139.6,0.0,66.28,0.0,0.0,0.0,0.0,0,70.69,118.65,29.03,0,73.32,0.0,0.0,0,0.0,0.0,13.5,0.0,0.0,0.0,0.0,0.0
2020-11-17,228.08,0.0,169.28,0.0,0.0,0.0,0.0,0,85.11,0.0,28.25,0,58.8,0.0,0.0,0,0.0,0.0,16.75,0.0,0.0,0.0,0.0,0.0
2020-11-24,250.7,0.0,185.39,0.0,0.0,0.0,0.0,0,79.53,0.0,31.65,0,65.31,3.59,0.0,0,0.0,0.0,11.21,0.0,0.0,0.0,0.0,0.0
2020-12-01,172.55,0.0,0.0,0.0,0.0,0.0,0.0,0,75.77,0.0,30.1,0,172.55,0.0,0.0,0,0.0,0.0,15.63,0.0,0.0,0.0,0.0,0.0
2020-12-08,170.51,0.0,0.0,0.0,0.0,0.0,0.0,0,88.1,0.0,33.97,0,170.51,0.0,0.0,0,0.0,0.0,3.09,0.0,0.0,0.0,0.0,0.0
2020-12-15,153.47,0.0,0.0,0.0,0.0,0.0,0.0,0,71.51,0.0,33.85,0,153.47,0.0,0.0,0,0.0,0.0,11.27,0.0,0.0,0.0,0.0,0.0
2020-12-22,151.77,0.0,0.0,0.0,0.0,0.0,0.0,0,66.75,0.0,25.32,0,151.77,0.0,0.0,0,0.0,0.0,8.9,0.0,0.0,0.0,0.0,0.0
2020-12-29,161.75,0.0,18.69,0.0,0.0,0.0,0.0,0,68.24,0.0,30.98,0,143.06,6.83,0.0,0,0.0,0.0,10.26,0.0,0.0,0.0,0.0,0.0
2021-01-05,72.91,0.0,72.91,0.0,0.0,0.0,0.0,0,68.1,0.0,34.55,0,0.0,0.0,0.0,0,0.0,0.0,11.56,0.0,0.0,0.0,0.0,0.0
2021-01-12,158.36,0.0,158.36,0.0,0.0,0.0,0.0,0,107.05,0.0,33.93,0,0.0,45.74,0.0,0,0.0,1.04,33.36,0.0,0.0,0.0,0.0,0.0
2021-01-19,253.56,0.0,138.93,0.0,0.0,0.0,0.0,0,131.23,0.0,37.12,0,114.63,16.73,0.0,0,0.0,0.46,18.66,0.0,0.0,0.0,0.0,0.0
2021-01-26,20.88,0.0,0.0,0.0,0.0,0.0,0.0,0,58.52,0.0,27.61,0,20.88,11.28,0.0,0,0.0,0.31,10.34,0.0,0.0,0.0,0.0,0.0
2021-02-02,45.1,0.0,45.1,0.0,0.0,0.0,0.0,0,130.56,0.0,30.29,0,0.0,4.41,0.0,0,0.0,0.0,12.48,0.0,0.0,0.0,0.0,0.0
2021-02-09,72.39,0.0,72.39,0.0,0.0,0.0,0.0,0,80.36,0.0,36.35,0,0.0,6.2,0.0,0,0.0,0.0,15.98,0.0,0.0,0.0,0.0,0.0
2021-02-16,72.48,0.0,72.48,0.0,0.0,0.0,0.0,0,77.74,0.0,29.22,0,0.0,1.61,0.0,0,0.0,0.0,9.7,0.0,0.0,0.0,0.0,0.0
2021-02-23,66.06,0.0,66.06,0.0,0.0,0.0,0.0,0,74.25,0.0,32.54,0,0.0,1.59,0.0,0,0.0,0.0,5.35,0.0,0.0,0.0,0.0,0.0
2021-03-02,167.68,0.0,25.96,0.0,0.0,0.0,0.0,0,65.71,0.0,33.21,0,141.72,0.0,0.0,0,0.0,0.0,11.39,0.0,0.0,0.0,0.0,0.0
2021-03-09,1724.41,0.0,1412.15,0.0,0.0,0.0,0.0,0,593.92,0.0,365.62,0,312.26,298.62,0.0,0,0.0,1.37,51.4,0.0,0.0,0.0,0.0,0.0
2021-03-16,256.86,4.59,256.86,0.0,0.0,0.0,0.0,0,162.77,0.0,47.22,0,0.0,65.7,0.0,0,0.0,0.0,11.15,0.0,0.0,0.0,0.0,0.0
2021-03-23,324.75,2.1,222.66,0.0,0.0,0.0,0.0,0,123.91,0.0,50.73,0,102.09,87.17,0.0,0,0.0,0.0,23.27,0.0,0.0,0.0,0.0,0.0
2021-03-30,308.29,2.49,193.04,0.0,0.0,0.0,0.0,0,155.99,0.0,51.32,0,115.25,57.4,0.0,0,0.0,0.0,14.51,0.0,0.0,0.0,0.0,0.0
2021-04-07,304.28,0.0,204.14,0.0,0.0,0.0,0.0,0,143.8,0.0,43.75,0,100.14,36.28,0.0,0,0.0,0.0,3.12,0.0,0.0,0.0,0.0,0.0
2021-04-13,272.69,0.0,166.25,0.0,0.0,0.0,0.0,0,133.44,0.0,46.25,0,106.44,30.85,0.0,0,0.0,0.0,11.16,0.0,0.0,0.0,0.0,0.0
2021-04-20,269.53,0.0,171.82,0.0,0.0,0.0,0.0,0,109.79,0.0,61.06,0,97.71,78.66,0.0,0,0.0,0.0,12.0,0.0,0.0,0.0,0.0,0.0
2021-04-27,286.88,0.0,32.71,0.0,0.0,0.0,0.0,0,120.86,0.0,51.75,0,254.17,81.93,0.0,0,0.0,0.0,10.27,0.0,0.0,0.0,0.0,0.0
2021-05-04,261.32,0.0,0.0,0.0,0.0,0.0,0.0,0,135.24,0.0,99.05,0,261.32,39.53,0.0,0,0.0,0.47,9.09,0.0,0.0,0.0,0.0,0.0
2021-05-11,203.45,0.0,68.85,0.0,0.0,0.0,0.0,0,91.77,0.0,49.88,0,134.6,26.08,0.0,0,0.0,0.0,3.63,0.0,0.0,0.0,0.0,0.0
2021-05-18,208.23,0.0,208.23,0.0,0.0,0.0,0.0,0,78.72,0.0,43.5,0,0.0,24.05,0.0,0,0.0,0.0,1.15,0.0,0.0,0.0,0.0,0.0
2021-05-25,595.51,0.0,485.68,0.0,0.0,0.0,0.0,0,553.59,0.0,95.1,0,109.83,88.82,0.0,0,0.0,1.63,20.17,0.0,0.0,0.0,0.0,0.0
2021-06-01,404.42,0.0,292.23,0.0,0.0,0.0,0.0,0,168.43,0.0,50.63,0,112.19,46.58,40.26,0,0.0,7.51,57.88,0.0,0.0,0.0,0.0,0.0
2021-06-07,317.11,0.0,235.81,0.0,0.0,0.0,0.0,0,138.31,0.0,61.32,0,81.3,47.82,25.52,0,0.0,0.0,13.05,0.0,0.0,0.0,0.0,0.0
2021-06-14,238.61,0.0,238.61,0.0,0.0,0.0,0.0,0,86.99,0.0,84.91,0,0.0,22.53,3.99,0,0.0,0.65,2.86,0.0,0.0,0.0,0.0,0.0
2021-06-21,90.26,0.0,90.26,0.0,0.0,0.0,0.0,0,95.27,0.0,58.23,0,0.0,21.23,1.69,0,0.0,0.0,3.85,0.0,0.0,0.0,0.0,0.0
2021-06-28,168.97,0.0,168.97,0.0,0.0,0.0,0.0,0,57.1,0.0,58.66,0,0.0,15.38,1.14,0,0.0,0.0,6.73,0.0,0.0,0.0,0.0,0.0
2021-07-05,266.89,0.0,193.87,0.0,0.0,0.0,0.0,0,64.48,0.0,118.02,0,73.02,9.32,0.77,0,0.0,0.0,1.57,0.0,0.0,0.0,0.0,0.0
2021-07-12,278.95,0.0,205.93,0.0,0.0,0.0,0.0,0,54.42,0.0,77.7,0,73.02,7.93,1.03,0,0.0,0.0,3.34,0.0,0.0,0.0,0.0,0.0
2021-07-19,194.54,0.0,194.54,0.0,0.0,0.0,0.0,0,74.77,0.0,124.36,0,0.0,2.01,1.82,0,0.0,0.0,3.98,0.0,0.0,0.0,0.0,0.0
2021-07-26,176.81,0.0,176.81,0.0,0.0,0.0,0.0,0,55.7,0.0,89.68,0,0.0,0.05,1.32,0,0.0,0.0,2.58,0.0,0.0,0.0,0.0,0.0
2021-08-02,140.17,0.0,140.17,0.0,0.0,0.0,0.0,0,30.65,0.0,59.0,0,0.0,0.0,1.19,0,0.0,0.0,12.75,0.0,0.0,0.0,0.0,0.0
2021-08-09,86.49,0.0,86.49,0.0,0.0,0.0,0.0,0,56.63,0.0,31.53,0,0.0,0.0,0.0,0,0.0,0.0,4.02,0.0,0.0,0.0,0.0,0.0
2021-08-23,126.04,0.0,126.04,0.0,0.0,0.0,0.0,0,63.5,0.0,86.96,0,0.0,0.0,0.0,0,0.0,0.0,1.53,0.0,0.0,0.0,0.0,0.0
2021-08-24,105.94,0.0,105.94,0.0,0.0,0.0,0.0,0,0.0,0.0,0.0,0,0.0,0.0,0.0,0,0.0,0.0,0.0,0.0,0.0,0.0,0.0,0.0
2021-08-25,99.47,0.0,99.47,0.0,0.0,0.0,0.0,0,0.0,0.0,0.0,0,0.0,0.0,0.0,0,0.0,0.0,0.0,0.0,0.0,0.0,0.0,0.0
2021-08-26,59.17,0.0,59.17,0.0,0.0,0.0,0.0,0,0.0,0.0,0.0,0,0.0,0.0,0.0,0,0.0,0.0,0.0,0.0,0.0,0.0,0.0,0.0
2021-08-27,57.42,0.0,57.42,0.0,0.0,0.0,0.0,0,0.0,0.0,0.0,0,0.0,0.0,0.0,0,0.0,0.0,0.0,0.0,0.0,0.0,0.0,0.0
2021-08-28,76.7,0.0,76.7,0.0,0.0,0.0,0.0,0,0.0,0.0,0.0,0,0.0,0.0,0.0,0,0.0,0.0,0.0,0.0,0.0,0.0,0.0,0.0
2021-08-29,45.72,0.0,45.72,0.0,0.0,0.0,0.0,0,0.0,0.0,0.0,0,0.0,0.0,0.0,0,0.0,0.0,0.0,0.0,0.0,0.0,0.0,0.0
2021-08-30,48.26,0.0,48.26,0.0,0.0,0.0,0.0,0,85.67,0.0,27.97,0,0.0,0.0,0.0,0,0.0,0.0,1.93,0.0,0.0,0.0,0.0,0.0
2021-08-31,56.49,0.0,56.49,0.0,0.0,0.0,0.0,0,0.0,0.0,0.0,0,0.0,0.0,0.0,0,0.0,0.0,0.0,0.0,0.0,0.0,0.0,0.0
2021-09-01,51.06,0.0,51.06,0.0,0.0,0.0,0.0,0,0.0,0.0,0.0,0,0.0,0.0,0.0,0,0.0,0.0,0.0,0.0,0.0,0.0,0.0,0.0
2021-09-02,58.24,0.0,58.24,0.0,0.0,0.0,0.0,0,0.0,0.0,0.0,0,0.0,0.0,0.0,0,0.0,0.0,0.0,0.0,0.0,0.0,0.0,0.0
2021-09-03,95.24,0.0,95.24,0.0,0.0,0.0,0.0,0,0.0,0.0,0.0,0,0.0,0.0,0.0,0,0.0,0.0,0.0,0.0,0.0,0.0,0.0,0.0
2021-09-04,64.03,0.0,64.03,0.0,0.0,0.0,0.0,0,0.0,0.0,0.0,0,0.0,0.0,0.0,0,0.0,0.0,0.0,0.0,0.0,0.0,0.0,0.0
2021-09-05,42.96,0.0,42.96,0.0,0.0,0.0,0.0,0,0.0,0.0,0.0,0,0.0,0.0,0.0,0,0.0,0.0,0.0,0.0,0.0,0.0,0.0,0.0
2021-09-06,73.62,0.0,73.62,92.14,0.0,0.0,0.0,0,41.59,0.0,39.57,0,0.0,0.0,0.0,0,0.0,0.0,3.87,0.0,0.0,0.0,0.0,0.0
2021-09-07,55.15,0.0,55.15,96.0,50.19,40.06,0.0,0,42.93,0.0,0.0,0,0.0,0.0,0.0,0,0.0,0.0,0.0,0.0,0.0,0.0,0.0,0.0
2021-09-08,59.16,0.0,59.16,125.65,30.88,4.05,0.0,0,67.62,0.0,0.0,0,0.0,0.0,0.0,0,0.0,0.0,0.0,0.0,0.0,0.0,0.0,0.0
2021-09-09,55.32,0.0,55.32,98.32,25.51,3.4,0.0,0,51.14,0.0,0.0,0,0.0,0.0,0.0,0,0.0,0.0,0.0,0.0,0.0,0.0,0.0,0.0
2021-09-10,53.38,0.0,53.38,97.36,27.85,3.79,0.0,0,35.55,0.0,0.0,0,0.0,0.0,0.0,0,0.0,0.0,0.0,0.0,0.0,0.0,0.0,0.0
2021-09-11,46.06,0.0,46.06,0.0,0.0,0.0,0.0,0,0.0,0.0,0.0,0,0.0,0.0,0.0,0,0.0,0.0,0.0,0.0,0.0,0.0,0.0,0.0
2021-09-12,50.99,0.0,50.99,0.0,0.0,0.0,0.0,0,0.0,0.0,0.0,0,0.0,0.0,0.0,0,0.0,0.0,0.0,0.0,0.0,0.0,0.0,0.0
2021-09-13,47.59,0.0,47.59,149.05,28.67,2.9,0.0,0,49.24,0.0,38.26,0,0.0,0.0,0.0,0,0.0,0.0,0.71,0.0,0.0,0.0,0.0,0.0
2021-09-14,51.91,0.0,51.91,190.74,35.92,4.46,0.0,0,136.24,0.0,0.0,0,0.0,0.0,0.0,0,0.0,0.0,0.0,0.0,0.0,0.0,0.0,0.0
2021-09-15,65.29,0.0,65.29,160.25,33.63,3.76,0.0,0,97.98,0.0,0.0,0,0.0,0.0,0.0,0,0.0,0.0,0.0,0.0,0.0,0.0,0.0,0.0
2021-09-16,70.47,0.0,70.47,122.21,35.36,2.39,0.0,0,92.36,0.0,0.0,0,0.0,0.0,0.0,0,0.0,0.0,0.0,0.0,0.0,0.0,0.0,0.0
2021-09-17,59.25,0.0,59.25,104.02,31.51,4.68,0.0,0,74.74,0.0,0.0,0,0.0,0.0,0.0,0,0.0,0.0,0.0,0.0,0.0,0.0,0.0,0.0
2021-09-18,37.65,0.0,37.65,0.0,0.0,0.0,0.0,0,0.0,0.0,0.0,0,0.0,0.0,0.0,0,0.0,0.0,0.0,0.0,0.0,0.0,0.0,0.0
2021-09-19,63.42,0.0,63.42,0.0,0.0,0.0,0.0,0,0.0,0.0,0.0,0,0.0,0.0,0.0,0,0.0,0.0,0.0,0.0,0.0,0.0,0.0,0.0
2021-09-20,62.6,0.0,62.6,0.0,0.0,0.0,0.0,0,52.35,0.0,35.73,0,0.0,0.0,0.0,0,0.0,0.0,3.49,0.0,0.0,0.0,0.0,0.0
2021-09-23,84.52,0.0,84.52,0.0,0.0,0.0,0.0,0,73.22,0.0,0.0,0,0.0,0.0,0.0,0,0.0,0.0,3.74,0.0,0.0,0.0,0.0,0.0
2021-09-30,64.76,0.0,64.76,0.0,0.0,0.0,0.0,0,70.67,0.0,0.0,0,0.0,0.0,0.0,0,0.0,0.0,3.88,4.99,0.0,0.0,5.83,0.0
2021-10-08,58.19,0.0,58.19,0.0,0.0,0.0,0.0,0,50.63,0.0,0.0,0,0.0,0.0,0.0,0,0.0,0.0,3.29,6.46,0.0,0.0,4.45,0.0
2021-10-15,60.28,0.0,60.28,0.0,0.0,0.0,0.0,0,61.59,0.0,0.0,0,0.0,0.0,0.0,0,0.0,0.0,4.36,5.34,0.0,0.0,3.81,0.0
2021-10-22,83.58,0.0,83.58,0.0,0.0,0.0,0.0,0,79.19,0.0,0.0,0,0.0,0.0,0.0,0,0.0,0.0,4.32,7.7,0.0,0.0,5.22,0.0
2021-10-28,114.71,0.0,114.71,0.0,0.0,0.0,0.0,0,74.02,0.0,0.0,0,0.0,0.0,0.0,0,0.0,0.0,6.12,11.36,0.0,0.0,2.28,0.0
2021-11-05,86.84,0.0,86.84,0.0,0.0,0.0,0.0,0,70.43,0.0,0.0,0,0.0,0.0,0.0,0,0.0,0.0,10.37,4.56,0.0,0.0,5.95,0.0
2021-11-11,134.82,0.0,134.82,0.0,0.0,0.0,0.0,0,85.76,0.0,0.0,0,0.0,0.0,0.0,0,0.0,0.0,6.07,11.64,0.0,0.0,5.95,0.0
2021-11-18,97.57,0.0,97.57,0.0,0.0,0.0,0.0,0,79.42,0.0,0.0,0,0.0,0.0,0.0,0,0.0,0.0,3.28,9.25,0.0,0.0,2.63,0.0
2021-11-25,275.62,0.0,275.62,0.0,0.0,0.0,0.0,0,137.0,0.0,0.0,0,0.0,42.48,101.86,0,0.0,0.0,41.81,31.78,0.0,0.0,5.14,0.0
2021-12-02,187.16,0.0,187.16,0.0,0.0,0.0,0.0,0,104.6,0.0,0.0,0,0.0,26.56,28.02,0,0.0,0.0,22.57,10.5,0.0,0.0,1.41,0.0
2021-12-10,152.9,0.0,152.9,0.0,0.0,0.0,0.0,0,135.68,0.0,0.0,0,0.0,24.95,18.72,0,0.0,1.07,16.88,12.36,0.0,0.13,3.25,0.0
2021-12-17,165.93,0.0,165.93,0.0,0.0,0.0,0.0,0,138.13,0.0,0.0,0,0.0,19.72,9.61,0,0.0,0.0,14.52,7.51,0.0,0.0,3.48,0.0
2021-12-23,183.03,0.0,183.03,0.0,0.0,0.0,0.0,0,149.63,0.0,0.0,0,0.0,22.26,6.7,0,0.0,0.0,13.85,11.31,0.0,0.46,4.99,0.0
2021-12-30,107.95,0.0,107.95,0.0,0.0,0.0,0.0,0,77.89,0.0,0.0,0,0.0,27.48,5.28,0,0.0,0.0,13.83,6.78,0.0,0.0,8.07,0.0
2022-01-04,101.4,0.0,101.4,0.0,0.0,0.0,0.0,0,73.64,0.0,0.0,0,0.0,30.87,7.44,0,0.0,0.0,6.5,9.05,0.0,1.5,10.1,0.0
2022-01-13,67.17,0.0,67.17,0.0,0.0,0.0,0.0,0,86.59,0.0,0.0,0,0.0,28.75,2.85,0,0.0,0.0,3.26,25.92,1.49,0.3,5.44,0.0
2022-01-20,70.79,0.0,70.79,0.0,0.0,0.0,0.0,0,69.63,0.0,0.0,0,0.0,25.42,2.37,0,0.0,0.0,7.56,9.55,0.81,0.88,7.3,0.0
2022-01-25,80.83,0.0,80.83,0.0,0.0,0.0,0.0,0,73.39,0.0,0.0,0,0.0,28.43,4.8,0,0.0,0.72,7.03,23.94,1.39,0.36,5.92,0.0
2022-02-02,76.66,0.0,76.66,0.0,0.0,0.0,0.0,0,65.75,0.0,0.0,0,0.0,25.98,4.13,0,0.0,0.08,8.77,7.91,1.06,0.43,9.86,0.0
2022-02-10,104.97,0.0,104.97,0.0,0.0,0.0,0.0,0,117.47,0.0,0.0,0,0.0,22.25,4.65,0,0.0,0.0,8.04,7.55,0.5,0.0,6.82,0.0
2022-02-16,96.49,0.0,96.49,0.0,0.0,0.0,0.0,0,35.8,0.0,0.0,0,0.0,22.3,1.64,0,0.0,0.0,5.14,5.57,0.82,0.1,8.88,0.0
2022-02-24,70.72,0.0,70.72,0.0,0.0,0.0,0.0,0,96.17,0.0,0.0,0,0.0,23.03,1.59,0,0.0,0.0,7.46,5.48,0.57,0.14,9.5,35.58
2022-03-02,141.14,0.0,141.14,0.0,0.0,0.0,0.0,0,111.66,0.0,0.0,0,0.0,22.77,0.56,0,0.0,0.0,9.37,5.52,0.44,0.0,8.88,0.0
2022-03-10,124.32,0.0,124.32,0.0,0.0,0.0,0.0,0,100.23,0.0,0.0,0,0.0,36.47,27.57,0,0.0,0.14,7.84,16.19,2.09,0.31,6.76,33.29
2022-03-15,77.71,0.0,77.71,0.0,0.0,0.0,0.0,0,98.33,0.0,0.0,0,0.0,36.56,18.53,0,0.0,0.0,42.4,9.54,0.0,0.49,3.27,0.0
2022-03-24,1277.87,0.0,1277.87,0.0,0.0,0.0,0.0,0,398.73,0.0,0.0,0,0.0,207.73,215.63,0,0.0,3.46,15.74,43.26,0.0,5.5,15.7,0.0
2022-03-31,1036.08,0.0,931.38,0.0,0.0,0.0,0.0,0,383.92,0.0,0.0,0,104.7,172.25,138.13,0,0.0,3.56,30.02,88.87,2.52,1.71,8.29,0.0
2022-04-06,928.42,0.0,919.07,0.0,0.0,0.0,0.0,0,422.44,0.0,0.0,0,9.35,166.69,538.13,0,8.41,8.26,103.78,128.17,12.5,13.69,23.52,0.0
2022-04-11,1140.39,0.0,1110.29,0.0,0.0,0.0,0.0,0,467.9,0.0,0.0,0,30.1,169.85,129.71,0,0.0,4.05,112.03,31.9,0.0,0.6,6.87,0.0
2022-04-21,1484.99,0.0,1484.99,0.0,0.0,0.0,0.0,0,524.36,0.0,0.0,0,0.0,174.2,122.05,0,0.0,1.52,32.33,66.96,10.5,1.17,16.52,0.0
2022-04-27,630.34,0.0,630.34,0.0,0.0,0.0,0.0,0,279.67,0.0,0.0,0,0.0,102.73,91.03,0,0.0,2.27,30.57,15.13,4.78,0.34,12.5,0.0
2022-05-05,1121.72,0.0,1097.79,0.0,0.0,0.0,0.0,0,555.1,0.0,0.0,0,23.93,121.01,98.41,0,0.0,0.31,70.88,52.87,9.11,0.22,7.98,0.0
2022-05-12,542.28,0.0,542.28,0.0,0.0,0.0,0.0,0,232.67,0.0,0.0,0,0.0,89.39,56.66,0,0.0,2.2,35.35,23.67,1.86,0.0,4.63,0.0
2022-05-19,463.92,0.0,463.92,0.0,0.0,0.0,0.0,0,179.14,0.0,0.0,0,0.0,68.17,46.88,0,0.0,0.4,27.25,20.19,1.56,0.0,8.58,0.0
2022-05-26,296.7,0.0,296.7,0.0,0.0,0.0,0.0,0,154.55,0.0,0.0,0,0.0,48.0,56.33,0,0.0,0.17,23.25,5.31,1.38,0.36,4.45,0.0
2022-06-02,153.5,0.0,153.5,0.0,0.0,0.0,0.0,0,143.11,0.0,0.0,0,0.0,61.97,52.01,0,0.0,0.24,36.15,9.06,3.84,0.71,10.98,0.0
2022-06-03,226.06,0.0,226.06,0.0,0.0,0.0,0.0,0,163.32,0.0,0.0,0,0.0,23.91,54.64,0,0.0,0.0,74.28,8.58,5.73,0.0,12.73,0.0
2022-06-04,180.49,0.0,180.49,0.0,0.0,0.0,0.0,0,150.3,0.0,0.0,0,0.0,20.22,68.58,0,0.0,0.0,90.98,15.12,9.32,0.0,16.07,0.0
2022-06-05,174.06,0.0,174.06,0.0,0.0,0.0,0.0,0,141.58,0.0,0.0,0,0.0,20.79,64.98,0,0.0,0.0,77.13,17.63,5.88,0.0,13.12,0.0
2022-06-06,140.48,0.0,140.48,0.0,0.0,0.0,0.0,0,129.32,0.0,0.0,0,0.0,19.0,38.8,0,0.0,0.0,62.31,10.4,4.17,0.0,10.3,0.0
2022-06-07,220.2,0.0,220.2,0.0,0.0,0.0,0.0,0,133.64,0.0,0.0,0,0.0,41.97,24.28,0,0.0,0.0,43.65,12.91,3.74,0.0,13.9,0.0
2022-06-08,239.8,0.0,239.8,0.0,0.0,0.0,133.64,0,119.04,0.0,0.0,0,0.0,24.61,5.99,0,0.0,0.0,18.68,9.98,2.23,0.0,12.45,0.0
2022-06-09,194.67,0.0,194.67,0.0,0.0,0.0,0.0,0,80.82,0.0,0.0,0,0.0,23.38,6.51,0,0.0,0.0,18.0,1.89,2.07,0.0,14.8,0.0
2022-06-10,275.79,0.0,275.79,0.0,0.0,0.0,0.0,0,102.3,0.0,0.0,0,0.0,22.73,3.38,0,0.0,0.0,30.94,14.61,1.5,0.0,16.92,0.0
2022-06-11,301.72,0.0,301.72,0.0,0.0,0.0,0.0,0,126.31,0.0,0.0,0,0.0,26.15,6.46,0,0.0,0.0,20.93,12.05,2.81,0.0,0.21,0.0
2022-06-12,318.2,0.0,318.2,0.0,0.0,0.0,0.0,0,86.12,0.0,0.0,0,0.0,23.95,0.63,0,0.0,0.0,33.84,8.31,2.7,0.0,11.65,0.0
2022-06-13,262.3,0.0,262.3,0.0,0.0,0.0,0.0,0,71.79,0.0,0.0,0,0.0,32.99,8.3,0,0.0,0.0,19.66,10.28,2.8,0.0,4.35,0.0
2022-06-14,232.9,0.0,232.9,0.0,0.0,0.0,0.0,0,89.64,0.0,0.0,0,0.0,22.15,0.0,0,0.0,0.0,17.67,7.02,1.44,0.0,5.76,0.0
2022-06-15,193.6,0.0,193.6,0.0,0.0,0.0,0.0,0,62.32,0.0,0.0,0,0.0,17.13,0.0,0,0.0,0.0,25.48,9.8,0.0,0.0,8.6,0.0
2022-06-16,319.99,0.0,281.55,0.0,0.0,0.0,0.0,0,79.97,0.0,0.0,0,38.44,16.31,0.0,0,0.0,0.0,14.44,11.6,0.0,0.0,15.4,0.0
2022-06-17,202.8,0.0,202.8,0.0,0.0,0.0,0.0,0,102.53,0.0,0.0,0,0.0,18.85,0.0,0,0.0,0.0,11.32,5.85,0.0,0.0,9.6,0.0
2022-06-18,198.2,0.0,198.2,0.0,0.0,0.0,0.0,0,94.56,0.0,0.0,0,0.0,18.4,0.0,0,0.0,0.0,11.7,4.75,0.0,0.0,10.0,0.0
2022-06-19,277.6,0.0,277.6,0.0,0.0,0.0,0.0,0,107.88,0.0,0.0,0,0.0,19.08,0.0,0,0.0,0.0,10.92,9.5,0.0,0.0,12.81,0.0
2022-06-20,264.55,0.0,264.55,0.0,0.0,0.0,0.0,0,79.7,0.0,0.0,0,0.0,17.81,0.0,0,0.0,0.0,8.69,6.98,0.0,0.0,11.76,0.0
2022-06-21,297.3,0.0,297.3,0.0,0.0,0.0,0.0,0,102.79,0.0,0.0,0,0.0,16.97,0.0,0,0.0,0.0,7.74,11.85,0.0,0.0,7.35,0.0
2022-06-22,342.0,0.0,342.0,0.0,0.0,0.0,0.0,0,73.8,0.0,0.0,0,0.0,15.49,0.0,0,0.0,0.0,18.56,5.66,0.0,0.0,7.5,0.0
2022-06-23,319.0,0.0,319.0,0.0,0.0,0.0,0.0,0,68.89,0.0,0.0,0,0.0,14.92,0.0,0,0.0,0.0,21.59,7.21,0.0,0.0,4.08,0.0
2022-06-24,337.6,0.0,337.6,0.0,0.0,0.0,0.0,0,54.25,0.0,0.0,0,0.0,7.54,0.0,0,0.0,0.0,13.86,5.0,0.0,0.0,11.0,0.0
2022-06-25,342.47,0.0,319.8,0.0,0.0,0.0,0.0,0,64.02,0.0,0.0,0,22.67,10.55,0.0,0,0.0,0.0,10.48,9.84,0.0,0.0,7.8,0.0
2022-06-26,331.45,0.0,314.1,0.0,0.0,0.0,0.0,0,69.92,0.0,0.0,0,17.35,10.71,0.0,0,0.0,0.0,9.16,3.36,0.0,0.0,7.44,0.0
2022-06-27,326.4,0.0,326.4,0.0,0.0,0.0,0.0,0,99.27,0.0,0.0,0,0.0,14.3,0.0,0,0.0,0.0,9.08,2.64,0.0,0.0,8.7,0.0
2022-06-28,254.63,0.0,242.4,0.0,0.0,0.0,0.0,0,80.84,0.0,0.0,0,12.23,7.83,0.0,0,0.0,0.0,6.52,3.39,0.0,0.0,6.12,0.0
2022-06-29,352.44,0.0,334.5,0.0,0.0,0.0,0.0,0,91.56,0.0,0.0,0,17.94,8.31,0.0,0,0.0,0.0,12.16,2.07,0.0,0.0,14.74,0.0
2022-06-30,342.62,0.0,320.7,0.0,0.0,0.0,0.0,0,75.77,0.0,0.0,0,21.92,10.1,0.0,0,0.0,0.0,19.17,3.36,0.0,0.0,13.2,0.0
2022-07-01,320.23,0.0,317.1,0.0,0.0,0.0,0.0,0,71.41,0.0,0.0,0,3.13,8.3,0.0,0,0.0,0.0,13.92,2.42,0.0,0.0,18.72,0.0
2022-07-02,217.6,0.0,217.6,0.0,0.0,0.0,0.0,0,65.19,0.0,0.0,0,0.0,8.49,0.0,0,0.0,0.0,8.45,1.68,0.0,0.0,8.0,0.0
2022-07-03,235.6,0.0,235.6,0.0,0.0,0.0,0.0,0,64.06,0.0,0.0,0,0.0,8.76,0.0,0,0.0,0.0,9.75,2.1,0.0,0.0,8.96,0.0
2022-07-04,244.6,0.0,244.6,0.0,0.0,0.0,0.0,0,80.55,0.0,0.0,0,0.0,8.93,0.0,0,0.0,0.0,6.89,4.38,0.0,0.0,9.44,0.0
2022-07-05,253.88,0.0,253.88,0.0,0.0,0.0,0.0,0,95.71,0.0,0.0,0,0.0,8.86,0.0,0,0.0,0.0,9.67,7.43,13.47,0.0,12.75,0.0
2022-07-06,273.44,0.0,273.44,0.0,0.0,0.0,0.0,0,185.59,0.0,0.0,0,0.0,8.52,0.0,0,0.0,0.0,6.53,9.22,0.0,0.0,13.2,0.0
2022-07-07,178.84,0.0,178.84,0.0,0.0,0.0,0.0,0,96.34,0.0,0.0,0,0.0,7.16,0.0,0,0.0,0.0,14.86,15.23,0.0,0.0,10.94,0.0
2022-07-08,229.16,0.0,229.16,0.0,0.0,0.0,0.0,0,82.04,0.0,0.0,0,0.0,7.83,0.0,0,0.0,0.0,7.66,11.08,0.0,0.0,10.94,0.0
2022-07-09,245.43,0.0,245.43,0.0,0.0,0.0,0.0,0,84.2,0.0,0.0,0,0.0,7.49,0.0,0,0.0,0.0,6.99,8.0,0.0,0.0,15.88,0.0
2022-07-10,218.85,0.0,218.85,0.0,0.0,0.0,0.0,0,74.12,0.0,0.0,0,0.0,7.03,0.0,0,0.0,0.0,5.27,6.29,0.0,0.0,10.28,0.0
2022-07-11,224.92,0.0,224.92,0.0,0.0,0.0,0.0,0,69.41,0.0,0.0,0,0.0,8.53,0.0,0,0.0,0.0,7.27,6.74,0.0,0.0,13.95,0.0
2022-07-12,215.01,0.0,215.01,0.0,0.0,0.0,0.0,0,94.02,0.0,0.0,0,0.0,6.33,0.0,0,0.0,0.0,6.31,4.74,0.0,0.0,5.07,0.0
2022-07-13,205.47,0.0,205.47,0.0,0.0,0.0,0.0,0,95.34,0.0,0.0,0,0.0,7.03,0.0,0,0.0,0.0,13.3,6.17,0.0,0.0,6.03,0.0
2022-07-14,209.0,0.0,209.0,0.0,0.0,0.0,0.0,0,68.14,0.0,0.0,0,0.0,4.87,0.0,0,0.0,0.0,7.41,6.83,0.0,0.0,8.7,0.0
2022-07-15,195.48,0.0,195.48,0.0,0.0,0.0,0.0,0,63.13,0.0,0.0,0,0.0,5.27,0.0,0,0.0,0.0,6.79,6.65,0.0,0.0,9.0,0.0
2022-07-16,203.31,0.0,203.31,0.0,0.0,0.0,0.0,0,56.79,0.0,0.0,0,0.0,8.31,0.0,0,0.0,0.0,8.58,5.93,0.0,0.0,11.88,0.0
2022-07-17,127.66,0.0,127.66,0.0,0.0,0.0,0.0,0,44.61,0.0,0.0,0,0.0,6.51,0.0,0,0.0,0.0,8.03,5.49,0.0,0.0,9.96,0.0
2022-07-18,155.92,0.0,155.92,0.0,0.0,0.0,0.0,0,72.65,0.0,0.0,0,0.0,4.85,0.0,0,0.0,0.0,4.92,5.13,0.0,0.0,6.34,0.0
2022-07-19,165.84,0.0,165.84,0.0,0.0,0.0,0.0,0,63.02,0.0,0.0,0,0.0,5.57,0.0,0,0.0,0.0,4.76,4.99,0.0,0.0,10.0,0.0
2022-07-20,197.8,0.0,197.8,0.0,0.0,0.0,0.0,0,58.03,0.0,0.0,0,0.0,4.48,0.0,0,0.0,0.0,4.05,4.97,0.0,0.0,9.88,0.0
2022-07-21,197.03,0.0,197.03,0.0,0.0,0.0,0.0,0,59.76,0.0,0.0,0,0.0,3.75,0.0,0,0.0,0.0,9.3,4.2,0.0,0.0,8.73,0.0
2022-07-22,145.92,0.0,145.92,0.0,0.0,0.0,0.0,0,70.42,0.0,0.0,0,0.0,3.91,0.0,0,0.0,0.0,5.72,5.94,0.0,0.0,7.46,0.0
2022-07-23,166.53,0.0,166.53,0.0,0.0,0.0,0.0,0,73.62,0.0,0.0,0,0.0,4.11,0.0,0,0.0,0.0,7.89,6.41,0.0,0.0,6.28,0.0
2022-07-24,139.2,0.0,139.2,0.0,0.0,0.0,0.0,0,67.79,0.0,0.0,0,0.0,4.07,0.0,0,0.0,0.0,8.1,4.55,0.0,0.0,6.32,0.0
2022-07-25,166.53,0.0,166.53,0.0,0.0,0.0,0.0,0,58.75,0.0,0.0,0,0.0,4.09,0.0,0,0.0,0.0,8.27,3.48,0.0,0.0,8.61,0.0
2022-07-26,145.99,0.0,145.99,0.0,0.0,0.0,0.0,0,62.18,0.0,0.0,0,0.0,4.35,0.0,0,0.0,0.0,7.79,4.2,0.0,0.0,7.77,0.0
2022-07-27,163.66,0.0,163.66,0.0,0.0,0.0,0.0,0,66.12,0.0,0.0,0,0.0,3.84,0.0,0,0.0,0.0,3.65,4.73,0.0,0.0,8.92,10.51
2022-07-28,181.58,0.0,181.58,0.0,0.0,0.0,0.0,0,62.61,0.0,0.0,0,0.0,5.38,0.0,0,0.0,0.0,8.44,6.25,0.0,0.0,9.32,0.0
2022-07-29,166.55,0.0,166.55,0.0,0.0,0.0,0.0,0,62.46,0.0,0.0,0,0.0,6.63,0.0,0,0.0,0.0,7.37,8.34,0.0,0.0,13.38,0.0
2022-07-30,176.4,0.0,176.4,0.0,0.0,0.0,0.0,0,64.64,0.0,0.0,0,0.0,5.37,0.0,0,0.0,0.0,7.76,7.87,0.0,0.0,10.82,0.0
2022-07-31,116.69,0.0,116.69,0.0,0.0,0.0,0.0,0,58.34,0.0,0.0,0,0.0,5.16,0.0,0,0.0,0.0,7.2,7.44,0.0,0.0,9.77,0.0
2022-08-01,122.49,0.0,122.49,0.0,0.0,0.0,0.0,0,63.76,0.0,0.0,0,0.0,3.74,0.0,0,0.0,0.0,7.93,6.38,0.0,0.0,7.9,0.0
2022-08-02,157.41,0.0,157.41,0.0,0.0,0.0,0.0,0,57.25,0.0,0.0,0,0.0,3.31,0.0,0,0.0,0.0,6.4,3.06,0.0,0.0,7.0,0.0
2022-08-03,152.28,0.0,152.28,0.0,0.0,0.0,0.0,0,61.66,0.0,0.0,0,0.0,0.0,0.0,0,0.0,0.0,9.21,5.73,0.0,0.0,9.5,6.59
2022-08-04,148.02,0.0,148.02,0.0,0.0,0.0,0.0,0,62.68,0.0,0.0,0,0.0,0.0,0.0,0,0.0,0.0,8.53,7.7,0.0,0.0,10.39,0.0
2022-08-05,153.18,0.0,153.18,0.0,0.0,0.0,0.0,0,64.58,0.0,0.0,0,0.0,0.0,0.0,0,0.0,0.0,8.67,8.34,0.0,0.0,10.26,0.0
2022-08-06,137.28,0.0,137.28,0.0,0.0,0.0,0.0,0,69.36,0.0,0.0,0,0.0,0.0,0.0,0,0.0,0.0,7.61,6.69,0.0,0.0,9.51,0.0
2022-08-07,133.5,0.0,0.0,0.0,0.0,0.0,0.0,0,67.13,0.0,0.0,0,0.0,0.0,0.0,0,0.0,0.0,8.51,7.92,0.0,0.0,8.61,0.0
2022-08-08,164.49,0.0,164.49,0.0,0.0,0.0,0.0,0,62.9,0.0,0.0,0,0.0,0.0,0.0,0,0.0,0.0,7.03,5.28,0.0,0.0,8.67,0.0
2022-08-09,144.96,0.0,144.96,0.0,0.0,0.0,0.0,0,60.05,0.0,0.0,0,0.0,0.0,0.0,0,0.0,0.0,5.79,5.64,0.0,0.0,6.94,0.0
2022-08-10,143.28,0.0,143.28,0.0,0.0,0.0,0.0,0,63.92,0.0,0.0,0,0.0,0.0,0.0,0,0.0,0.0,7.5,7.53,0.0,0.0,10.31,9.09
2022-08-11,151.44,0.0,151.44,0.0,0.0,0.0,0.0,0,65.27,0.0,0.0,0,0.0,0.0,0.0,0,0.0,0.0,8.73,8.69,0.0,0.0,7.95,0.0
2022-08-12,154.4,0.0,154.4,0.0,0.0,0.0,0.0,0,66.25,0.0,0.0,0,0.0,0.0,0.0,0,0.0,0.0,7.52,6.65,0.0,0.0,6.95,0.0
2022-08-13,150.23,0.0,150.23,0.0,0.0,0.0,0.0,0,65.05,0.0,0.0,0,0.0,0.0,0.0,0,0.0,0.0,7.67,7.47,0.0,0.0,7.08,0.0
2022-08-14,141.63,0.0,141.63,0.0,0.0,0.0,0.0,0,61.86,0.0,0.0,0,0.0,0.0,0.0,0,0.0,0.0,6.34,6.47,0.0,0.0,6.24,0.0
2022-08-15,188.7,0.0,188.7,0.0,0.0,0.0,0.0,0,57.06,0.0,0.0,0,0.0,0.0,0.0,0,0.0,0.0,5.73,6.17,0.0,0.0,6.18,0.0
2022-08-16,198.53,0.0,198.53,0.0,0.0,0.0,0.0,0,67.18,0.0,0.0,0,0.0,0.0,0.0,0,0.0,0.0,5.62,5.75,0.0,0.0,6.65,0.0
2022-08-17,123.55,0.0,123.55,0.0,0.0,0.0,0.0,0,57.35,0.0,0.0,0,0.0,0.0,0.0,0,0.0,0.0,6.98,3.53,0.0,0.0,6.37,8.84
2022-08-18,123.9,0.0,123.9,0.0,0.0,0.0,0.0,0,56.76,0.0,0.0,0,0.0,0.0,0.0,0,0.0,0.0,5.95,5.39,0.0,0.0,7.65,0.0
2022-08-19,111.2,0.0,111.2,0.0,0.0,0.0,0.0,0,54.31,0.0,0.0,0,0.0,0.0,0.0,0,0.0,0.0,6.18,4.68,0.0,0.0,6.08,0.0
2022-08-20,106.15,0.0,106.15,0.0,0.0,0.0,0.0,0,42.03,0.0,0.0,0,0.0,0.0,0.0,0,0.0,0.0,6.09,3.84,0.0,0.0,5.77,0.0
2022-08-21,102.1,0.0,102.1,0.0,0.0,0.0,0.0,0,37.08,0.0,0.0,0,0.0,0.0,0.0,0,0.0,0.0,5.57,3.73,0.0,0.0,7.25,0.0
2022-08-22,87.75,0.0,87.75,0.0,0.0,0.0,0.0,0,37.59,0.0,0.0,0,0.0,0.0,0.0,0,0.0,0.0,4.74,3.62,0.0,0.0,11.64,0.0
2022-08-23,101.5,0.0,101.5,0.0,0.0,0.0,0.0,0,37.06,0.0,0.0,0,0.0,0.0,0.0,0,0.0,0.0,4.91,4.74,0.0,0.0,17.56,0.0
2022-08-24,107.5,0.0,107.5,0.0,0.0,0.0,0.0,0,52.87,0.0,0.0,0,0.0,0.0,0.0,0,0.0,0.0,7.21,4.48,0.0,0.0,20.86,19.3
2022-08-25,100.67,0.0,100.67,0.0,0.0,0.0,0.0,0,50.68,0.0,0.0,0,0.0,0.0,0.0,0,0.0,0.0,6.76,4.35,0.0,0.0,16.61,0.0
2022-08-26,112.15,0.0,112.15,0.0,0.0,0.0,0.0,0,51.19,0.0,0.0,0,0.0,0.0,0.0,0,0.0,0.0,7.06,4.94,0.0,0.0,22.03,0.0
2022-08-27,103.75,0.0,103.75,0.0,0.0,0.0,0.0,0,48.2,0.0,0.0,0,0.0,0.0,0.0,0,0.0,0.0,6.99,8.77,0.0,0.0,32.48,0.0
2022-08-28,108.3,0.0,108.3,0.0,0.0,0.0,0.0,0,44.18,0.0,0.0,0,0.0,0.0,0.0,0,0.0,0.0,6.32,7.29,0.0,0.0,25.22,0.0
2022-08-29,99.5,0.0,99.5,0.0,0.0,0.0,0.0,0,45.11,0.0,0.0,0,0.0,0.0,0.0,0,0.0,0.0,6.29,11.9,0.0,0.0,37.84,0.0
2022-08-30,101.94,0.0,101.94,0.0,0.0,0.0,0.0,0,48.63,0.0,0.0,0,0.0,0.0,0.0,0,0.0,0.0,7.91,10.73,0.0,0.0,17.68,0.0
2022-08-31,112.7,0.0,112.7,0.0,0.0,0.0,0.0,0,47.65,0.0,0.0,0,0.0,0.0,0.0,0,0.0,0.0,9.31,12.95,0.0,0.0,24.73,12.71
2022-09-01,110.55,0.0,110.55,0.0,0.0,0.0,0.0,0,41.6,0.0,0.0,0,0.0,0.0,0.0,0,0.0,0.0,6.54,9.76,0.0,0.0,20.1,0.0
2022-09-02,92.07,0.0,92.07,0.0,0.0,0.0,0.0,0,34.76,0.0,0.0,0,0.0,0.0,0.0,0,0.0,0.0,8.4,9.25,0.0,0.0,25.82,0.0
2022-09-03,106.25,0.0,106.25,0.0,0.0,0.0,0.0,0,39.45,0.0,0.0,0,0.0,0.0,0.0,0,0.0,0.0,9.34,8.57,0.0,0.0,21.42,0.0
2022-09-04,97.43,0.0,97.43,0.0,0.0,0.0,0.0,0,38.22,0.0,0.0,0,0.0,0.0,0.0,0,0.0,0.0,8.77,8.02,0.0,0.0,23.06,0.0
2022-09-07,111.5,0.0,111.5,0.0,0.0,0.0,0.0,0,25.86,0.0,0.0,0,0.0,0.0,0.0,0,0.0,0.0,12.96,7.09,0.0,0.0,17.98,17.51
2022-09-08,70.24,0.0,70.24,0.0,0.0,0.0,0.0,0,24.48,0.0,0.0,0,0.0,0.0,0.0,0,0.0,0.0,11.52,6.28,0.0,0.0,14.5,23.31
2022-09-09,68.6,0.0,68.6,0.0,0.0,0.0,0.0,0,26.94,0.0,0.0,0,0.0,0.0,0.0,0,0.0,0.0,11.12,6.53,0.0,0.0,13.92,20.94
2022-09-14,99.35,0.0,99.35,0.0,0.0,0.0,0.0,0,49.56,0.0,0.0,0,0.0,0.0,0.0,0,0.0,0.0,16.75,11.89,0.0,0.0,19.84,23.19
2022-09-15,97.75,0.0,97.75,0.0,0.0,0.0,0.0,0,47.75,0.0,0.0,0,0.0,0.0,0.0,0,0.0,0.0,11.63,12.78,0.0,0.0,18.32,20.38
2022-09-16,105.45,0.0,105.45,0.0,0.0,0.0,0.0,0,38.2,0.0,0.0,0,0.0,0.0,0.0,0,0.0,0.0,8.47,14.4,0.0,0.0,23.24,22.64
2022-09-21,95.23,0.0,95.23,0.0,0.0,0.0,0.0,0,49.54,0.0,0.0,0,0.0,0.0,0.0,0,0.0,0.0,8.67,5.46,0.0,0.0,27.97,36.58
2022-09-22,108.28,0.0,108.28,0.0,0.0,0.0,0.0,0,50.4,0.0,0.0,0,0.0,0.0,0.0,0,0.0,0.0,9.72,5.85,0.0,0.0,24.73,37.79
2022-09-23,101.74,0.0,101.74,0.0,0.0,0.0,0.0,0,44.41,0.0,0.0,0,0.0,0.0,0.0,0,0.0,0.0,8.67,5.02,0.0,0.0,19.82,37.02
2022-09-26,4675.11,0.0,4675.11,0.0,0.0,0.0,0.0,0,817.1,0.0,0.0,0,0.0,1803.04,0.0,0,0.0,0.0,144.9,396.64,0.0,0.0,22.43,109.6
2022-09-28,442.78,0.0,442.78,0.0,0.0,0.0,0.0,0,769.23,0.0,0.0,0,0.0,127.54,0.0,0,0.0,0.0,18.74,147.4,0.0,0.0,22.32,55.97
2022-09-30,294.96,0.0,294.96,0.0,0.0,0.0,0.0,0,430.37,0.0,0.0,0,0.0,72.97,0.0,0,0.0,0.0,12.3,25.87,0.0,0.0,14.69,66.12
2022-10-03,283.62,0.0,283.62,0.0,0.0,0.0,0.0,0,130.1,0.0,0.0,0,0.0,44.97,0.0,0,0.0,0.0,18.59,15.05,0.0,0.0,12.5,0.0
2022-10-06,337.93,0.0,337.93,0.0,0.0,0.0,0.0,0,225.76,0.0,0.0,0,0.0,0.0,0.0,0,0.0,0.0,135.45,50.12,0.0,0.0,14.09,43.33
2022-10-10,417.04,0.0,417.04,0.0,0.0,0.0,0.0,0,163.37,0.0,0.0,0,0.0,136.53,0.0,0,0.0,0.0,60.58,23.32,0.0,0.0,16.69,32.73
2022-10-13,584.18,0.0,584.18,0.0,0.0,0.0,0.0,0,150.38,0.0,0.0,0,0.0,0.0,0.0,0,0.0,0.0,16.11,23.73,0.0,0.0,18.69,25.05
2022-10-17,507.89,0.0,498.2,0.0,0.0,0.0,0.0,0,108.94,0.0,0.0,0,9.69,86.64,0.0,0,0.0,0.0,46.75,18.21,0.0,0.0,8.67,0.0
2022-10-21,501.17,0.0,0.0,0.0,0.0,0.0,0.0,0,77.37,0.0,0.0,0,0.0,0.0,0.0,0,0.0,0.0,33.57,16.43,0.0,0.0,19.4,57.52
2022-10-24,367.18,0.0,359.92,0.0,0.0,0.0,0.0,0,74.81,0.0,0.0,0,7.26,37.51,0.0,0,0.0,0.0,42.01,18.84,0.0,0.0,14.09,54.95
2022-10-27,328.57,0.0,328.57,0.0,0.0,0.0,0.0,0,60.3,0.0,0.0,0,0.0,0.0,0.0,0,0.0,0.0,31.41,16.59,0.0,0.0,12.28,57.67
2022-11-02,333.8,0.0,326.77,0.0,0.0,0.0,0.0,0,59.26,0.0,0.0,0,7.03,45.42,0.0,0,0.0,0.0,26.53,14.91,0.0,0.0,8.3,50.3
2022-11-04,305.37,0.0,305.37,0.0,0.0,0.0,0.0,0,59.41,0.0,0.0,0,0.0,0.0,0.0,0,0.0,0.0,27.19,14.58,0.0,0.0,8.02,54.26
2022-11-07,291.25,0.0,291.25,0.0,0.0,0.0,0.0,0,64.52,0.0,0.0,0,0.0,33.6,0.0,0,0.0,0.0,34.55,13.56,0.0,0.0,9.37,66.44
2022-11-10,425.56,0.0,419.33,0.0,0.0,0.0,0.0,0,95.18,0.0,0.0,0,6.23,0.0,0.0,0,0.0,0.0,47.59,16.52,0.0,0.0,10.85,51.38
2022-11-14,363.4,0.0,361.96,0.0,0.0,0.0,0.0,0,112.33,0.0,0.0,0,1.44,37.28,0.0,0,0.0,0.0,42.98,33.44,0.0,0.0,3.83,0.0
2022-11-17,378.75,0.0,378.75,0.0,0.0,0.0,0.0,0,95.81,0.0,0.0,0,0.0,0.0,0.0,0,0.0,0.0,44.53,25.43,0.0,0.0,2.7,0.0
2022-11-21,379.1,0.0,376.3,0.0,0.0,0.0,0.0,0,138.3,0.0,0.0,0,2.8,28.71,0.0,0,0.0,0.0,38.42,14.32,0.0,0.0,2.32,0.0
2022-11-24,367.81,0.0,367.81,0.0,0.0,0.0,0.0,0,116.62,0.0,0.0,0,0.0,0.0,0.0,0,0.0,0.0,17.7,17.45,0.0,0.0,7.05,0.0
2022-11-28,355.9,0.0,355.9,0.0,0.0,0.0,0.0,0,112.06,0.0,0.0,0,0.0,27.36,0.0,0,0.0,0.0,16.74,16.93,0.0,0.0,6.62,0.0
2022-12-01,383.57,0.0,383.57,0.0,0.0,0.0,0.0,0,107.93,0.0,0.0,0,0.0,0.0,0.0,0,0.0,0.0,18.1,15.08,0.0,0.0,6.79,0.0
2022-12-05,416.2,0.0,416.2,0.0,0.0,0.0,0.0,0,157.83,0.0,0.0,0,0.0,46.96,0.0,0,0.0,0.0,27.91,28.1,0.0,0.0,20.33,0.0
2022-12-07,274.15,0.0,274.15,0.0,0.0,0.0,0.0,0,167.34,0.0,0.0,0,0.0,0.0,0.0,0,0.0,0.0,31.21,75.18,0.0,0.0,11.92,0.0
2022-12-12,393.18,0.0,393.18,0.0,0.0,0.0,0.0,0,140.51,0.0,0.0,0,0.0,40.42,0.0,0,0.0,0.0,29.63,35.48,0.0,0.0,9.32,0.0
2022-12-15,584.03,0.0,584.02,0.0,0.0,0.0,0.0,0,183.76,0.0,0.0,0,0.0,0.0,0.0,0,0.0,0.0,21.4,26.44,0.0,0.0,9.47,0.0
2022-12-19,335.56,0.0,335.56,0.0,0.0,0.0,0.0,0,143.93,0.0,0.0,0,0.0,35.75,0.0,0,0.0,0.0,26.12,33.51,0.0,0.0,5.5,0.0
2022-12-22,402.84,0.0,326.86,0.0,0.0,0.0,0.0,0,148.77,0.0,0.0,0,75.98,0.0,0.0,0,0.0,0.0,24.64,27.24,0.0,0.0,15.72,0.0
2022-12-27,300.27,0.0,300.27,0.0,0.0,0.0,0.0,0,160.78,0.0,0.0,0,0.0,82.58,0.0,0,0.0,0.0,23.3,36.91,0.0,0.0,3.55,0.0
2022-12-29,336.29,0.0,336.29,0.0,0.0,0.0,0.0,0,167.04,0.0,0.0,0,0.0,0.0,0.0,0,0.0,0.0,37.43,43.82,0.0,0.0,1.76,0.0
2023-01-03,217.18,0.0,217.18,0.0,0.0,0.0,0.0,0,148.35,0.0,0.0,0,0.0,76.76,0.0,0,0.0,0.0,28.5,31.3,0.0,0.0,2.68,0.0
2023-01-04,268.54,0.0,268.54,0.0,0.0,0.0,0.0,0,155.2,0.0,0.0,0,0.0,0.0,0.0,0,0.0,0.0,39.96,24.65,0.0,0.0,3.77,0.0
2023-01-09,258.43,0.0,258.43,0.0,0.0,0.0,0.0,0,143.85,0.0,0.0,0,0.0,64.02,0.0,0,0.0,0.0,18.01,24.08,0.0,0.0,2.03,0.0
2023-01-12,308.49,0.0,308.49,0.0,0.0,0.0,0.0,0,133.8,0.0,0.0,0,0.0,0.0,0.0,0,0.0,0.0,14.47,16.84,0.0,0.0,1.62,0.0
2023-01-16,209.98,0.0,209.98,0.0,0.0,0.0,0.0,0,138.5,0.0,0.0,0,0.0,60.15,0.0,0,0.0,0.0,14.35,22.45,0.0,0.0,3.94,0.0
2023-01-19,306.34,0.0,306.34,0.0,0.0,0.0,0.0,0,112.41,0.0,0.0,0,0.0,0.0,0.0,0,0.0,0.0,14.1,19.96,0.0,0.0,2.77,0.0
2023-01-23,179.16,0.0,179.16,0.0,0.0,0.0,0.0,0,143.15,0.0,0.0,0,0.0,54.83,0.0,0,0.0,0.0,11.29,5.66,0.0,0.0,1.68,0.0
2023-01-26,339.5,0.0,339.5,0.0,0.0,0.0,0.0,0,128.16,0.0,0.0,0,0.0,0.0,0.0,0,0.0,0.0,18.51,38.86,0.0,0.0,4.98,0.0
2023-01-30,438.59,0.0,377.1,0.0,0.0,0.0,0.0,0,93.79,0.0,0.0,0,61.49,38.01,0.0,0,0.0,0.0,28.98,25.37,0.0,0.0,10.08,0.0
2023-02-02,244.17,0.0,244.17,0.0,0.0,0.0,0.0,0,94.52,0.0,0.0,0,0.0,0.0,0.0,0,0.0,0.0,14.84,23.6,0.0,0.0,2.15,0.0
2023-02-06,214.67,0.0,214.67,0.0,0.0,0.0,0.0,0,111.99,0.0,0.0,0,0.0,40.48,0.0,0,0.0,0.0,23.19,22.72,0.0,0.0,1.97,0.0
2023-02-09,399.64,0.0,399.64,0.0,0.0,0.0,0.0,0,119.11,0.0,0.0,0,0.0,0.0,0.0,0,0.0,0.0,24.05,35.65,0.0,0.0,1.43,0.0
2023-02-13,257.41,0.0,257.41,0.0,0.0,0.0,0.0,0,114.85,0.0,0.0,0,0.0,44.11,0.0,0,0.0,0.0,16.33,9.91,0.0,0.0,2.64,0.0
2023-02-15,294.95,0.0,294.95,0.0,0.0,0.0,0.0,0,136.16,0.0,0.0,0,0.0,51.89,24.4,0,0.0,0.0,21.07,17.95,0.0,0.0,1.45,0.0
2023-02-17,213.57,0.0,213.57,0.0,0.0,0.0,0.0,0,129.45,0.0,0.0,0,0.0,54.26,22.01,0,0.0,0.0,22.94,13.78,0.0,0.0,2.77,0.0
2023-02-20,307.1,0.0,307.1,0.0,0.0,0.0,0.0,0,80.35,0.0,0.0,0,0.0,44.86,20.12,0,0.0,0.0,17.81,19.7,0.0,0.0,4.94,0.0
2023-02-22,338.11,0.0,338.11,0.0,0.0,0.0,0.0,0,127.84,0.0,0.0,0,0.0,42.96,14.02,0,0.0,0.0,16.17,14.53,0.0,0.0,4.53,0.0
2023-02-24,312.8,0.0,312.8,0.0,0.0,0.0,0.0,0,134.79,0.0,0.0,0,0.0,45.94,22.54,0,0.0,0.0,19.14,11.52,0.0,0.0,5.54,0.0
2023-02-27,223.9,0.0,223.9,0.0,0.0,0.0,0.0,0,116.53,0.0,0.0,0,0.0,43.18,30.96,0,0.0,0.0,4.35,1.7,0.0,0.0,3.32,0.0
2023-03-01,299.25,0.0,299.25,0.0,0.0,0.0,0.0,0,125.99,0.0,0.0,0,0.0,41.8,8.71,0,0.0,0.0,9.68,21.54,0.0,0.0,2.74,0.0
2023-03-03,291.15,0.0,291.15,0.0,0.0,0.0,0.0,0,155.77,0.0,0.0,0,0.0,44.78,14.02,0,0.0,0.0,8.83,18.4,0.0,0.0,4.85,0.0
2023-03-06,272.05,0.0,272.05,0.0,0.0,0.0,0.0,0,136.69,0.0,0.0,0,0.0,45.55,4.53,0,0.0,0.0,22.49,20.98,0.0,0.0,8.26,0.0
2023-03-08,266.97,0.0,266.97,0.0,0.0,0.0,0.0,0,105.81,0.0,0.0,0,0.0,37.45,12.22,0,0.0,0.0,29.12,20.67,0.0,0.0,10.38,0.0
2023-03-10,240.97,0.0,240.97,0.0,0.0,0.0,0.0,0,115.18,0.0,0.0,0,0.0,25.56,12.03,0,0.0,0.0,26.37,20.35,0.0,0.0,9.94,0.0
2023-03-13,118.05,0.0,118.05,0.0,0.0,0.0,0.0,0,105.62,0.0,0.0,0,0.0,8.4,16.52,0,0.0,0.0,22.86,12.25,0.0,0.0,5.81,0.0
2023-03-15,223.08,0.0,223.08,0.0,0.0,0.0,0.0,0,130.61,0.0,0.0,0,0.0,8.38,28.24,0,0.0,0.0,26.81,15.93,0.0,0.0,1.13,0.0
2023-03-17,216.8,0.0,216.8,0.0,0.0,0.0,0.0,0,132.51,0.0,0.0,0,0.0,6.78,15.08,0,0.0,0.0,22.31,13.2,0.0,0.0,0.83,0.0
2023-03-20,303.97,0.0,252.8,0.0,0.0,0.0,0.0,0,102.6,0.0,0.0,0,51.17,16.58,45.03,0,0.0,0.0,23.68,8.63,0.0,0.0,9.51,0.0
2023-03-22,297.06,0.0,297.06,0.0,0.0,0.0,0.0,0,112.5,0.0,0.0,0,0.0,15.71,69.93,0,0.0,0.0,18.2,10.08,0.0,0.0,0.37,0.0
2023-03-24,218.08,0.0,218.08,0.0,0.0,0.0,0.0,0,160.52,0.0,0.0,0,0.0,14.11,75.83,0,0.0,0.0,18.99,15.56,0.0,0.0,8.57,0.0
2023-03-27,211.59,0.0,211.59,0.0,0.0,0.0,0.0,0,81.48,0.0,0.0,0,0.0,6.79,36.93,0,0.0,0.0,17.28,18.2,0.0,0.0,0.0,0.0
2023-03-29,269.5,0.0,269.5,0.0,0.0,0.0,0.0,0,102.22,0.0,0.0,0,0.0,6.67,23.07,0,0.0,0.0,15.24,2.92,0.0,0.0,0.0,0.0
2023-03-31,284.22,0.0,284.22,0.0,0.0,0.0,0.0,0,116.7,0.0,0.0,0,0.0,4.91,29.23,0,0.0,0.0,16.96,1.4,0.0,0.0,0.0,0.0
2023-04-03,210.91,0.0,210.91,0.0,0.0,0.0,0.0,0,97.92,0.0,0.0,0,0.0,6.73,25.8,0,0.0,0.0,11.23,6.24,0.45,0.0,0.0,0.0
2023-04-04,234.63,0.0,234.63,0.0,0.0,0.0,0.0,0,109.05,0.0,0.0,0,0.0,3.36,24.13,0,0.0,0.0,16.33,5.27,1.07,0.0,0.0,0.0
2023-04-12,239.86,0.0,239.86,0.0,0.0,0.0,0.0,0,97.89,0.0,0.0,0,0.0,5.36,14.7,0,0.0,0.0,17.85,6.88,0.29,0.0,0.0,0.0
2023-04-14,157.73,0.0,157.73,0.0,0.0,0.0,0.0,0,96.76,0.0,0.0,0,0.0,4.45,14.87,0,0.0,0.0,18.9,5.41,0.76,0.0,0.0,0.0
2023-04-17,144.2,0.0,144.2,0.0,0.0,0.0,0.0,0,69.91,0.0,0.0,0,0.0,1.35,5.93,0,0.0,0.0,11.15,0.39,0.35,0.0,0.0,0.0
2023-04-19,115.53,0.0,115.53,0.0,0.0,0.0,0.0,0,80.9,0.0,0.0,0,0.0,2.13,5.21,0,0.0,0.0,4.14,0.83,0.0,0.0,0.0,0.0
2023-04-21,183.25,0.0,183.25,0.0,0.0,0.0,0.0,0,91.13,0.0,0.0,0,0.0,1.26,1.75,0,0.0,0.0,5.74,0.97,0.0,0.0,1.99,0.0
2023-04-24,109.8,0.0,109.8,0.0,0.0,0.0,0.0,0,75.82,0.0,0.0,0,0.0,0.0,6.88,0,0.0,0.0,4.41,0.44,0.0,0.0,0.0,0.0
2023-04-26,118.11,0.0,118.11,0.0,0.0,0.0,0.0,0,77.02,0.0,0.0,0,0.0,0.0,10.55,0,0.0,0.0,6.02,2.38,0.0,0.0,0.0,0.0
2023-04-28,123.31,0.0,123.31,0.0,0.0,0.0,0.0,0,65.28,0.0,0.0,0,0.0,0.0,8.71,0,0.0,0.0,9.08,1.32,0.0,0.0,0.0,0.0
2023-05-02,146.99,0.0,114.35,0.0,0.0,0.0,0.0,0,83.96,0.0,0.0,0,32.64,0.0,1.28,0,0.0,0.0,3.95,0.57,0.0,0.0,7.45,0.0
2023-05-03,178.74,0.0,135.53,0.0,0.0,0.0,0.0,0,67.16,0.0,0.0,0,43.21,0.0,2.71,0,0.0,0.0,4.61,0.16,0.0,0.0,9.58,0.0
2023-05-05,106.61,0.0,106.61,0.0,0.0,0.0,0.0,0,99.33,0.0,0.0,0,0.0,0.0,3.6,0,0.0,0.0,4.49,0.09,0.0,0.0,6.43,0.0
2023-05-08,94.28,0.0,94.28,0.0,0.0,0.0,0.0,0,108.55,0.0,0.0,0,0.0,0.0,0.0,0,0.0,0.0,3.24,1.1,0.0,0.0,0.0,0.0
2023-05-10,92.06,0.0,92.06,0.0,0.0,0.0,0.0,0,60.25,0.0,0.0,0,0.0,0.0,0.0,0,0.0,0.0,3.87,0.0,0.0,0.0,0.0,0.0
2023-05-12,113.09,0.0,113.09,0.0,0.0,0.0,0.0,0,69.07,0.0,0.0,0,0.0,0.0,0.0,0,0.0,0.0,2.51,0.0,0.0,0.0,0.0,0.0
2023-05-15,108.0,0.0,108.0,0.0,0.0,0.0,0.0,0,54.3,0.0,0.0,0,0.0,0.0,0.0,0,0.0,0.0,2.37,0.0,0.0,0.0,0.0,0.0
2023-05-17,140.78,0.0,140.78,0.0,0.0,0.0,0.0,0,84.7,0.0,0.0,0,0.0,0.0,0.0,0,0.0,0.0,0.0,0.21,0.0,0.0,0.0,0.0
2023-05-19,111.14,0.0,111.14,0.0,0.0,0.0,0.0,0,80.08,0.0,0.0,0,0.0,0.0,0.0,0,0.0,0.0,3.17,0.0,0.0,0.0,0.0,0.0
2023-05-22,119.87,0.0,119.87,0.0,0.0,0.0,0.0,0,74.06,0.0,0.0,0,0.0,0.0,0.0,0,0.0,0.0,1.5,0.0,0.0,0.0,0.0,0.0
2023-05-24,994.04,0.0,994.04,0.0,0.0,0.0,0.0,0,234.14,0.0,0.0,0,0.0,29.51,77.84,0,0.0,0.0,80.37,300.67,0.0,0.0,11.4,0.0
2023-05-26,222.93,0.0,222.93,0.0,0.0,0.0,0.0,0,130.09,0.0,0.0,0,0.0,28.87,0.0,0,0.0,0.0,18.19,25.65,0.0,0.0,6.7,0.0
2023-05-29,133.05,0.0,133.05,0.0,0.0,0.0,0.0,0,103.81,0.0,0.0,0,0.0,35.83,77.98,0,0.0,0.0,17.02,15.82,0.0,0.0,0.0,0.0
2023-05-31,3545.21,0.0,3545.21,0.0,0.0,0.0,0.0,0,127.05,0.0,0.0,0,0.0,21.87,68.84,0,0.0,0.0,9.51,16.71,0.0,0.0,0.0,0.0
2023-06-02,179.13,0.0,179.13,0.0,0.0,0.0,0.0,0,64.94,0.0,0.0,0,0.0,21.26,0.0,0,0.0,0.0,3.8,1.28,0.0,0.0,0.0,0.0
2023-06-05,209.8,0.0,186.95,0.0,0.0,0.0,0.0,0,68.46,0.0,0.0,0,22.85,16.66,161.58,0,0.0,0.0,7.01,1.43,0.0,0.0,15.9,0.0
2023-06-07,152.17,0.0,152.17,0.0,0.0,0.0,0.0,0,76.35,0.0,0.0,0,0.0,13.61,0.0,0,0.0,0.0,4.95,0.0,0.0,0.0,11.81,0.0
2023-06-08,283.28,0.0,235.86,0.0,0.0,0.0,0.0,0,79.8,0.0,0.0,0,47.42,17.41,278.62,0,0.0,0.0,10.58,0.0,0.0,0.0,10.29,0.0
2023-06-12,154.41,0.0,154.41,0.0,0.0,0.0,0.0,0,89.72,0.0,0.0,0,0.0,11.28,0.0,0,0.0,0.0,5.46,3.66,0.0,0.0,13.64,0.0
2023-06-14,327.66,0.0,279.77,0.0,0.0,0.0,0.0,0,111.63,0.0,0.0,0,47.89,10.2,174.03,0,0.0,0.0,5.14,1.03,0.0,0.0,8.1,0.0
2023-06-16,210.97,0.0,210.97,0.0,0.0,0.0,0.0,0,64.49,0.0,0.0,0,0.0,0.0,150.78,0,0.0,0.0,3.47,0.0,0.0,0.0,0.0,0.0
2023-06-19,298.34,0.0,298.34,0.0,0.0,0.0,0.0,0,53.89,0.0,0.0,0,0.0,8.95,76.76,0,0.0,0.0,1.17,0.0,0.0,0.0,2.42,0.0
2023-06-21,215.55,0.0,215.55,0.0,0.0,0.0,0.0,0,42.75,0.0,0.0,0,0.0,6.63,13.92,0,0.0,0.0,0.0,0.0,0.0,0.0,0.0,0.0
2023-06-23,178.94,0.0,178.94,0.0,0.0,0.0,0.0,0,46.49,0.0,0.0,0,0.0,5.64,0.0,0,0.0,0.0,0.0,0.0,0.0,0.0,0.0,0.0
2023-06-26,239.8,0.0,239.8,0.0,0.0,0.0,0.0,0,44.48,0.0,0.0,0,0.0,6.54,0.0,0,0.0,0.0,0.0,0.0,0.0,0.0,0.0,0.0
2023-06-28,264.47,0.0,264.47,0.0,0.0,0.0,0.0,0,53.74,0.0,0.0,0,0.0,5.57,0.0,0,0.0,0.0,0.0,0.0,0.0,0.0,0.0,0.0
2023-06-30,208.24,0.0,208.24,0.0,0.0,0.0,0.0,0,46.62,0.0,0.0,0,0.0,4.97,0.0,0,0.0,0.0,0.0,0.0,0.0,0.0,0.0,0.0
2023-07-03,194.49,0.0,194.49,0.0,0.0,0.0,0.0,0,47.28,0.0,0.0,0,0.0,0.0,0.0,0,0.0,0.0,0.0,0.0,0.0,0.0,0.0,0.0
2023-07-05,148.15,0.0,148.15,0.0,0.0,0.0,0.0,0,51.91,0.0,0.0,0,0.0,0.0,0.0,0,0.0,0.0,0.0,0.0,0.0,0.0,0.0,0.0
2023-07-07,189.45,0.0,189.45,0.0,0.0,0.0,0.0,0,42.99,0.0,0.0,0,0.0,0.0,0.0,0,0.0,0.0,0.0,0.0,0.0,0.0,0.0,0.0
2023-07-10,133.34,0.0,133.34,0.0,0.0,0.0,0.0,0,6.3,0.0,0.0,0,0.0,0.0,0.0,0,0.0,0.0,0.0,0.0,0.0,0.0,0.0,0.0
2023-07-12,136.14,0.0,136.14,0.0,0.0,0.0,0.0,0,7.97,0.0,0.0,0,0.0,0.0,0.0,0,0.0,0.0,3.48,0.0,0.0,0.0,0.0,0.0
2023-07-14,199.07,0.0,199.07,0.0,0.0,0.0,0.0,0,48.97,0.0,0.0,0,0.0,0.0,0.0,0,0.0,0.0,3.78,0.0,0.0,0.0,0.0,0.0
2023-07-17,242.77,0.0,242.77,0.0,0.0,0.0,0.0,0,38.67,0.0,0.0,0,0.0,0.0,0.0,0,0.0,0.0,1.68,0.0,0.0,0.0,0.0,0.0
2023-07-19,112.26,0.0,112.26,0.0,0.0,0.0,0.0,0,45.76,0.0,0.0,0,0.0,0.0,0.0,0,0.0,0.0,1.8,0.0,0.0,0.0,0.0,0.0
2023-07-21,164.49,0.0,164.49,0.0,0.0,0.0,0.0,0,39.02,0.0,0.0,0,0.0,0.0,0.0,0,0.0,0.0,2.15,0.0,0.0,0.0,0.0,0.0
2023-07-24,219.48,0.0,219.48,0.0,0.0,0.0,0.0,0,47.43,0.0,0.0,0,0.0,0.0,0.0,0,0.0,0.0,6.96,0.0,0.0,0.0,0.0,0.0
2023-07-26,146.73,0.0,146.73,0.0,0.0,0.0,0.0,0,39.26,0.0,0.0,0,0.0,0.0,0.0,0,0.0,0.0,5.54,0.0,0.0,0.0,0.0,0.0
2023-07-28,184.69,0.0,184.69,0.0,0.0,0.0,0.0,0,61.69,0.0,0.0,0,0.0,0.0,0.0,0,0.0,0.0,2.02,0.0,0.0,0.0,0.0,0.0
2023-07-31,149.83,0.0,149.83,0.0,0.0,0.0,0.0,0,72.91,0.0,0.0,0,0.0,0.0,0.0,0,0.0,0.0,1.6,0.0,0.0,0.0,0.48,0.0
2023-08-02,146.72,0.0,146.72,0.0,0.0,0.0,0.0,0,66.08,0.0,0.0,0,0.0,0.0,0.0,0,0.0,0.0,1.13,0.0,0.0,0.0,0.0,0.0
2023-08-04,133.19,0.0,133.19,0.0,0.0,0.0,0.0,0,55.46,0.0,0.0,0,0.0,0.0,0.0,0,0.0,0.0,0.0,0.0,0.0,0.0,0.0,0.0
2023-08-07,140.53,0.0,140.53,0.0,0.0,0.0,0.0,0,64.57,0.0,0.0,0,0.0,0.0,0.0,0,0.0,0.0,0.0,0.0,0.0,0.0,0.04,0.0
2023-08-09,61.64,0.0,61.64,0.0,0.0,0.0,0.0,0,59.26,0.0,0.0,0,0.0,0.0,0.0,0,0.0,0.0,0.0,0.0,0.0,0.0,0.0,0.0
2023-08-11,127.51,0.0,127.51,0.0,0.0,0.0,0.0,0,56.85,0.0,0.0,0,0.0,0.0,0.0,0,0.0,0.0,0.0,0.0,0.0,0.0,0.0,0.0
2023-08-16,69.23,0.0,69.23,0.0,0.0,0.0,0.0,0,45.71,0.0,0.0,0,0.0,0.0,0.0,0,0.0,0.0,2.45,0.0,0.0,0.0,0.0,0.0
2023-08-18,140.24,0.0,140.24,0.0,0.0,0.0,0.0,0,45.9,0.0,0.0,0,0.0,0.0,0.0,0,0.0,0.0,0.0,0.0,0.0,0.0,0.0,0.0
2023-08-21,79.83,0.0,79.83,0.0,0.0,0.0,0.0,0,19.09,0.0,0.0,0,0.0,0.0,0.0,0,0.0,0.0,2.48,0.0,0.0,0.0,0.0,0.0
2023-08-23,111.77,0.0,111.77,0.0,0.0,0.0,0.0,0,20.45,0.0,0.0,0,0.0,0.0,0.0,0,0.0,0.0,3.02,0.0,0.0,0.0,0.0,0.0
2023-08-25,92.9,0.0,92.9,0.0,0.0,0.0,0.0,0,0.0,0.0,0.0,0,0.0,0.0,0.0,0,0.0,0.0,2.05,0.0,0.0,0.0,0.0,0.0
2023-08-28,73.5,0.0,73.5,0.0,0.0,0.0,0.0,0,0.0,0.0,0.0,0,0.0,0.0,0.0,0,0.0,0.0,0.0,0.0,0.0,0.0,0.0,0.0
2023-08-30,94.26,0.0,94.26,0.0,0.0,0.0,0.0,0,18.41,0.0,0.0,0,0.0,0.0,0.0,0,0.0,0.0,0.0,0.0,0.0,0.0,0.0,0.0
2023-09-01,59.73,0.0,59.73,0.0,0.0,0.0,0.0,0,16.39,0.0,0.0,0,0.0,0.0,0.0,0,0.0,0.0,0.0,0.0,0.0,0.0,0.0,0.0
2023-09-04,107.58,0.0,107.58,0.0,0.0,0.0,0.0,0,21.56,0.0,0.0,0,0.0,10.2,0.0,0,0.0,0.0,18.52,13.05,0.0,0.0,0.0,0.0
2023-09-06,130.42,0.0,130.42,0.0,0.0,0.0,0.0,0,53.4,0.0,0.0,0,0.0,0.8,0.0,0,0.0,0.0,7.68,9.99,0.0,0.0,0.54,0.0
2023-09-08,86.49,0.0,86.49,0.0,0.0,0.0,0.0,0,44.76,0.0,0.0,0,0.0,0.64,0.0,0,0.0,0.0,6.75,11.51,0.0,0.0,0.0,0.0
2023-09-13,91.94,0.0,91.94,0.0,0.0,0.0,0.0,0,24.75,0.0,0.0,0,0.0,0.32,0.0,0,0.0,0.0,10.4,6.84,0.0,0.0,0.0,0.0
2023-09-15,138.62,0.0,138.62,0.0,0.0,0.0,0.0,0,60.1,0.0,0.0,0,0.0,0.56,0.0,0,0.0,0.0,9.1,3.48,0.0,0.0,0.0,0.0
2023-09-18,128.98,0.0,128.98,0.0,0.0,0.0,0.0,0,45.46,0.0,0.0,0,0.0,1.51,0.0,0,0.0,0.0,7.48,10.6,0.0,0.0,8.4,0.0
2023-09-20,143.12,0.0,143.12,0.0,0.0,0.0,0.0,0,82.97,0.0,0.0,0,0.0,1.43,0.0,0,0.0,0.0,7.2,9.04,0.0,0.0,13.68,0.0
2023-09-22,70.22,0.0,70.22,0.0,0.0,0.0,0.0,0,29.95,0.0,0.0,0,0.0,1.11,0.0,0,0.0,0.0,6.0,3.2,0.0,0.0,1.12,0.0
2023-09-25,160.53,0.0,160.53,0.0,0.0,0.0,0.0,0,30.35,0.0,0.0,0,0.0,1.03,0.0,0,0.0,0.0,7.2,1.08,0.0,0.0,5.6,0.0
2023-09-27,92.27,0.0,92.27,0.0,0.0,0.0,0.0,0,35.39,0.0,0.0,0,0.0,4.77,0.0,0,0.0,0.0,8.86,5.06,0.0,0.0,0.0,0.0
2023-09-29,225.3,0.0,225.3,0.0,0.0,0.0,0.0,0,46.88,0.0,0.0,0,0.0,4.08,0.0,0,0.0,0.0,5.99,8.98,0.0,0.0,1.53,0.0
2023-10-02,99.46,0.0,99.46,0.0,0.0,0.0,0.0,0,28.3,0.0,0.0,0,0.0,1.79,0.0,0,0.0,0.0,5.41,6.21,0.0,0.0,0.0,0.0
2023-10-04,185.25,0.0,185.22,0.0,0.0,0.0,0.0,0,44.8,0.0,0.0,0,0.0,4.88,0.0,0,0.0,0.0,5.2,5.63,0.0,0.0,0.0,0.0
2023-10-06,103.03,0.0,103.03,0.0,0.0,0.0,0.0,0,36.9,0.0,0.0,0,0.0,4.44,0.0,0,0.0,0.0,5.23,4.14,0.0,0.0,0.0,0.0
2023-10-09,89.91,0.0,89.91,0.0,0.0,0.0,0.0,0,42.81,0.0,0.0,0,0.0,4.12,0.0,0,0.0,0.0,2.66,4.53,0.0,0.0,0.0,0.0
2023-10-11,172.47,0.0,172.47,0.0,0.0,0.0,0.0,0,46.78,0.0,0.0,0,0.0,4.1,0.0,0,0.0,0.0,5.68,4.96,0.0,0.0,0.0,0.0
2023-10-16,178.08,0.0,178.08,0.0,0.0,0.0,0.0,0,25.29,0.0,0.0,0,0.0,6.1,0.0,0,0.0,0.0,7.36,9.64,0.0,0.0,0.0,0.0
2023-10-18,123.83,0.0,123.83,0.0,0.0,0.0,0.0,0,31.43,0.0,0.0,0,0.0,5.52,0.0,0,0.0,0.0,7.74,4.65,0.0,0.0,4.16,0.0
2023-10-20,154.2,0.0,154.2,0.0,0.0,0.0,0.0,0,19.49,0.0,0.0,0,0.0,5.73,0.0,0,0.0,0.0,8.55,3.98,0.0,0.0,2.8,0.0
2023-11-02,106.96,0.0,106.96,0.0,0.0,0.0,0.0,0,37.53,0.0,0.0,0,0.0,3.82,0.0,0,0.0,0.0,6.7,4.47,0.0,0.0,0.0,0.0
2023-11-03,108.15,0.0,108.15,0.0,0.0,0.0,0.0,0,31.78,0.0,0.0,0,0.0,3.28,0.0,0,0.0,0.0,7.21,4.94,0.0,0.0,0.0,0.0
2023-11-06,110.53,0.0,110.3,0.0,0.0,0.0,0.0,0,37.79,0.0,0.0,0,0.0,2.74,0.0,0,0.0,0.0,4.07,11.89,0.0,0.0,8.26,0.0
2023-11-08,205.65,0.0,205.65,0.0,0.0,0.0,0.0,0,46.66,0.0,0.0,0,0.0,2.46,0.0,0,0.0,0.0,4.1,10.41,0.0,0.0,8.37,0.0
2023-11-10,114.52,0.0,114.52,0.0,0.0,0.0,0.0,0,34.6,0.0,0.0,0,0.0,1.2,0.0,0,0.0,0.0,4.4,10.39,0.0,0.0,4.19,0.0
2023-11-13,149.98,0.0,149.98,0.0,0.0,0.0,0.0,0,45.99,0.0,0.0,0,0.0,1.62,0.0,0,0.0,0.0,2.96,4.75,0.0,1.87,6.82,0.0
2023-11-15,105.31,0.0,105.31,0.0,0.0,0.0,0.0,0,24.55,0.0,0.0,0,0.0,2.41,0.0,0,0.0,0.0,7.6,4.7,0.0,0.0,7.66,0.0
2023-11-17,95.6,0.0,95.6,0.0,0.0,0.0,0.0,0,21.12,0.0,0.0,0,0.0,3.05,0.0,0,0.0,0.0,7.39,3.31,0.0,0.0,5.48,0.0
2023-11-20,113.89,0.0,113.89,0.0,0.0,0.0,0.0,0,19.6,0.0,0.0,0,0.0,8.91,0.0,0,0.0,0.0,8.16,6.99,0.0,0.0,0.0,0.0
2023-11-22,55.02,0.0,55.02,0.0,0.0,0.0,0.0,0,11.95,0.0,0.0,0,0.0,4.89,0.0,0,0.0,0.0,3.36,4.2,0.0,0.0,0.0,0.0
2023-11-24,54.34,0.0,54.34,0.0,0.0,0.0,0.0,0,15.25,0.0,0.0,0,0.0,4.89,0.0,0,0.0,0.0,3.64,4.0,0.0,0.0,0.0,0.0
2023-11-27,110.93,0.0,110.93,0.0,0.0,0.0,0.0,0,21.4,0.0,0.0,0,0.0,1.44,0.0,0,0.0,0.0,5.44,7.21,0.0,0.0,0.88,0.0
2023-11-29,143.56,0.0,143.56,0.0,0.0,0.0,0.0,0,30.9,0.0,0.0,0,0.0,7.22,0.0,0,0.0,0.0,7.32,7.08,0.0,0.0,0.0,0.0
2023-12-01,116.16,0.0,116.16,0.0,0.0,0.0,0.0,0,24.47,0.0,0.0,0,0.0,7.7,0.0,0,0.0,0.0,8.04,7.38,0.0,0.0,0.0,0.0
2023-12-04,51.85,0.0,51.85,0.0,0.0,0.0,0.0,0,25.99,0.0,0.0,0,0.0,3.13,0.0,0,0.0,0.0,6.72,6.36,0.0,0.0,0.0,0.0
2023-12-05,98.57,0.0,98.57,0.0,0.0,0.0,0.0,0,27.59,0.0,0.0,0,0.0,3.53,0.0,0,0.0,0.0,7.36,6.75,0.0,0.0,0.0,0.0
2023-12-11,195.36,0.0,166.34,0.0,0.0,0.0,0.0,0,31.86,0.0,0.0,0,29.02,6.18,0.0,0,0.0,0.0,11.21,7.68,0.0,0.0,10.64,0.0
2023-12-13,142.25,0.0,142.25,0.0,0.0,0.0,0.0,0,35.92,0.0,0.0,0,0.0,5.38,0.0,0,0.0,0.0,7.29,6.48,0.0,0.0,10.16,0.0
2023-12-15,132.18,0.0,132.18,0.0,0.0,0.0,0.0,0,31.32,0.0,0.0,0,0.0,3.45,0.0,0,0.0,0.0,5.63,5.64,0.0,0.0,7.56,0.0
2023-12-18,166.87,0.0,166.87,0.0,0.0,0.0,0.0,0,35.05,0.0,0.0,0,0.0,3.77,0.0,0,0.0,0.0,7.56,5.3,0.0,0.0,0.0,0.0
2023-12-20,185.84,0.0,173.36,0.0,0.0,0.0,0.0,0,32.08,0.0,0.0,0,12.48,4.48,0.0,0,0.0,0.0,6.99,4.56,0.0,0.0,5.55,0.0
2023-12-22,174.97,0.0,164.19,0.0,0.0,0.0,0.0,0,34.98,0.0,0.0,0,10.78,4.89,0.0,0,0.0,0.0,7.72,5.66,0.0,0.0,7.93,0.0
2023-12-26,107.65,0.0,98.66,0.0,0.0,0.0,0.0,0,34.46,0.0,0.0,0,8.99,7.1,0.0,0,0.0,0.0,4.24,7.42,0.0,0.0,16.93,0.0
2023-12-27,123.44,0.0,116.78,0.0,0.0,0.0,0.0,0,32.96,0.0,0.0,0,6.66,7.75,0.0,0,0.0,0.0,4.77,7.02,0.0,0.0,14.42,0.0
2023-12-29,176.22,0.0,170.88,0.0,0.0,0.0,0.0,0,33.57,0.0,0.0,0,5.34,7.14,0.0,0,0.0,0.0,4.59,9.21,0.0,0.0,9.82,0.0
2024-01-26,148.13,0.0,148.13,0.0,0.0,0.0,0.0,0,50.74,0.0,0.0,0,0.0,10.0,0.0,0,0.0,0.0,7.4,7.11,0.0,0.0,0.0,0.0
2024-01-30,152.34,0.0,152.34,0.0,0.0,0.0,0.0,0,51.54,0.0,0.0,0,0.0,10.12,0.0,0,0.0,0.0,6.38,5.92,0.0,0.0,0.0,0.0
2024-01-31,162.59,0.0,162.59,0.0,0.0,0.0,0.0,0,60.26,0.0,0.0,0,0.0,10.53,0.0,0,0.0,0.0,7.29,6.15,0.0,0.0,0.0,0.0
2024-02-02,175.85,0.0,175.85,0.0,0.0,0.0,0.0,0,59.19,0.0,0.0,0,0.0,10.49,0.0,0,0.0,0.0,5.62,4.38,0.0,0.0,0.0,0.0
2024-02-05,176.08,0.0,176.08,0.0,0.0,0.0,0.0,0,56.67,0.0,0.0,0,0.0,13.13,0.0,0,0.0,0.0,5.83,5.03,0.0,0.0,1.14,0.0
2024-02-07,179.03,0.0,179.03,0.0,0.0,0.0,0.0,0,59.92,0.0,0.0,0,0.0,11.77,0.0,0,0.0,0.0,6.17,3.87,0.0,0.0,3.35,0.0
2024-02-09,215.12,0.0,215.12,0.0,0.0,0.0,0.0,0,41.93,0.0,0.0,0,0.0,8.74,0.0,0,0.0,0.0,8.74,4.4,0.0,0.0,4.14,0.0
2024-02-12,74.33,0.0,74.33,0.0,0.0,0.0,0.0,0,40.88,0.0,0.0,0,0.0,9.54,0.0,0,0.0,0.0,8.76,4.79,0.0,0.0,3.02,0.0
2024-02-14,147.31,0.0,147.31,0.0,0.0,0.0,0.0,0,52.46,0.0,0.0,0,0.0,10.25,0.0,0,0.0,0.0,6.2,3.88,0.0,0.0,3.77,0.0
2024-02-16,145.98,0.0,145.98,0.0,0.0,0.0,0.0,0,30.3,0.0,0.0,0,0.0,8.49,0.0,0,0.0,0.0,8.04,4.99,0.0,0.0,2.32,0.0
2024-02-20,139.65,0.0,122.92,0.0,0.0,0.0,0.0,0,30.76,0.0,0.0,0,16.73,7.46,0.0,0,0.0,0.0,7.26,5.17,0.0,0.0,20.88,0.0
2024-02-21,122.73,0.0,113.37,0.0,0.0,0.0,0.0,0,33.43,0.0,0.0,0,9.36,7.36,0.0,0,0.0,0.0,7.14,5.04,0.0,0.0,16.46,0.0
2024-02-23,122.38,0.0,122.38,0.0,0.0,0.0,0.0,0,38.37,0.0,0.0,0,0.0,12.64,0.0,0,0.0,0.0,3.02,0.85,0.0,0.0,0.74,0.0
2024-02-26,137.18,0.0,137.18,0.0,0.0,0.0,0.0,0,35.39,0.0,0.0,0,0.0,10.06,0.0,0,0.0,0.0,8.33,2.11,0.0,0.0,0.0,0.0
2024-02-28,126.12,0.0,126.12,0.0,0.0,0.0,0.0,0,26.74,0.0,0.0,0,0.0,5.2,0.0,0,0.0,0.0,0.12,0.64,0.0,0.0,0.0,0.0
2024-03-01,134.3,0.0,134.3,0.0,0.0,0.0,0.0,0,28.19,0.0,0.0,0,0.0,13.73,0.0,0,0.0,0.0,0.14,0.0,0.0,0.0,0.0,0.0
2024-03-04,53.58,0.0,53.58,0.0,0.0,0.0,0.0,0,31.37,0.0,0.0,0,0.0,7.35,0.0,0,0.0,0.0,5.7,4.21,0.0,0.0,0.0,0.0
2024-03-06,127.45,0.0,127.45,0.0,0.0,0.0,0.0,0,30.07,0.0,0.0,0,0.0,6.75,0.0,0,0.0,0.0,5.26,4.8,0.0,0.0,5.15,0.0
2024-03-08,137.11,0.0,137.11,0.0,0.0,0.0,0.0,0,37.52,0.0,0.0,0,0.0,8.91,0.0,0,0.0,0.0,4.62,6.24,0.0,0.0,7.11,0.0
2024-03-11,149.21,0.0,149.21,0.0,0.0,0.0,0.0,0,53.11,0.0,0.0,0,0.0,0.0,0.0,0,0.0,0.0,1.93,2.77,0.0,0.0,1.42,0.0
2024-03-13,121.56,0.0,121.56,0.0,0.0,0.0,0.0,0,45.97,0.0,0.0,0,0.0,0.0,0.0,0,0.0,0.0,2.12,2.56,0.0,0.0,1.6,0.0
2024-03-15,131.48,0.0,131.48,0.0,0.0,0.0,0.0,0,36.85,0.0,0.0,0,0.0,0.0,0.0,0,0.0,0.0,2.26,2.18,0.0,0.0,0.0,0.0
2024-03-20,131.48,0.0,127.24,0.0,0.0,0.0,0.0,0,32.57,0.0,0.0,0,0.0,0.0,0.0,0,0.0,0.0,2.52,2.2,0.0,0.0,3.08,0.0
2024-03-22,131.48,0.0,138.49,0.0,0.0,0.0,0.0,0,30.98,0.0,0.0,0,0.0,0.0,0.0,0,0.0,0.0,2.24,3.0,0.0,0.0,3.99,0.0
2024-03-25,238.08,0.0,238.08,0.0,0.0,0.0,0.0,0,145.99,0.0,0.0,0,0.0,0.0,0.0,0,0.0,0.16,2.54,2.94,0.0,0.0,2.94,3.99
2024-04-15,41.5,0.0,41.5,0.0,0.0,0.0,0.0,0,0.0,0.0,0.0,0,0.0,0.0,0.0,0,0.0,0.0,0.0,0.0,0.0,0.0,0.0,2.55
2024-04-17,33.6,0.0,33.6,0.0,0.0,0.0,0.0,0,0.0,0.0,0.0,0,0.0,0.0,0.0,0,0.0,0.0,0.0,0.0,0.0,0.0,0.0,0.0
2024-04-19,58.4,0.0,58.4,0.0,0.0,0.0,0.0,0,0.0,0.0,0.0,0,0.0,0.0,0.0,0,0.0,0.0,0.0,0.0,0.0,0.0,0.0,9.64
2024-04-22,47.4,0.0,47.4,0.0,0.0,0.0,0.0,0,0.0,0.0,7.79,0,0.0,0.0,0.0,0,0.0,0.0,0.0,0.0,0.0,0.0,7.19,0.0
2024-04-24,214.0,0.0,214.0,0.0,0.0,0.0,0.0,0,0.0,0.0,114.0,0,0.0,0.0,0.0,0,0.0,0.0,0.0,0.0,0.0,0.0,0.0,0.0
2024-04-26,210.0,0.0,210.0,0.0,0.0,0.0,0.0,0,0.0,0.0,70.2,0,0.0,0.0,0.0,0,0.0,0.0,0.0,0.0,0.0,0.0,12.7,0.0
2024-04-30,304.0,0.0,304.0,0.0,0.0,0.0,0.0,0,0.0,0.0,116.0,0,0.0,0.0,0.0,0,0.0,0.0,0.0,0.0,0.0,0.0,6.4,0.0
2024-05-02,372.0,0.0,372.0,0.0,0.0,0.0,0.0,0,0.0,0.0,222.0,0,0.0,0.0,0.0,0,0.0,0.0,0.0,0.0,0.0,0.0,5.58,0.0
2024-05-03,284.0,0.0,284.0,0.0,0.0,0.0,0.0,0,0.0,0.0,144.0,0,0.0,0.0,0.0,0,0.0,0.0,0.0,0.0,0.0,0.0,3.45,0.0
2024-05-06,188.0,0.0,188.0,0.0,0.0,0.0,0.0,0,0.0,0.0,116.0,0,0.0,0.0,0.0,0,0.0,0.0,0.0,0.0,0.0,0.0,5.88,0.0
2024-05-08,114.0,0.0,114.0,0.0,0.0,0.0,0.0,0,0.0,0.0,176.0,0,0.0,0.0,0.0,0,0.0,0.0,0.0,0.0,0.0,0.0,0.0,0.0
2024-05-10,172.0,0.0,172.0,0.0,0.0,0.0,0.0,0,5.77,0.0,121.0,0,0.0,0.0,0.0,0,0.0,0.0,0.0,0.0,0.0,0.0,5.44,0.0
2024-05-13,169.0,0.0,169.0,0.0,0.0,0.0,0.0,0,11.7,0.0,114.0,0,0.0,0.0,0.0,0,0.0,0.0,0.0,0.0,0.0,0.0,5.92,0.0
2024-05-15,159.8,0.0,159.8,0.0,0.0,0.0,0.0,0,0.0,0.0,136.9,0,0.0,0.0,0.0,0,0.0,0.0,0.0,0.0,0.0,0.0,0.0,0.0
2024-05-17,166.25,0.0,166.25,0.0,0.0,0.0,0.0,0,32.2,0.0,101.1,0,0.0,0.0,0.0,0,0.0,0.0,0.0,0.0,0.0,0.0,7.76,0.0
2024-05-20,76.0,0.0,76.0,0.0,0.0,0.0,0.0,0,46.9,0.0,49.9,0,0.0,0.0,0.0,0,0.0,0.0,0.0,0.0,0.0,0.0,2.1,0.0
2024-05-22,103.3,0.0,103.3,0.0,0.0,0.0,0.0,0,41.8,0.0,81.9,0,0.0,0.0,0.0,0,0.0,0.0,0.0,0.0,0.0,0.0,0.0,0.0
2024-05-24,95.0,0.0,95.0,0.0,0.0,0.0,0.0,0,26.4,0.0,93.6,0,0.0,0.0,0.0,0,0.0,0.0,0.0,0.0,0.0,0.0,0.0,0.0
2024-05-27,118.0,0.0,118.0,0.0,0.0,0.0,0.0,0,19.9,0.0,90.7,0,0.0,0.0,0.0,0,0.0,0.0,0.0,0.0,0.0,0.0,1.01,0.0
2024-05-29,111.54,0.0,111.54,0.0,0.0,0.0,0.0,0,17.5,0.0,70.7,0,0.0,0.0,0.0,0,0.0,0.0,0.0,0.0,0.0,0.0,0.0,0.0
2024-05-31,104.67,0.0,104.67,0.0,0.0,0.0,0.0,0,13.6,0.0,101.2,0,0.0,0.0,0.0,0,0.0,0.0,0.0,0.0,0.0,0.0,0.19,0.0
2024-06-03,43.29,0.0,43.29,0.0,0.0,0.0,0.0,0,22.3,0.0,41.2,0,0.0,0.0,0.0,0,0.0,0.0,0.0,0.0,0.0,0.0,0.0,0.0
2024-06-05,111.11,0.0,111.11,0.0,0.0,0.0,0.0,0,23.1,0.0,91.8,0,0.0,0.0,0.0,0,0.0,0.0,0.0,0.0,0.0,0.0,0.0,0.0
2024-06-07,86.7,0.0,86.7,0.0,0.0,0.0,0.0,0,38.9,0.0,70.8,0,0.0,0.0,0.0,0,0.0,0.0,0.0,0.0,0.0,0.0,2.73,0.0
2024-06-10,104.2,0.0,104.2,0.0,0.0,0.0,0.0,0,13.5,0.0,68.3,0,0.0,0.0,0.0,0,0.0,0.0,0.0,0.0,0.0,0.0,1.15,0.0
2024-06-12,154.1,0.0,154.1,0.0,0.0,0.0,0.0,0,24.9,0.0,105.31,0,0.0,0.0,0.0,0,0.0,0.0,0.0,0.0,0.0,0.0,13.32,0.0
2024-06-14,443.5,0.0,443.5,0.0,0.0,0.0,0.0,0,260.5,0.0,152.6,0,0.0,0.0,0.0,0,0.0,0.0,155.63,0.0,0.0,0.0,22.83,0.0
2024-06-17,264.0,0.0,264.0,0.0,0.0,0.0,0.0,0,155.6,0.0,142.62,0,0.0,0.0,0.0,0,0.0,0.0,0.0,0.0,0.0,0.0,5.79,0.0
2024-06-19,200.0,0.0,200.0,0.0,0.0,0.0,0.0,0,74.6,0.0,104.0,0,0.0,0.0,0.0,0,0.0,0.0,0.0,0.0,0.0,0.0,7.09,0.0
2024-06-21,215.0,0.0,215.0,0.0,0.0,0.0,0.0,0,50.5,0.0,138.0,0,0.0,0.0,0.0,0,0.0,0.0,0.0,0.0,0.0,0.0,1.76,0.0
2024-06-24,129.34,0.0,129.34,0.0,0.0,0.0,0.0,0,49.63,0.0,62.22,0,0.0,0.0,0.0,0,0.0,0.0,0.0,0.0,0.0,0.0,20.41,0.0
2024-06-26,209.0,0.0,209.0,0.0,0.0,0.0,0.0,0,36.0,0.0,126.0,0,0.0,0.0,0.0,0,0.0,0.0,0.0,0.0,0.0,0.0,8.98,0.0
2024-06-28,183.1,0.0,183.1,0.0,0.0,0.0,0.0,0,59.9,0.0,170.31,0,0.0,0.0,0.0,0,0.0,0.0,0.0,0.0,0.0,0.0,8.14,0.0
2024-07-01,154.8,0.0,154.8,0.0,0.0,0.0,0.0,0,50.1,0.0,100.92,0,0.0,0.0,0.0,0,0.0,0.0,0.0,0.0,0.0,0.0,8.37,0.0
2024-07-03,154.6,0.0,154.6,0.0,0.0,0.0,0.0,0,34.2,0.0,114.54,0,0.0,0.0,0.0,0,0.0,0.0,0.0,0.0,0.0,0.0,3.4,0.0
2024-07-05,143.8,0.0,143.8,0.0,0.0,0.0,0.0,0,46.7,0.0,114.67,0,0.0,0.0,0.0,0,0.0,0.0,0.0,0.0,0.0,0.0,4.69,0.0
2024-07-08,135.4,0.0,135.4,0.0,0.0,0.0,0.0,0,36.1,0.0,132.31,0,0.0,0.0,0.0,0,0.0,0.0,0.0,0.0,0.0,0.0,3.9,0.0
2024-07-10,93.6,0.0,93.6,0.0,0.0,0.0,0.0,0,31.6,0.0,114.14,0,0.0,0.0,0.0,0,0.0,0.0,0.0,0.0,0.0,0.0,3.96,0.0
2024-07-12,48.5,0.0,48.5,0.0,0.0,0.0,0.0,0,45.9,0.0,85.4,0,0.0,0.0,0.0,0,0.0,0.0,0.0,0.0,0.0,0.0,1.19,0.0
2024-07-15,115.0,0.0,115.0,0.0,0.0,0.0,0.0,0,33.8,0.0,93.36,0,0.0,0.0,0.0,0,0.0,0.0,0.0,0.0,0.0,0.0,1.07,0.0
2024-07-17,118.7,0.0,118.7,0.0,0.0,0.0,0.0,0,46.7,0.0,101.44,0,0.0,0.0,0.0,0,0.0,0.0,0.0,0.0,0.0,0.0,0.79,0.0
2024-07-19,109.6,0.0,109.6,0.0,0.0,0.0,0.0,0,27.7,0.0,94.33,0,0.0,0.0,0.0,0,0.0,0.0,0.0,0.0,0.0,0.0,2.76,0.0
2024-07-22,83.8,0.0,83.8,0.0,0.0,0.0,0.0,0,20.1,0.0,66.86,0,0.0,0.0,0.0,0,0.0,0.0,0.0,0.0,0.0,0.0,1.04,0.0
2024-07-24,90.4,0.0,90.4,0.0,0.0,0.0,0.0,0,26.3,0.0,79.6,0,0.0,0.0,0.0,0,0.0,0.0,0.0,0.0,0.0,0.0,5.8,0.0
2024-07-26,117.1,0.0,117.1,0.0,0.0,0.0,0.0,0,43.4,0.0,146.26,0,0.0,0.0,0.0,0,0.0,0.0,0.0,0.0,0.0,0.0,2.2,0.0
2024-07-29,84.4,0.0,84.4,0.0,0.0,0.0,0.0,0,37.3,0.0,84.9,0,0.0,0.0,0.0,0,0.0,0.0,0.0,0.0,0.0,0.0,2.66,0.0
2024-07-31,79.6,0.0,79.6,0.0,0.0,0.0,0.0,0,32.1,0.0,186.93,0,0.0,0.0,0.0,0,0.0,0.0,0.0,0.0,0.0,0.0,2.14,0.0
2024-08-02,42.5,0.0,42.5,0.0,0.0,0.0,0.0,0,35.8,0.0,161.32,0,0.0,0.0,0.0,0,0.0,0.0,0.0,0.0,0.0,0.0,7.31,0.0
2024-08-05,32.9,0.0,32.9,0.0,0.0,0.0,0.0,0,12.5,0.0,239.46,0,0.0,0.0,0.0,0,0.0,0.0,0.0,0.0,0.0,0.0,1.63,0.0
2024-08-07,24.3,0.0,24.3,0.0,0.0,0.0,0.0,0,42.2,0.0,46.24,0,0.0,0.0,0.0,0,0.0,0.0,0.0,0.0,0.0,0.0,4.62,0.0
2024-08-09,23.7,0.0,23.7,0.0,0.0,0.0,0.0,0,27.3,0.0,65.54,0,0.0,0.0,0.0,0,0.0,0.0,0.0,0.0,0.0,0.0,4.26,0.0
2024-08-12,14.1,0.0,14.1,0.0,0.0,0.0,0.0,0,33.4,0.0,73.15,0,0.0,0.0,0.0,0,0.0,0.0,0.0,0.0,0.0,0.0,6.52,0.0
2024-08-14,42.8,0.0,42.8,0.0,0.0,0.0,0.0,0,26.2,0.0,131.0,0,0.0,0.0,0.0,0,0.0,0.0,0.0,0.0,0.0,0.0,5.04,0.0
2024-08-16,18.6,0.0,18.6,0.0,0.0,0.0,0.0,0,51.2,0.0,48.9,0,0.0,0.0,0.0,0,0.0,0.0,0.0,0.0,0.0,0.0,2.28,0.0
2024-08-20,33.7,0.0,33.7,0.0,0.0,0.0,0.0,0,29.2,0.0,44.44,0,0.0,0.0,0.0,0,0.0,0.0,0.0,0.0,0.0,0.0,2.13,0.0
2024-08-21,23.4,0.0,23.4,0.0,0.0,0.0,0.0,0,26.2,0.0,104.73,0,0.0,0.0,0.0,0,0.0,0.0,0.0,0.0,0.0,0.0,2.09,0.0
2024-08-23,19.2,0.0,19.2,0.0,0.0,0.0,0.0,0,28.1,0.0,22.6,0,0.0,0.0,0.0,0,0.0,0.0,0.0,0.0,0.0,0.0,1.77,0.0
2024-08-26,50.3,0.0,50.3,0.0,0.0,0.0,0.0,0,42.4,0.0,155.4,0,0.0,0.0,0.0,0,0.0,0.0,0.0,0.0,0.0,0.0,1.14,0.0
2024-08-28,40.0,0.0,40.0,0.0,0.0,0.0,0.0,0,33.4,0.0,54.8,0,0.0,0.0,0.0,0,0.0,0.0,0.0,0.0,0.0,0.0,1.15,0.0
2024-08-30,37.2,0.0,37.2,0.0,0.0,0.0,0.0,0,38.5,0.0,62.2,0,0.0,0.0,0.0,0,0.0,0.0,0.0,0.0,0.0,0.0,1.37,0.0
2024-09-02,43.9,0.0,43.9,0.0,0.0,0.0,0.0,0,27.8,0.0,59.7,0,0.0,0.0,0.0,0,0.0,0.0,0.0,0.0,0.0,0.0,4.32,0.0
2024-09-04,63.7,0.0,63.7,0.0,0.0,0.0,0.0,0,64.5,0.0,163.0,0,0.0,0.0,0.0,0,0.0,0.0,0.0,0.0,0.0,0.0,2.6,0.0
2024-09-06,41.1,0.0,41.1,0.0,0.0,0.0,0.0,0,48.5,0.0,65.4,0,0.0,0.0,0.0,0,0.0,0.0,0.0,0.0,0.0,0.0,3.81,0.0
2024-09-11,13.3,0.0,13.3,0.0,0.0,0.0,0.0,0,22.2,0.0,58.0,0,0.0,0.0,0.0,0,0.0,0.0,0.0,0.0,0.0,0.0,1.56,0.0
2024-09-12,11.6,0.0,11.6,0.0,0.0,0.0,0.0,0,23.3,0.0,67.4,0,0.0,0.0,0.0,0,0.0,0.0,0.0,0.0,0.0,0.0,1.99,0.0
2024-09-13,45.8,0.0,45.8,0.0,0.0,0.0,0.0,0,21.3,0.0,73.9,0,0.0,0.0,0.0,0,0.0,0.0,0.0,0.0,0.0,0.0,3.65,0.0
2024-09-16,20.8,0.0,20.8,0.0,0.0,0.0,0.0,0,53.7,0.0,138.0,0,0.0,0.0,0.0,0,0.0,0.0,0.0,0.0,0.0,0.0,1.76,0.0
2024-09-18,74.1,0.0,74.1,0.0,0.0,0.0,0.0,0,31.0,0.0,73.1,0,0.0,0.0,0.0,0,0.0,0.0,0.0,0.0,0.0,0.0,3.06,0.0
2024-09-20,43.7,0.0,43.7,0.0,0.0,0.0,0.0,0,50.6,0.0,41.3,0,0.0,0.0,0.0,0,0.0,0.0,0.0,0.0,0.0,0.0,2.86,0.0
2024-09-23,47.7,0.0,47.7,0.0,0.0,0.0,0.0,0,24.1,0.0,80.7,0,0.0,0.0,0.0,0,0.0,0.0,0.0,0.0,0.0,0.0,3.58,0.0
2024-09-25,83.0,0.0,83.0,0.0,0.0,0.0,0.0,0,63.5,0.0,81.0,0,0.0,0.0,0.0,0,0.0,0.0,0.0,0.0,0.0,0.0,4.9,0.0
2024-09-30,28.5,0.0,28.5,0.0,0.0,0.0,0.0,0,54.2,0.0,22.6,0,0.0,0.0,0.0,0,0.0,0.0,0.0,0.0,0.0,0.0,2.91,0.0
2024-10-02,71.3,0.0,71.3,0.0,0.0,0.0,0.0,0,78.4,0.0,51.2,0,0.0,0.0,0.0,0,0.0,0.0,0.0,0.0,0.0,0.0,4.8,0.0
2024-10-04,4.4,0.0,4.4,0.0,0.0,0.0,0.0,0,30.0,0.0,31.7,0,0.0,0.0,0.0,0,0.0,0.0,0.0,0.0,0.0,0.0,2.38,0.0
2024-10-07,17.3,0.0,17.3,0.0,0.0,0.0,0.0,0,48.2,0.0,29.2,0,0.0,0.0,0.0,0,0.0,0.0,0.0,0.0,0.0,0.0,2.49,0.0
2024-10-11,31.7,0.0,31.7,0.0,0.0,0.0,0.0,0,4.8,0.0,23.0,0,0.0,0.0,0.0,0,0.0,0.0,0.0,0.0,0.0,0.0,2.11,0.0
2024-10-14,32.7,0.0,32.7,0.0,0.0,0.0,0.0,0,31.1,0.0,36.3,0,0.0,0.0,0.0,0,0.0,0.0,0.0,0.0,0.0,0.0,2.41,0.0
2024-10-16,57.1,0.0,57.1,0.0,0.0,0.0,0.0,0,52.5,0.0,68.82,0,0.0,0.0,0.0,0,0.0,0.0,0.0,0.0,0.0,0.0,2.75,0.0
2024-10-18,33.7,0.0,33.7,0.0,0.0,0.0,0.0,0,54.5,0.0,83.3,0,0.0,0.0,0.0,0,0.0,0.0,0.0,0.0,0.0,0.0,6.17,0.0
2024-10-21,62.7,0.0,62.7,0.0,0.0,0.0,0.0,0,60.1,0.0,77.9,0,0.0,0.0,0.0,0,0.0,0.0,0.0,0.0,0.0,0.0,6.89,0.0
2024-10-23,42.5,0.0,42.5,0.0,0.0,0.0,0.0,0,37.9,0.0,63.9,0,0.0,0.0,0.0,0,1.21,0.0,0.0,0.0,0.0,0.0,7.0,0.0
2024-10-25,48.3,0.0,48.3,0.0,0.0,0.0,0.0,0,52.3,0.0,43.0,0,0.0,0.0,0.0,0,0.0,0.0,0.0,0.0,0.0,0.0,4.96,0.0
2024-10-28,65.3,0.0,65.3,0.0,0.0,0.0,0.0,0,59.6,0.0,0.0,0,0.0,0.0,0.0,0,0.0,0.0,0.0,0.0,0.0,0.0,9.79,0.0
2024-10-30,141.0,0.0,141.0,0.0,0.0,0.0,0.0,0,88.0,0.0,0.0,0,0.0,0.0,0.0,0,0.0,0.0,7.72,0.0,0.0,0.0,5.6,0.0
2024-11-04,194.0,0.0,194.0,0.0,0.0,0.0,0.0,0,48.9,0.0,0.0,0,0.0,0.0,0.0,0,0.0,0.0,4.97,0.0,0.0,0.0,6.18,0.0
