Fecha,Drenaje Los Alcázares,Desembocadura rambla Albujón,Aguas arriba Barrio de la Fuensanta,Badén aguas abajo La Puebla,Pasaje la balsa,EDAR Torre-Pacheco,Tuberías salmuera bajo N-332,Canal D-7,Azud CHS,Tramo Medio Rambla Albujón,Surgencia,Aliviadero,Obra de paso bajo carretera Los Urrutia,Desembocadura rambla de Miranda,Desembocadura rambla del Miedo,El Carmolí,Desembocadura rambla de las Matildes,Rambla de las Matildes - corriente sur,Lo Poyo,Lengua de Vaca,Valla Militar,Freático Los Alcázares,Venta Simón
2019-08-30,10700,0,0.0,0.0,0.0,0.0,0.0,7250,0,0,0.0,0,0,0,0,0,0,0,0,0,0,0,0
2019-09-06,11400,0,0.0,0.0,0.0,0.0,0.0,7400,0,0,0.0,0,0,0,0,0,0,0,0,0,0,0,0
2019-09-20,0,6440,0.0,0.0,0.0,0.0,0.0,6430,7580,0,0.0,0,0,0,0,0,0,0,0,0,0,0,0
2019-09-26,0,7120,0.0,0.0,0.0,0.0,0.0,7460,7550,7930,0.0,0,0,0,0,0,0,0,0,0,0,0,0
2019-10-02,0,7420,0.0,0.0,0.0,0.0,0.0,7040,7980,8170,0.0,0,0,0,0,0,0,0,0,0,0,0,0
2019-10-09,0,8220,0.0,0.0,0.0,0.0,0.0,7490,8080,7900,0.0,0,0,0,0,0,0,0,0,0,0,0,0
2019-10-16,0,7930,0.0,0.0,0.0,0.0,0.0,7590,7830,7940,0.0,0,0,0,0,0,0,0,0,0,0,0,0
2019-10-23,12880,5640,0.0,0.0,0.0,0.0,0.0,7000,5050,2550,0.0,0,0,0,0,0,0,0,0,0,0,0,0
2019-10-30,11320,8230,0.0,0.0,0.0,0.0,0.0,7220,7400,6510,7660.0,0,0,0,0,0,0,0,0,0,0,0,0
2019-10-31,0,7730,0.0,0.0,0.0,0.0,0.0,0,0,0,0.0,0,10650,10270,53800,11760,13460,28000,0,0,0,0,0
2019-11-06,11060,7950,0.0,0.0,0.0,0.0,8570.0,7626,5150,4595,7520.0,0,0,0,0,0,0,0,0,0,0,0,0
2019-11-11,12200,8430,0.0,0.0,0.0,0.0,10040.0,8140,8390,8290,8370.0,0,11190,15300,42600,0,13540,38900,0,0,0,0,0
2019-11-19,12220,7140,0.0,0.0,0.0,0.0,9560.0,7930,6950,4000,8430.0,0,11040,34500,40700,14100,9530,29200,0,0,0,0,0
2019-11-26,11950,8110,0.0,0.0,0.0,0.0,9810.0,5100,7910,7500,8090.0,0,10910,49600,51500,12970,11740,25000,0,0,0,0,0
2019-12-05,10450,6220,0.0,0.0,0.0,0.0,8790.0,6620,6180,3870,7850.0,0,8560,6340,10180,17080,11600,24400,0,0,0,0,0
2019-12-10,10870,7170,0.0,0.0,0.0,0.0,9410.0,7390,7040,8000,8040.0,0,9790,9120,25900,0,12840,22500,0,0,0,0,0
2019-12-17,11300,7920,0.0,0.0,0.0,0.0,9610.0,7660,7760,7900,8210.0,0,9990,12480,41000,0,13130,21700,0,0,0,0,0
2019-12-23,11280,7990,0.0,0.0,0.0,0.0,9600.0,7700,7840,7840,8200.0,0,10050,17300,34700,0,13440,23600,0,0,0,0,0
2019-12-30,11180,8000,0.0,0.0,0.0,0.0,9890.0,7780,7870,7770,8110.0,0,10130,2570,35600,0,13470,21900,0,0,0,0,0
2020-01-07,11160,8060,0.0,0.0,0.0,0.0,9750.0,7690,7920,8010,8070.0,0,3840,28300,45600,0,14630,21300,0,0,0,0,0
2020-01-14,10860,7570,0.0,0.0,0.0,0.0,9440.0,7610,7410,5720,7930.0,0,10100,29600,21300,0,9720,21800,0,0,0,0,0
2020-01-22,0,2890,0.0,0.0,0.0,0.0,8170.0,3650,2410,7600,7820.0,0,6370,6500,7290,0,10840,16670,0,0,0,0,0
2020-01-28,10440,7500,0.0,0.0,0.0,0.0,9470.0,7600,7310,7890,8310.0,0,9600,10090,22400,0,12500,20300,0,0,0,0,0
2020-02-04,10880,7750,0.0,0.0,0.0,0.0,9700.0,7400,7630,7410,8170.0,0,9800,12300,24800,0,12350,20900,0,0,0,0,0
2020-02-11,10680,7700,0.0,0.0,0.0,0.0,9670.0,7250,7390,7840,8030.0,0,9960,22200,31700,0,12690,21400,0,0,0,0,0
2020-02-18,11070,7710,0.0,0.0,0.0,0.0,9680.0,7280,7590,8300,8670.0,0,10040,26300,27600,0,12640,22400,0,0,0,0,0
2020-02-25,11380,8500,0.0,0.0,0.0,0.0,10400.0,8140,8350,8800,8750.0,0,10630,28900,30300,0,14140,23600,0,0,0,0,0
2020-03-03,11220,8240,0.0,0.0,0.0,0.0,9850.0,7680,8080,8680,8360.0,0,10390,29800,44800,0,13410,26300,0,0,0,0,0
2020-03-10,10840,8090,0.0,0.0,0.0,0.0,9630.0,7590,7820,8110,8210.0,0,10350,31600,33100,0,13910,33300,0,0,0,0,0
2020-03-17,11210,8015,0.0,0.0,0.0,0.0,9840.0,7210,7740,7970,8590.0,0,10330,32070,48740,0,13960,26150,0,0,0,0,0
2020-03-26,6945,5677,0.0,0.0,0.0,0.0,3893.0,5742,5380,4220,7299.0,0,6993,3240,8040,11200,10885,13710,0,0,0,0,0
2020-03-31,9762,7653,0.0,0.0,0.0,0.0,8978.0,7475,7349,7191,8611.0,0,9290,7207,12720,11990,11940,16680,0,0,0,0,0
2020-04-07,9780,7640,0.0,0.0,0.0,0.0,8710.0,7430,7730,7940,8600.0,0,9820,10890,25900,10640,12570,20800,0,0,0,0,0
2020-04-14,9430,7740,0.0,0.0,0.0,0.0,8350.0,7980,7550,5680,8880.0,0,9770,15330,33500,10120,5990,19700,0,0,0,0,0
2020-04-21,0,7510,0.0,0.0,0.0,0.0,8530.0,7430,7190,7040,8480.0,0,8710,12380,38700,9650,11820,15060,0,0,0,0,0
2020-04-28,10610,7720,0.0,0.0,0.0,0.0,8690.0,8100,7520,6160,8650.0,0,9930,33400,48400,10070,13100,17250,0,0,0,0,0
2020-05-05,10250,8037,0.0,0.0,0.0,0.0,8931.0,8125,8065,7798,8265.0,0,9763,37100,61390,11640,14500,29660,0,0,0,0,0
2020-05-12,0,8285,0.0,0.0,0.0,0.0,9721.0,8853,7771,6653,9391.0,0,11550,42910,72120,0,14140,31850,0,0,0,0,0
2020-05-19,10130,7670,0.0,0.0,0.0,0.0,8370.0,7540,7530,8070,8410.0,0,9860,33500,49500,0,13190,18080,0,0,0,0,0
2020-05-26,0,7730,0.0,0.0,0.0,0.0,8330.0,8070,7460,6540,8540.0,0,10200,35400,51000,0,13720,23300,0,0,0,0,0
2020-06-01,0,7950,0.0,0.0,0.0,0.0,8600.0,8220,7660,6890,8860.0,0,10370,39200,48500,0,13450,18630,0,0,0,0,0
2020-06-09,5830,4090,0.0,0.0,0.0,0.0,5270.0,6390,3920,2070,8260.0,0,6560,44800,52900,0,5370,15500,0,0,0,0,0
2020-06-16,0,7477,0.0,0.0,0.0,0.0,8737.0,7839,7190,6386,8540.0,0,10240,51010,67470,0,14830,25440,0,0,0,0,0
2020-06-22,9738,8120,0.0,0.0,0.0,0.0,9956.0,8337,7897,6529,8471.0,0,10690,56430,77280,0,13570,29440,0,0,0,0,0
2020-06-30,9267,8262,0.0,0.0,0.0,0.0,9753.0,7784,8245,9115,8070.0,0,10140,55790,83910,0,15870,28620,0,0,0,0,0
2020-07-07,10360,8705,0.0,0.0,0.0,0.0,10330.0,8028,8635,9166,8355.0,0,10750,55730,97010,0,17130,28390,0,0,0,0,0
2020-07-14,0,8636,0.0,0.0,0.0,0.0,9920.0,7780,8560,9800,8180.0,0,10540,60580,80750,0,15890,28610,0,0,0,0,0
2020-07-21,0,7672,0.0,0.0,0.0,0.0,9925.0,7839,7422,6912,8339.0,0,10530,61470,83330,0,16300,29830,0,0,0,0,0
2020-07-28,10030,9266,0.0,0.0,0.0,0.0,10120.0,7825,8462,9660,8450.0,0,10690,63470,84380,0,16310,30780,0,0,0,0,0
2020-08-04,8134,8137,0.0,0.0,0.0,0.0,10360.0,7848,7436,6554,8186.0,8028,10098,67840,86650,0,17290,30560,0,0,0,0,0
2020-08-11,0,7844,0.0,0.0,0.0,0.0,10510.0,7764,7891,7646,8134.0,9329,10520,62130,75440,0,18310,38160,0,0,0,0,0
2020-08-18,10170,9372,0.0,0.0,0.0,0.0,10610.0,8125,8319,8347,8443.0,10390,10730,71200,92140,0,20400,33510,0,0,0,0,0
2020-08-25,8464,9331,0.0,0.0,0.0,0.0,10690.0,8080,8325,7469,8382.0,8375,10980,75320,103200,0,19350,34240,0,0,0,0,0
2020-09-01,8903,7808,0.0,0.0,0.0,0.0,10740.0,7803,7592,7070,8284.0,9075,10800,74880,95590,0,14150,31830,0,0,0,0,0
2020-09-08,0,7020,0.0,0.0,0.0,0.0,11340.0,8309,8695,7954,8892.0,12120,10050,70350,94070,0,13790,32790,0,0,0,0,0
2020-09-15,0,8540,0.0,0.0,0.0,0.0,10430.0,7970,8390,9420,9710.0,0,10570,69500,97600,0,13120,32200,0,0,0,0,0
2020-09-22,12580,8308,0.0,0.0,0.0,0.0,10540.0,7620,8220,9134,8458.0,12600,10340,72570,101900,0,15270,29470,0,0,0,0,0
2020-09-29,8896,10860,0.0,0.0,0.0,0.0,10530.0,7515,8628,9642,8425.0,8473,9215,75700,109500,0,16980,33900,0,0,0,0,0
2020-10-06,12210,8573,0.0,0.0,0.0,0.0,10910.0,8650,8540,9968,10980.0,12440,10010,77030,111100,0,15590,31670,0,0,0,0,0
2020-10-13,10120,8800,0.0,0.0,0.0,0.0,10580.0,7620,8840,10110,8430.0,9850,10070,71840,116350,0,16090,30400,0,0,0,0,0
2020-10-20,8902,11710,0.0,0.0,0.0,0.0,10280.0,7392,7903,8988,7732.0,8255,10320,71420,97310,0,16570,30360,0,0,0,0,0
2020-10-27,9803,8738,0.0,0.0,0.0,0.0,10430.0,8215,9010,9250,0.0,9452,10820,72280,108800,0,18970,33820,0,0,0,0,0
2020-11-03,9707,11960,0.0,0.0,0.0,0.0,11300.0,8216,9251,10300,8970.0,9513,10590,73680,120100,0,18450,30060,0,0,0,0,0
2020-11-10,0,8230,0.0,0.0,0.0,0.0,0.0,7472,0,9382,0.0,8745,9380,0,0,0,0,26240,0,0,0,0,0
2020-11-17,0,8008,0.0,0.0,0.0,0.0,0.0,7267,0,9336,0.0,8556,9235,0,0,0,0,25130,0,0,0,0,0
2020-11-24,0,8145,0.0,0.0,0.0,0.0,0.0,7545,0,9502,0.0,9043,9702,0,0,0,0,24240,0,0,0,0,0
2020-12-01,0,0,0.0,0.0,0.0,0.0,0.0,7451,0,9642,0.0,8075,9560,0,0,0,0,27350,0,0,0,0,0
2020-12-08,0,0,0.0,0.0,0.0,0.0,0.0,7750,0,9770,0.0,8840,10030,0,0,0,0,28000,0,0,0,0,0
2020-12-15,0,0,0.0,0.0,0.0,0.0,0.0,7750,0,9950,0.0,8890,10130,0,0,0,0,26580,0,0,0,0,0
2020-12-22,0,0,0.0,0.0,0.0,0.0,0.0,7480,0,9338,0.0,8776,10410,0,0,0,0,25450,0,0,0,0,0
2020-12-29,0,8188,0.0,0.0,0.0,0.0,0.0,7397,0,8309,0.0,8676,9883,0,0,0,0,25820,0,0,0,0,0
2021-01-05,0,8890,0.0,0.0,0.0,0.0,0.0,8170,0,10380,0.0,0,10870,0,0,0,0,26100,0,0,0,0,0
2021-01-12,8900,7560,0.0,0.0,0.0,0.0,0.0,7460,0,6070,0.0,0,9600,0,0,0,17600,19300,0,0,0,0,0
2021-01-19,0,7650,0.0,0.0,0.0,0.0,0.0,6770,0,8700,0.0,8600,8900,0,0,0,18100,23800,0,0,0,0,0
2021-01-26,0,0,0.0,0.0,0.0,0.0,0.0,7670,0,9400,0.0,8900,9600,0,0,0,17200,24200,0,0,0,0,0
2021-02-02,0,8447,0.0,0.0,0.0,0.0,0.0,8482,0,9387,0.0,0,10080,0,0,0,0,22590,0,0,0,0,0
2021-02-09,0,8305,0.0,0.0,0.0,0.0,0.0,7776,0,9447,0.0,0,9670,0,0,0,0,24827,0,0,0,0,0
2021-02-16,0,9310,0.0,0.0,0.0,0.0,0.0,8224,0,9718,0.0,0,9203,0,0,0,0,24970,0,0,0,0,0
2021-02-23,0,8392,0.0,0.0,0.0,0.0,0.0,6715,0,9501,0.0,0,9708,0,0,0,0,26496,0,0,0,0,0
2021-03-02,0,8431,0.0,0.0,0.0,0.0,0.0,7764,0,9462,0.0,8969,9738,0,0,0,0,27646,0,0,0,0,0
2021-03-09,5640,2570,0.0,0.0,0.0,0.0,2960.0,4120,0,863,0.0,0,6390,47600,70700,0,4630,17630,0,0,0,0,0
2021-03-16,9026,8135,0.0,0.0,0.0,0.0,10783.0,7582,0,9007,0.0,8874,9280,0,0,13500,16435,22843,0,0,0,0,0
2021-03-23,8701,7863,0.0,0.0,0.0,0.0,10553.0,7390,0,8710,0.0,8620,8895,0,0,0,14258,20860,0,0,0,0,0
2021-03-30,8837,8009,0.0,0.0,0.0,0.0,0.0,7534,0,9255,0.0,8644,9223,0,0,11195,0,24854,0,0,0,0,0
2021-04-07,0,8450,0.0,0.0,0.0,0.0,0.0,7703,0,9406,0.0,9050,9456,0,0,0,0,28838,0,0,0,0,0
2021-04-13,0,8013,0.0,0.0,0.0,0.0,0.0,7474,0,8687,0.0,8794,9251,0,0,0,0,23203,0,0,0,0,0
2021-04-20,0,8063,0.0,0.0,0.0,0.0,0.0,7581,0,8914,0.0,8805,9070,0,0,0,0,23483,0,0,0,0,0
2021-04-27,0,6772,0.0,0.0,0.0,0.0,0.0,7427,0,4535,0.0,7683,8948,0,0,0,0,23190,0,0,0,0,0
2021-05-04,0,0,0.0,0.0,0.0,0.0,0.0,6785,0,8892,0.0,8295,9201,0,0,0,28772,30762,0,0,0,0,0
2021-05-11,0,7799,0.0,0.0,0.0,0.0,0.0,7500,0,9464,0.0,8645,9373,0,0,0,0,32655,0,0,0,0,0
2021-05-18,0,8324,0.0,0.0,0.0,0.0,0.0,7721,0,9647,0.0,0,9146,0,0,0,0,36655,0,0,0,0,0
2021-05-25,0,6145,0.0,0.0,0.0,0.0,0.0,6763,0,3916,0.0,7682,7886,0,0,0,7542,20168,0,0,0,0,0
2021-06-01,0,8341,0.0,0.0,0.0,0.0,0.0,7672,0,9035,0.0,8836,9504,10140,0,0,6076,27213,0,0,0,0,0
2021-06-07,0,8262,0.0,0.0,0.0,0.0,0.0,7629,0,8757,0.0,9145,9366,10811,0,0,0,25670,0,0,0,0,0
2021-06-14,0,8175,0.0,0.0,0.0,0.0,0.0,7713,0,7080,0.0,0,9715,13645,0,0,54955,39620,0,0,0,0,0
2021-06-21,0,8805,0.0,0.0,0.0,0.0,0.0,8046,0,10090,0.0,0,9830,31007,0,0,0,39056,0,0,0,0,0
2021-06-28,0,8333,0.0,0.0,0.0,0.0,0.0,7843,0,9157,0.0,0,9650,40830,0,0,0,43799,0,0,0,0,0
2021-07-05,0,7120,0.0,0.0,0.0,0.0,0.0,7641,0,6552,0.0,8812,9492,42305,0,0,0,37101,0,0,0,0,0
2021-07-12,0,7296,0.0,0.0,0.0,0.0,0.0,7715,0,5803,0.0,8825,9341,44039,0,0,0,46233,0,0,0,0,0
2021-07-19,0,7514,0.0,0.0,0.0,0.0,0.0,7883,0,7281,0.0,0,9715,49347,0,0,0,42145,0,0,0,0,0
2021-07-26,0,7000,0.0,0.0,0.0,0.0,0.0,7712,0,6094,0.0,0,9678,55542,0,0,0,41149,0,0,0,0,0
2021-08-02,0,8027,0.0,0.0,0.0,0.0,0.0,8032,0,7954,0.0,0,10171,57721,0,0,0,41032,0,0,0,0,0
2021-08-09,0,8220,0.0,0.0,0.0,0.0,0.0,7775,0,8217,0.0,0,0,0,0,0,0,44472,0,0,0,0,0
2021-08-16,0,8216,0.0,0.0,0.0,0.0,0.0,7744,0,8249,0.0,0,0,0,0,0,0,42963,0,0,0,0,0
2021-08-23,0,6819,0.0,0.0,0.0,0.0,0.0,5828,0,7685,0.0,0,0,0,0,0,0,47632,0,0,0,0,0
2021-08-24,0,6861,0.0,0.0,0.0,0.0,0.0,0,0,0,0.0,0,0,0,0,0,0,0,0,0,0,0,0
2021-08-25,0,7176,0.0,0.0,0.0,0.0,0.0,0,0,0,0.0,0,0,0,0,0,0,0,0,0,0,0,0
2021-08-26,0,7194,0.0,0.0,0.0,0.0,0.0,0,0,0,0.0,0,0,0,0,0,0,0,0,0,0,0,0
2021-08-28,0,8265,0.0,0.0,0.0,0.0,0.0,0,0,0,0.0,0,0,0,0,0,0,0,0,0,0,0,0
2021-08-29,0,7925,0.0,0.0,0.0,0.0,0.0,0,0,0,0.0,0,0,0,0,0,0,0,0,0,0,0,0
2021-08-30,0,8127,0.0,0.0,0.0,0.0,0.0,7784,0,8762,0.0,0,0,0,0,0,0,48090,0,0,0,0,0
2021-08-31,0,8083,0.0,0.0,0.0,0.0,0.0,0,0,0,0.0,0,0,0,0,0,0,0,0,0,0,0,0
2021-09-01,0,8557,0.0,0.0,0.0,0.0,0.0,0,0,0,0.0,0,0,0,0,0,0,0,0,0,0,0,0
2021-09-02,0,8336,0.0,0.0,0.0,0.0,0.0,0,0,0,0.0,0,0,0,0,0,0,0,0,0,0,0,0
2021-09-03,0,8058,0.0,0.0,0.0,0.0,0.0,7856,0,0,0.0,0,0,0,0,0,0,0,0,0,0,0,0
2021-09-04,0,7226,0.0,0.0,0.0,0.0,0.0,0,0,0,0.0,0,0,0,0,0,0,0,0,0,0,0,0
2021-09-05,0,7848,0.0,0.0,0.0,0.0,0.0,0,0,0,0.0,0,0,0,0,0,0,0,0,0,0,0,0
2021-09-06,0,8710,7533.0,0.0,0.0,0.0,0.0,7884,0,6350,0.0,0,0,0,0,0,0,38520,0,0,0,0,0
2021-09-07,0,7724,7530.0,6934.0,3496.0,9655.0,0.0,7866,0,0,0.0,0,0,0,0,0,0,0,0,0,0,0,0
2021-09-08,0,7958,7837.0,6193.0,9472.0,9999.0,0.0,5771,0,0,0.0,0,0,0,0,0,0,0,0,0,0,0,0
2021-09-09,0,7807,7638.0,7463.0,10382.0,9925.0,0.0,8005,0,0,0.0,0,0,0,0,0,0,0,0,0,0,0,0
2021-09-10,0,8422,8117.0,8186.0,10708.0,10148.0,0.0,8116,0,0,0.0,0,0,0,0,0,0,0,0,0,0,0,0
2021-09-11,0,8083,0.0,0.0,0.0,0.0,0.0,0,0,0,0.0,0,0,0,0,0,0,0,0,0,0,0,0
2021-09-12,0,8672,0.0,0.0,0.0,0.0,0.0,0,0,0,0.0,0,0,0,0,0,0,0,0,0,0,0,0
2021-09-13,0,8478,8523.0,10415.0,10263.0,10217.0,0.0,8243,0,9108,0.0,0,0,0,0,0,0,44825,0,0,0,0,0
2021-09-14,0,8930,8703.0,10045.0,10646.0,10082.0,0.0,8176,0,0,0.0,0,0,0,0,0,0,0,0,0,0,0,0
2021-09-15,0,8353,8027.0,8696.0,9853.0,9365.0,0.0,7441,0,0,0.0,0,0,0,0,0,0,0,0,0,0,0,0
2021-09-16,0,8179,7839.0,8455.0,9911.0,9452.0,0.0,7598,0,0,0.0,0,0,0,0,0,0,0,0,0,0,0,0
2021-09-17,0,8230,8006.0,8585.0,9949.0,9593.0,0.0,7655,0,0,0.0,0,0,0,0,0,0,0,0,0,0,0,0
2021-09-18,0,8389,0.0,0.0,0.0,0.0,0.0,0,0,0,0.0,0,0,0,0,0,0,0,0,0,0,0,0
2021-09-19,0,8403,0.0,0.0,0.0,0.0,0.0,0,0,0,0.0,0,0,0,0,0,0,0,0,0,0,0,0
2021-09-20,0,8407,0.0,0.0,0.0,0.0,0.0,7841,0,9332,0.0,0,0,0,0,0,0,36518,0,0,0,0,0
2021-09-23,0,5845,0.0,0.0,0.0,0.0,0.0,7426,0,0,0.0,0,0,0,0,0,0,42155,46684,64112,0,0,0
2021-09-30,0,7739,0.0,0.0,0.0,0.0,0.0,7994,0,0,0.0,0,0,0,0,0,0,36432,45341,60291,0,8502,9395
2021-10-08,0,7571,0.0,0.0,0.0,0.0,0.0,7598,0,0,0.0,0,0,0,0,0,0,33938,43105,57297,0,8335,8741
2021-10-15,0,8003,0.0,0.0,0.0,0.0,0.0,7294,0,0,0.0,0,0,0,0,0,0,33762,43949,54839,0,8264,8158
2021-10-22,0,7755,0.0,0.0,0.0,0.0,0.0,7171,0,0,0.0,0,0,0,0,0,0,31755,39250,58728,0,8474,0
2021-10-28,0,4830,0.0,0.0,0.0,0.0,0.0,5995,0,0,0.0,0,0,0,0,0,0,29552,36154,58004,0,7112,6196
2021-11-05,0,7305,0.0,0.0,0.0,0.0,0.0,7331,0,0,0.0,0,0,0,0,0,0,28031,37759,60059,0,7880,7744
2021-11-11,0,7149,0.0,0.0,0.0,0.0,0.0,7106,0,0,0.0,0,0,0,0,0,0,25779,29637,59957,0,7749,7539
2021-11-18,0,7354,0.0,0.0,0.0,0.0,0.0,7303,0,0,0.0,0,0,0,0,0,0,25560,28929,59102,0,7841,7846
2021-11-25,0,6845,0.0,0.0,0.0,0.0,0.0,7399,0,0,0.0,0,8733,7044,0,0,0,22542,21099,59800,0,7055,7042
2021-12-02,0,7539,0.0,0.0,0.0,0.0,0.0,7724,0,0,0.0,0,8995,9200,0,0,0,24285,32023,59916,0,8011,7920
2021-12-10,0,7334,0.0,0.0,0.0,0.0,0.0,7463,0,0,0.0,0,9051,10140,0,0,16262,23326,24562,53632,12160,8486,9561
2021-12-17,0,7488,0.0,0.0,0.0,0.0,0.0,7913,0,0,0.0,0,9401,10920,0,0,0,23942,25734,52302,0,9875,0
2021-12-23,0,7527,0.0,0.0,0.0,0.0,0.0,7505,0,0,0.0,0,9090,10740,0,0,0,22281,43317,68860,12969,12760,7983
2021-12-30,0,7660,0.0,0.0,0.0,0.0,0.0,7804,0,0,0.0,0,9305,11138,0,0,0,22746,27221,56950,0,8327,8052
2022-01-04,0,7957,0.0,0.0,0.0,0.0,0.0,7513,0,0,0.0,0,9354,14468,0,0,0,27969,31625,59817,7537,7358,8062
2022-01-13,0,7469,0.0,0.0,0.0,0.0,0.0,6854,0,0,0.0,0,9208,9173,0,0,0,22570,22953,45494,11909,8091,7934
2022-01-20,0,6953,0.0,0.0,0.0,0.0,0.0,7450,0,0,0.0,0,8842,13430,0,0,0,22104,22739,40921,10152,7291,7365
2022-01-25,0,7460,0.0,0.0,0.0,0.0,0.0,7552,0,0,0.0,0,9153,11769,0,0,12440,21262,21784,41050,11860,8063,7791
2022-02-02,0,7490,0.0,0.0,0.0,0.0,0.0,7481,0,0,0.0,0,9207,11358,0,0,12125,22375,22125,41209,10918,8052,7892
2022-02-10,0,7517,0.0,0.0,0.0,0.0,0.0,7569,0,0,0.0,0,9499,11437,0,0,0,21487,25690,34664,0,8462,7915
2022-02-16,0,7930,0.0,0.0,0.0,0.0,0.0,7789,0,0,0.0,0,9684,11819,0,0,0,24912,27588,36499,12715,8039,7815
2022-02-24,0,7929,0.0,0.0,0.0,0.0,0.0,7514,0,0,0.0,0,9556,14750,0,0,0,22208,26638,31715,12099,8374,8220
2022-03-02,0,7771,0.0,0.0,0.0,0.0,0.0,7552,0,0,0.0,0,9590,21053,0,0,0,25827,31550,29205,0,7824,0
2022-03-10,0,7186,0.0,0.0,0.0,0.0,0.0,7441,0,0,0.0,0,8764,8700,0,0,9734,19523,21569,17700,12093,8013,7996
2022-03-15,0,7596,0.0,0.0,0.0,0.0,0.0,7406,0,0,0.0,0,9261,9563,0,0,0,24684,28610,0,8530,8162,0
2022-03-24,0,3194,0.0,0.0,0.0,0.0,0.0,5984,0,0,0.0,0,7316,5143,0,0,12063,15881,14932,0,6452,6651,0
2022-03-31,0,6689,0.0,0.0,0.0,0.0,0.0,6827,0,0,0.0,6150,9920,8387,0,0,12236,10518,11513,9967,7967,8249,0
2022-04-06,0,4871,0.0,0.0,0.0,0.0,0.0,5894,0,0,0.0,2081,6612,1649,0,3182,6105,5093,6238,1825,6132,6078,0
2022-04-11,0,6737,0.0,0.0,0.0,0.0,0.0,6625,0,0,0.0,8699,9402,7970,0,0,11281,16121,14342,0,9583,9359,0
2022-04-21,0,4771,0.0,0.0,0.0,0.0,0.0,4679,0,0,0.0,0,7515,8467,0,0,9424,12400,13243,41711,7353,6483,0
2022-04-27,0,6963,0.0,0.0,0.0,0.0,0.0,7482,0,0,0.0,0,9066,8562,0,0,12123,15500,23382,48360,11232,8809,0
2022-05-05,0,4742,0.0,0.0,0.0,0.0,0.0,4546,0,0,0.0,6707,6630,8479,0,0,7527,11010,15343,21508,9445,6969,0
2022-05-12,0,7574,0.0,0.0,0.0,0.0,0.0,7624,0,0,0.0,0,9549,9308,0,0,15499,13820,20939,36630,0,8692,0
2022-05-19,0,7651,0.0,0.0,0.0,0.0,0.0,7849,0,0,0.0,0,9689,9391,0,0,14879,14020,22850,37877,0,8998,0
2022-05-26,0,6987,0.0,0.0,0.0,0.0,0.0,8023,0,0,0.0,0,9204,9749,0,0,55133,19157,29373,43770,9666,8387,0
2022-06-02,0,6647,0.0,0.0,0.0,0.0,0.0,7039,0,0,0.0,0,7876,45835,0,0,47792,16141,24555,39920,0,8599,0
2022-06-03,0,6757,0.0,0.0,0.0,0.0,0.0,6974,0,0,0.0,0,7889,45748,0,0,0,15935,27278,53529,0,8957,0
2022-06-04,0,7140,0.0,0.0,0.0,0.0,0.0,7655,0,0,0.0,0,8483,45301,0,0,0,15337,25903,48163,0,8628,0
2022-06-05,0,7052,0.0,0.0,0.0,0.0,0.0,7810,0,0,0.0,0,8483,46422,0,0,0,22803,29907,50291,0,8606,0
2022-06-06,0,7439,0.0,0.0,0.0,0.0,0.0,7878,0,0,0.0,0,8852,53647,0,0,0,18696,26517,55653,0,9290,0
2022-06-07,0,6163,0.0,0.0,0.0,0.0,0.0,6735,0,0,0.0,0,7427,48133,0,0,0,16349,22677,45928,0,7683,0
2022-06-08,0,7010,0.0,0.0,0.0,0.0,0.0,7428,0,0,0.0,0,8332,51568,0,0,0,18248,26371,49312,0,9357,0
2022-06-09,0,6902,0.0,0.0,0.0,0.0,0.0,7388,0,0,0.0,0,8287,53867,0,0,0,19319,27551,55938,0,9786,0
2022-06-10,0,6826,0.0,0.0,0.0,0.0,0.0,7265,0,0,0.0,0,8136,50688,0,0,0,18223,26974,49131,0,9131,0
2022-06-11,0,6886,0.0,0.0,0.0,0.0,0.0,7231,0,0,0.0,0,8086,46097,0,0,0,19213,27989,47296,0,9303,0
2022-06-12,0,6731,0.0,0.0,0.0,0.0,0.0,7234,0,0,0.0,0,8073,45088,0,0,0,18521,28624,46662,0,9352,0
2022-06-13,0,6598,0.0,0.0,0.0,0.0,0.0,7024,0,0,0.0,0,8548,45527,0,0,0,19002,24548,45374,0,8417,0
2022-06-14,0,7116,0.0,0.0,0.0,0.0,0.0,7921,0,0,0.0,0,8690,0,0,0,0,20223,27398,57795,0,9114,0
2022-06-15,0,7254,0.0,0.0,0.0,0.0,0.0,7693,0,0,0.0,0,8520,0,0,0,0,18998,29012,0,0,8428,0
2022-06-16,0,6110,0.0,0.0,0.0,0.0,0.0,6610,0,0,0.0,7210,7270,0,0,0,0,16230,24350,0,0,7220,0
2022-06-17,0,7290,0.0,0.0,0.0,0.0,0.0,7820,0,0,0.0,0,8740,0,0,0,0,20350,28560,0,0,8570,0
2022-06-18,0,6780,0.0,0.0,0.0,0.0,0.0,7290,0,0,0.0,0,8483,0,0,0,0,19300,26780,0,0,7820,0
2022-06-19,0,6610,0.0,0.0,0.0,0.0,0.0,7690,0,0,0.0,0,8110,0,0,0,0,20540,26920,0,0,7870,0
2022-06-20,0,7080,0.0,0.0,0.0,0.0,0.0,7310,0,0,0.0,0,8020,0,0,0,0,20230,25800,0,0,7910,0
2022-06-21,0,6432,0.0,0.0,0.0,0.0,0.0,6891,0,0,0.0,0,7660,0,0,0,0,20112,29563,0,0,8318,0
2022-06-22,0,6293,0.0,0.0,0.0,0.0,0.0,6656,0,0,0.0,0,7434,0,0,0,0,18402,28757,0,0,8494,0
2022-06-23,0,6749,0.0,0.0,0.0,0.0,0.0,6497,0,0,0.0,0,7487,0,0,0,0,19226,27861,0,0,8170,0
2022-06-24,0,6951,0.0,0.0,0.0,0.0,0.0,7186,0,0,0.0,0,8083,0,0,0,0,19615,27170,0,0,9254,0
2022-06-25,0,6451,0.0,0.0,0.0,0.0,0.0,6737,0,0,0.0,7816,8012,0,0,0,0,19301,28497,0,0,9314,0
2022-06-26,0,6432,0.0,0.0,0.0,0.0,0.0,6701,0,0,0.0,7794,8007,0,0,0,0,20254,30053,0,0,9527,0
2022-06-27,0,6514,0.0,0.0,0.0,0.0,0.0,6894,0,0,0.0,0,7925,0,0,0,0,20642,33206,0,0,10123,0
2022-06-28,0,6690,0.0,0.0,0.0,0.0,0.0,6615,0,0,0.0,7522,7725,0,0,0,0,19475,29206,0,0,9173,0
2022-06-29,0,6034,0.0,0.0,0.0,0.0,0.0,6523,0,0,0.0,8654,8874,0,0,0,0,18893,30176,0,0,10071,0
2022-06-30,0,6847,0.0,0.0,0.0,0.0,0.0,6716,0,0,0.0,9319,8018,0,0,0,0,19712,31037,0,0,10021,0
2022-07-01,0,6987,0.0,0.0,0.0,0.0,0.0,7250,0,0,0.0,8193,8365,0,0,0,0,21576,34524,0,0,8551,0
2022-07-02,0,6998,0.0,0.0,0.0,0.0,0.0,7159,0,0,0.0,0,8129,0,0,0,0,21670,33200,0,0,9113,0
2022-07-03,0,7016,0.0,0.0,0.0,0.0,0.0,7233,0,0,0.0,0,8214,0,0,0,0,20930,33420,0,0,8930,0
2022-07-04,0,6365,0.0,0.0,0.0,0.0,0.0,6165,0,0,0.0,0,7766,0,0,0,0,19456,29514,0,0,7884,0
2022-07-05,0,6890,0.0,0.0,0.0,0.0,0.0,7040,0,0,0.0,0,8440,0,0,0,0,21400,31090,59900,0,8820,0
2022-07-06,0,6470,0.0,0.0,0.0,0.0,0.0,6520,0,0,0.0,0,7880,0,0,0,0,21120,34400,0,0,8080,0
2022-07-07,0,6714,0.0,0.0,0.0,0.0,0.0,6787,0,0,0.0,0,8331,0,0,0,0,21224,29573,0,0,8148,0
2022-07-08,0,6288,0.0,0.0,0.0,0.0,0.0,6496,0,0,0.0,0,7937,0,0,0,0,20135,31554,0,0,8577,0
2022-07-09,0,6842,0.0,0.0,0.0,0.0,0.0,6718,0,0,0.0,0,8783,0,0,0,0,23246,33198,0,0,8444,0
2022-07-10,0,6788,0.0,0.0,0.0,0.0,0.0,6645,0,0,0.0,0,8240,0,0,0,0,21136,32185,0,0,8299,0
2022-07-11,0,6899,0.0,0.0,0.0,0.0,0.0,6704,0,0,0.0,0,8561,0,0,0,0,21980,33100,0,0,8354,0
2022-07-12,0,6560,0.0,0.0,0.0,0.0,0.0,6370,0,0,0.0,0,8040,0,0,0,0,22410,29220,0,0,7590,0
2022-07-13,0,6766,0.0,0.0,0.0,0.0,0.0,6492,0,0,0.0,0,8318,0,0,0,0,22090,30010,0,0,7788,0
2022-07-14,0,6340,0.0,0.0,0.0,0.0,0.0,6480,0,0,0.0,0,8450,0,0,0,0,23090,32000,0,0,7530,0
2022-07-15,0,6413,0.0,0.0,0.0,0.0,0.0,6499,0,0,0.0,0,8489,0,0,0,0,23129,31988,0,0,7665,0
2022-07-16,0,6558,0.0,0.0,0.0,0.0,0.0,6960,0,0,0.0,0,7876,0,0,0,0,22557,33032,0,0,7969,0
2022-07-17,0,6613,0.0,0.0,0.0,0.0,0.0,6991,0,0,0.0,0,8196,0,0,0,0,22860,32985,0,0,7960,0
2022-07-18,0,7572,0.0,0.0,0.0,0.0,0.0,7385,0,0,0.0,0,8512,0,0,0,0,24535,33817,0,0,7932,0
2022-07-19,0,7213,0.0,0.0,0.0,0.0,0.0,7098,0,0,0.0,0,8344,0,0,0,0,23061,34566,0,0,7899,0
2022-07-20,0,6712,0.0,0.0,0.0,0.0,0.0,7221,0,0,0.0,0,8202,0,0,0,0,24360,35035,0,0,7773,0
2022-07-21,0,7024,0.0,0.0,0.0,0.0,0.0,7518,0,0,0.0,0,8571,0,0,0,0,27140,35670,0,0,8109,0
2022-07-22,0,6510,0.0,0.0,0.0,0.0,0.0,7180,0,0,0.0,0,8220,0,0,0,0,24900,37360,0,0,7510,0
2022-07-23,0,7080,0.0,0.0,0.0,0.0,0.0,7886,0,0,0.0,0,8003,0,0,0,0,24100,34883,0,0,8224,0
2022-07-24,0,7062,0.0,0.0,0.0,0.0,0.0,7612,0,0,0.0,0,8543,0,0,0,0,23912,33210,0,0,8125,0
2022-07-25,0,8260,0.0,0.0,0.0,0.0,0.0,7832,0,0,0.0,0,8890,0,0,0,0,26505,31496,0,0,9727,0
2022-07-26,0,6722,0.0,0.0,0.0,0.0,0.0,7514,0,0,0.0,0,8560,0,0,0,0,27968,33225,0,0,7948,0
2022-07-27,0,6201,0.0,0.0,0.0,0.0,0.0,6728,0,0,0.0,0,7654,0,0,0,0,22708,32808,0,0,7043,6697
2022-07-28,0,6754,0.0,0.0,0.0,0.0,0.0,7242,0,0,0.0,0,8404,0,0,0,0,24880,36784,0,0,7610,0
2022-07-29,0,7163,0.0,0.0,0.0,0.0,0.0,7735,0,0,0.0,0,8817,0,0,0,0,25932,38353,0,0,7962,0
2022-07-30,0,6963,0.0,0.0,0.0,0.0,0.0,8058,0,0,0.0,0,9434,0,0,0,0,25327,33274,0,0,7955,0
2022-07-31,0,7046,0.0,0.0,0.0,0.0,0.0,7978,0,0,0.0,0,9088,0,0,0,0,24150,32563,0,0,7639,0
2022-08-01,0,6031,0.0,0.0,0.0,0.0,0.0,6160,0,0,0.0,0,8892,0,0,0,0,26522,33726,0,0,7859,0
2022-08-02,0,6044,0.0,0.0,0.0,0.0,0.0,6554,0,0,0.0,0,7502,0,0,0,0,22568,30852,0,0,6744,0
2022-08-03,0,8193,0.0,0.0,0.0,0.0,0.0,9046,0,0,0.0,0,0,0,0,0,0,31729,48888,0,0,9212,8815
2022-08-04,0,6169,0.0,0.0,0.0,0.0,0.0,6907,0,0,0.0,0,0,0,0,0,0,23368,34898,0,0,6890,0
2022-08-05,0,6574,0.0,0.0,0.0,0.0,0.0,7159,0,0,0.0,0,0,0,0,0,0,25582,38689,0,0,7189,0
2022-08-06,0,6442,0.0,0.0,0.0,0.0,0.0,7036,0,0,0.0,0,0,0,0,0,0,25118,39705,0,0,7023,0
2022-08-07,0,6658,0.0,0.0,0.0,0.0,0.0,7213,0,0,0.0,0,0,0,0,0,0,24158,38614,0,0,7005,0
2022-08-08,0,6780,0.0,0.0,0.0,0.0,0.0,6090,0,0,0.0,0,0,0,0,0,0,22390,30820,0,0,7350,0
2022-08-09,0,6766,0.0,0.0,0.0,0.0,0.0,6124,0,0,0.0,0,0,0,0,0,0,22988,31457,0,0,7299,0
2022-08-10,0,6903,0.0,0.0,0.0,0.0,0.0,7614,0,0,0.0,0,0,0,0,0,0,28820,39160,0,0,7773,7374
2022-08-11,0,6834,0.0,0.0,0.0,0.0,0.0,7521,0,0,0.0,0,0,0,0,0,0,27352,36616,0,0,7696,0
2022-08-12,0,6768,0.0,0.0,0.0,0.0,0.0,7636,0,0,0.0,0,0,0,0,0,0,26070,39320,0,0,7732,0
2022-08-13,0,6636,0.0,0.0,0.0,0.0,0.0,7432,0,0,0.0,0,0,0,0,0,0,27325,39675,0,0,7987,0
2022-08-14,0,6592,0.0,0.0,0.0,0.0,0.0,7538,0,0,0.0,0,0,0,0,0,0,26877,38950,0,0,7865,0
2022-08-15,0,6686,0.0,0.0,0.0,0.0,0.0,7493,0,0,0.0,0,0,0,0,0,0,27456,39306,0,0,7699,0
2022-08-16,0,7319,0.0,0.0,0.0,0.0,0.0,7704,0,0,0.0,0,0,0,0,0,0,25930,34680,0,0,8346,0
2022-08-17,0,6884,0.0,0.0,0.0,0.0,0.0,7698,0,0,0.0,0,0,0,0,0,0,26440,39350,0,0,7544,0
2022-08-18,0,6693,0.0,0.0,0.0,0.0,0.0,7094,0,0,0.0,0,0,0,0,0,0,25820,37519,0,0,7072,0
2022-08-19,0,7028,0.0,0.0,0.0,0.0,0.0,7718,0,0,0.0,0,0,0,0,0,0,27572,36612,0,0,7641,0
2022-08-20,0,7648,0.0,0.0,0.0,0.0,0.0,7836,0,0,0.0,0,0,0,0,0,0,29372,40836,0,0,8125,0
2022-08-21,0,6968,0.0,0.0,0.0,0.0,0.0,8399,0,0,0.0,0,0,0,0,0,0,29396,42397,0,0,8222,0
2022-08-22,0,7138,0.0,0.0,0.0,0.0,0.0,7646,0,0,0.0,0,0,0,0,0,0,29330,39402,0,0,8092,0
2022-08-23,0,6486,0.0,0.0,0.0,0.0,0.0,7132,0,0,0.0,0,0,0,0,0,0,27116,38834,0,0,7624,0
2022-08-24,0,6024,0.0,0.0,0.0,0.0,0.0,6384,0,0,0.0,0,0,0,0,0,0,23225,35555,0,0,6822,6046
2022-08-25,0,5754,0.0,0.0,0.0,0.0,0.0,6021,0,0,0.0,0,0,0,0,0,0,23147,32864,0,0,6314,0
2022-08-26,0,6120,0.0,0.0,0.0,0.0,0.0,6673,0,0,0.0,0,0,0,0,0,0,24785,35632,0,0,6487,0
2022-08-27,0,6637,0.0,0.0,0.0,0.0,0.0,7483,0,0,0.0,0,0,0,0,0,0,27190,38498,0,0,7479,0
2022-08-28,0,7143,0.0,0.0,0.0,0.0,0.0,7994,0,0,0.0,0,0,0,0,0,0,30896,42313,0,0,8191,0
2022-08-29,0,7633,0.0,0.0,0.0,0.0,0.0,7665,0,0,0.0,0,0,0,0,0,0,30236,39168,0,0,8027,0
2022-08-30,0,7067,0.0,0.0,0.0,0.0,0.0,7412,0,0,0.0,0,0,0,0,0,0,29573,38694,0,0,8065,0
2022-08-31,0,6856,0.0,0.0,0.0,0.0,0.0,7387,0,0,0.0,0,0,0,0,0,0,28579,37262,0,0,7194,7014
2022-09-01,0,7048,0.0,0.0,0.0,0.0,0.0,7820,0,0,0.0,0,0,0,0,0,0,26148,26760,0,0,8270,0
2022-09-02,0,6677,0.0,0.0,0.0,0.0,0.0,7683,0,0,0.0,0,0,0,0,0,0,25806,38384,0,0,8243,0
2022-09-03,0,6893,0.0,0.0,0.0,0.0,0.0,7987,0,0,0.0,0,0,0,0,0,0,26209,38760,0,0,8549,0
2022-09-04,0,6992,0.0,0.0,0.0,0.0,0.0,7681,0,0,0.0,0,0,0,0,0,0,26363,38398,0,0,8690,0
2022-09-07,0,7045,0.0,0.0,0.0,0.0,0.0,7792,0,0,0.0,0,0,0,0,0,0,28116,36441,0,0,8214,6975
2022-09-08,0,6675,0.0,0.0,0.0,0.0,0.0,7461,0,0,0.0,0,0,0,0,0,0,25107,37338,0,0,9127,7174
2022-09-09,0,6470,0.0,0.0,0.0,0.0,0.0,7561,0,0,0.0,0,0,0,0,0,0,25709,36644,0,0,9035,7054
2022-09-14,0,6792,0.0,0.0,0.0,0.0,0.0,7785,0,0,0.0,0,0,0,0,0,0,25851,26724,0,0,9163,6986
2022-09-15,0,6891,0.0,0.0,0.0,0.0,0.0,7431,0,0,0.0,0,0,0,0,0,0,26033,26975,0,0,8992,7024
2022-09-16,0,6845,0.0,0.0,0.0,0.0,0.0,7422,0,0,0.0,0,0,0,0,0,0,26140,36003,0,0,7726,7420
2022-09-21,0,7194,0.0,0.0,0.0,0.0,0.0,7531,0,0,0.0,0,0,0,0,0,0,26870,35521,0,0,7926,7250
2022-09-22,0,7306,0.0,0.0,0.0,0.0,0.0,7619,0,0,0.0,0,0,0,0,0,0,26004,34152,0,0,7715,7277
2022-09-23,0,6993,0.0,0.0,0.0,0.0,0.0,7447,0,0,0.0,0,0,0,0,0,0,25209,32316,0,0,8484,6882
2022-09-26,0,1141,0.0,0.0,0.0,0.0,0.0,2658,0,0,0.0,0,2534,0,0,0,0,6519,10130,0,0,7212,6360
2022-09-28,0,6964,0.0,0.0,0.0,0.0,0.0,7208,0,0,0.0,0,9388,0,0,0,0,14640,21240,0,0,7546,6735
2022-09-30,0,7308,0.0,0.0,0.0,0.0,0.0,7265,0,0,0.0,0,9129,0,0,0,0,19889,28516,0,0,9016,7486
2022-10-03,0,7146,0.0,0.0,0.0,0.0,0.0,7094,0,0,0.0,0,9085,0,0,0,0,24433,18886,0,0,8289,0
2022-10-06,0,6834,0.0,0.0,0.0,0.0,0.0,7051,0,0,0.0,0,0,0,0,0,0,20256,15589,0,0,7862,6361
2022-10-10,0,7021,0.0,0.0,0.0,0.0,0.0,6976,0,0,0.0,0,8561,0,0,0,0,16663,19951,0,0,7664,7138
2022-10-13,0,6601,0.0,0.0,0.0,0.0,0.0,6924,0,0,0.0,0,0,0,0,0,0,16920,20380,0,0,7336,6932
2022-10-17,0,7827,0.0,0.0,0.0,0.0,0.0,7740,0,0,0.0,9401,9879,0,0,0,0,18361,22123,0,0,8821,0
2022-10-21,0,6692,0.0,0.0,0.0,0.0,0.0,7002,0,0,0.0,0,0,0,0,0,0,19220,20290,0,0,8265,7541
2022-10-24,0,6972,0.0,0.0,0.0,0.0,0.0,6783,0,0,0.0,6648,8226,0,0,0,0,18416,19721,0,0,7685,7205
2022-10-27,0,7152,0.0,0.0,0.0,0.0,0.0,7208,0,0,0.0,0,0,0,0,0,0,18312,21267,0,0,8016,7425
2022-11-02,0,7280,0.0,0.0,0.0,0.0,0.0,7425,0,0,0.0,7006,11971,0,0,0,0,16349,21157,0,0,9138,7907
2022-11-04,0,7127,0.0,0.0,0.0,0.0,0.0,7575,0,0,0.0,0,0,0,0,0,0,17031,22107,0,0,9016,8001
2022-11-07,0,7291,0.0,0.0,0.0,0.0,0.0,7876,0,0,0.0,0,11702,0,0,0,0,18106,23197,0,0,9315,8237
2022-11-10,0,6938,0.0,0.0,0.0,0.0,0.0,6552,0,0,0.0,7963,0,0,0,0,0,18721,19108,0,0,7416,7295
2022-11-14,0,7134,0.0,0.0,0.0,0.0,0.0,6783,0,0,0.0,8329,8636,0,0,0,0,17047,17481,0,0,8172,0
2022-11-17,0,7021,0.0,0.0,0.0,0.0,0.0,6935,0,0,0.0,0,0,0,0,0,0,18468,20037,0,0,8447,0
2022-11-21,0,7022,0.0,0.0,0.0,0.0,0.0,6894,0,0,0.0,8440,8756,0,0,0,0,17880,19030,0,0,8364,0
2022-11-24,0,6745,0.0,0.0,0.0,0.0,0.0,6800,0,0,0.0,0,0,0,0,0,0,17700,19290,0,0,8666,0
2022-11-28,0,6642,0.0,0.0,0.0,0.0,0.0,6857,0,0,0.0,0,8368,0,0,0,0,17491,20623,0,0,8208,0
2022-12-01,0,7691,0.0,0.0,0.0,0.0,0.0,4633,0,0,0.0,0,0,0,0,0,0,15096,11036,0,0,10540,0
2022-12-05,0,7313,0.0,0.0,0.0,0.0,0.0,7169,0,0,0.0,0,9190,0,0,0,0,14630,14590,0,0,7430,0
2022-12-07,0,7451,0.0,0.0,0.0,0.0,0.0,7272,0,0,0.0,0,0,0,0,0,0,13710,16180,0,0,7917,0
2022-12-12,0,7090,0.0,0.0,0.0,0.0,0.0,7380,0,0,0.0,0,8935,0,0,0,0,16650,15340,0,0,9292,0
2022-12-15,0,6200,0.0,0.0,0.0,0.0,0.0,6613,0,0,0.0,0,0,0,0,0,0,18319,19850,0,0,8124,0
2022-12-19,0,7012,0.0,0.0,0.0,0.0,0.0,7496,0,0,0.0,0,9034,0,0,0,0,17820,16070,0,0,8896,0
2022-12-22,0,6803,0.0,0.0,0.0,0.0,0.0,7282,0,0,0.0,7823,0,0,0,0,0,19278,21656,0,0,8876,0
2022-12-27,0,6927,0.0,0.0,0.0,0.0,0.0,7313,0,0,0.0,0,8750,0,0,0,0,16683,18095,0,0,9977,0
2022-12-29,0,6977,0.0,0.0,0.0,0.0,0.0,7311,0,0,0.0,0,0,0,0,0,0,17286,17452,0,0,10101,0
2023-01-03,0,7653,0.0,0.0,0.0,0.0,0.0,7310,0,0,0.0,0,8607,0,0,0,0,17035,19204,0,0,7911,0
2023-01-04,0,6643,0.0,0.0,0.0,0.0,0.0,7279,0,0,0.0,0,0,0,0,0,0,16417,19330,0,0,7906,0
2023-01-09,0,7015,0.0,0.0,0.0,0.0,0.0,7648,0,0,0.0,0,8940,0,0,0,0,19422,20118,0,0,8846,0
2023-01-12,0,7905,0.0,0.0,0.0,0.0,0.0,8683,0,0,0.0,0,0,0,0,0,0,19535,20712,0,0,10981,0
2023-01-16,0,8856,0.0,0.0,0.0,0.0,0.0,8709,0,0,0.0,0,10074,0,0,0,0,21297,23807,0,0,8743,0
2023-01-19,0,7165,0.0,0.0,0.0,0.0,0.0,7657,0,0,0.0,0,0,0,0,0,0,19020,21175,0,0,9820,0
2023-01-23,0,7746,0.0,0.0,0.0,0.0,0.0,7470,0,0,0.0,0,8304,0,0,0,0,18960,28470,0,0,9984,0
2023-01-26,0,7341,0.0,0.0,0.0,0.0,0.0,7499,0,0,0.0,0,0,0,0,0,0,19860,19470,0,0,8248,0
2023-01-30,0,7197,0.0,0.0,0.0,0.0,0.0,7241,0,0,0.0,8803,9696,0,0,0,0,18460,18210,0,0,8953,0
2023-02-02,0,8255,0.0,0.0,0.0,0.0,0.0,8816,0,0,0.0,0,0,0,0,0,0,18110,18101,0,0,10030,0
2023-02-06,0,7973,0.0,0.0,0.0,0.0,0.0,7548,0,0,0.0,0,8579,0,0,0,0,17113,18716,0,0,9651,0
2023-02-09,0,6729,0.0,0.0,0.0,0.0,0.0,6491,0,0,0.0,0,0,0,0,0,0,19410,17450,0,0,9672,0
2023-02-13,0,7064,0.0,0.0,0.0,0.0,0.0,7781,0,0,0.0,0,9190,0,0,0,0,18636,17402,0,0,9750,0
2023-02-15,0,7506,0.0,0.0,0.0,0.0,0.0,7618,0,0,0.0,0,8861,9846,0,0,0,18993,18887,0,0,8626,0
2023-02-17,0,7649,0.0,0.0,0.0,0.0,0.0,7734,0,0,0.0,0,8834,8791,0,0,0,19037,19487,0,0,9527,0
2023-02-20,0,7385,0.0,0.0,0.0,0.0,0.0,7980,0,0,0.0,0,9142,9352,0,0,0,19710,19306,0,0,8015,0
2023-02-22,0,7186,0.0,0.0,0.0,0.0,0.0,7710,0,0,0.0,0,8714,8930,0,0,0,18188,20172,0,0,8058,0
2023-02-24,0,7753,0.0,0.0,0.0,0.0,0.0,8673,0,0,0.0,0,9769,9805,0,0,0,20765,21438,0,0,8342,0
2023-02-27,0,8777,0.0,0.0,0.0,0.0,0.0,8805,0,0,0.0,0,9879,9828,0,0,0,23729,31115,0,0,8817,0
2023-03-01,0,7953,0.0,0.0,0.0,0.0,0.0,8645,0,0,0.0,0,9925,9880,0,0,0,21523,22565,0,0,9365,0
2023-03-03,0,7434,0.0,0.0,0.0,0.0,0.0,7886,0,0,0.0,0,8784,9232,0,0,0,20170,25420,0,0,8146,0
2023-03-06,0,7765,0.0,0.0,0.0,0.0,0.0,8551,0,0,0.0,0,9716,9973,0,0,0,21107,23025,0,0,8063,0
2023-03-08,0,7915,0.0,0.0,0.0,0.0,0.0,8947,0,0,0.0,0,9859,12191,0,0,0,21508,22641,0,0,8788,0
2023-03-10,0,7678,0.0,0.0,0.0,0.0,0.0,8051,0,0,0.0,0,9597,10003,0,0,0,21488,27185,0,0,7696,0
2023-03-13,0,9009,0.0,0.0,0.0,0.0,0.0,8456,0,0,0.0,0,10286,9414,0,0,0,21243,24753,0,0,9389,0
2023-03-15,0,8526,0.0,0.0,0.0,0.0,0.0,8817,0,0,0.0,0,10764,10222,0,0,0,21488,24331,0,0,11408,0
2023-03-17,0,8354,0.0,0.0,0.0,0.0,0.0,8730,0,0,0.0,0,10539,10032,0,0,0,22686,25390,0,0,11296,0
2023-03-20,0,7971,0.0,0.0,0.0,0.0,0.0,8743,0,0,0.0,8247,9782,10072,0,0,0,22262,26989,0,0,10219,0
2023-03-22,0,8218,0.0,0.0,0.0,0.0,0.0,8684,0,0,0.0,0,10405,10033,0,0,0,22578,29037,0,0,12123,0
2023-03-24,0,8902,0.0,0.0,0.0,0.0,0.0,8840,0,0,0.0,0,10471,10025,0,0,0,22329,26380,0,0,10237,0
2023-03-27,0,8908,0.0,0.0,0.0,0.0,0.0,8497,0,0,0.0,0,10086,10809,0,0,0,22482,24636,0,0,0,0
2023-03-29,0,7897,0.0,0.0,0.0,0.0,0.0,8440,0,0,0.0,0,10230,9796,0,0,0,23179,31642,0,0,0,0
2023-03-31,0,8847,0.0,0.0,0.0,0.0,0.0,9050,0,0,0.0,0,10113,10388,0,0,0,23496,31304,0,0,0,0
2023-04-03,0,8187,0.0,0.0,0.0,0.0,0.0,8946,0,0,0.0,0,10836,10569,0,0,0,25242,31093,39908,0,0,0
2023-04-04,0,8045,0.0,0.0,0.0,0.0,0.0,8786,0,0,0.0,0,10561,10396,0,0,0,24814,34080,38347,0,0,0
2023-04-12,0,7148,0.0,0.0,0.0,0.0,0.0,7711,0,0,0.0,0,10224,9323,0,0,0,21919,38894,32078,0,0,0
2023-04-14,0,7226,0.0,0.0,0.0,0.0,0.0,7540,0,0,0.0,0,8016,8060,0,0,0,20823,28861,28236,0,0,0
2023-04-17,0,8067,0.0,0.0,0.0,0.0,0.0,7263,0,0,0.0,0,8577,8737,0,0,0,22776,33563,30931,0,0,0
2023-04-19,0,8175,0.0,0.0,0.0,0.0,0.0,7583,0,0,0.0,0,8982,9734,0,0,0,25314,47218,0,0,0,0
2023-04-21,0,9786,0.0,0.0,0.0,0.0,0.0,8876,0,0,0.0,0,10497,11276,0,0,0,28275,41066,0,0,11557,0
2023-04-24,0,6522,0.0,0.0,0.0,0.0,0.0,6541,0,0,0.0,0,0,10336,0,0,0,22309,37747,0,0,0,0
2023-04-26,0,8004,0.0,0.0,0.0,0.0,0.0,7527,0,0,0.0,0,0,14142,0,0,0,27687,45653,0,0,0,0
2023-04-28,0,9092,0.0,0.0,0.0,0.0,0.0,8417,0,0,0.0,0,0,24582,0,0,0,29504,41412,0,0,0,0
2023-05-02,0,9489,0.0,0.0,0.0,0.0,0.0,8697,0,0,0.0,9584,0,12378,0,0,0,30148,47605,0,0,10354,0
2023-05-03,0,9073,0.0,0.0,0.0,0.0,0.0,8409,0,0,0.0,9294,0,13244,0,0,0,29429,50749,0,0,11021,0
2023-05-05,0,9790,0.0,0.0,0.0,0.0,0.0,9148,0,0,0.0,0,0,38716,0,0,0,33329,56764,0,0,11338,0
2023-05-08,0,9270,0.0,0.0,0.0,0.0,0.0,8664,0,0,0.0,0,0,0,0,0,0,31624,55716,0,0,0,0
2023-05-10,0,9761,0.0,0.0,0.0,0.0,0.0,8996,0,0,0.0,0,0,0,0,0,0,34487,0,0,0,0,0
2023-05-12,0,8692,0.0,0.0,0.0,0.0,0.0,7974,0,0,0.0,0,0,0,0,0,0,34414,0,0,0,0,0
2023-05-15,0,7173,0.0,0.0,0.0,0.0,0.0,7760,0,0,0.0,0,0,0,0,0,0,32701,0,0,0,0,0
2023-05-17,0,7774,0.0,0.0,0.0,0.0,0.0,8438,0,0,0.0,0,0,0,0,0,0,0,96607,0,0,0,0
2023-05-19,0,7849,0.0,0.0,0.0,0.0,0.0,7215,0,0,0.0,0,0,0,0,0,0,33861,0,0,0,0,0
2023-05-22,0,7422,0.0,0.0,0.0,0.0,0.0,7094,0,0,0.0,0,0,0,0,0,0,34508,0,0,0,0,0
2023-05-24,0,1996,0.0,0.0,0.0,0.0,0.0,2065,0,0,0.0,0,4086,2206,0,0,0,7653,7092,0,0,4926,0
2023-05-26,0,4301,0.0,0.0,0.0,0.0,0.0,4752,0,0,0.0,0,5050,0,0,0,0,12090,13030,0,0,6129,0
2023-05-29,0,6398,0.0,0.0,0.0,0.0,0.0,5855,0,0,0.0,0,6985,6728,0,0,0,19615,23490,0,0,0,0
2023-05-31,0,777,0.0,0.0,0.0,0.0,0.0,5281,0,0,0.0,0,5375,7364,0,0,0,17920,210,0,0,0,0
2023-06-02,0,5575,0.0,0.0,0.0,0.0,0.0,7670,0,0,0.0,0,8601,0,0,0,0,25110,43233,0,0,0,0
2023-06-05,0,7101,0.0,0.0,0.0,0.0,0.0,6746,0,0,0.0,6895,6831,6743,0,0,0,21313,41396,0,0,7965,0
2023-06-07,0,6981,0.0,0.0,0.0,0.0,0.0,6019,0,0,0.0,0,6564,0,0,0,0,20438,0,0,0,7564,0
2023-06-08,0,6814,0.0,0.0,0.0,0.0,0.0,6338,0,0,0.0,7342,7467,7171,0,0,0,21249,0,0,0,7835,0
2023-06-12,0,6368,0.0,0.0,0.0,0.0,0.0,5910,0,0,0.0,0,6612,0,0,0,0,21625,36030,0,0,7954,0
2023-06-14,0,5802,0.0,0.0,0.0,0.0,0.0,5430,0,0,0.0,7396,6879,9425,0,0,0,21690,37690,0,0,15310,0
2023-06-16,0,4961,0.0,0.0,0.0,0.0,0.0,6009,0,0,0.0,0,0,12100,0,0,0,23370,0,0,0,0,0
2023-06-19,0,4686,0.0,0.0,0.0,0.0,0.0,5979,0,0,0.0,0,6658,8046,0,0,0,26240,0,0,0,8475,0
2023-06-21,0,6648,0.0,0.0,0.0,0.0,0.0,6069,0,0,0.0,0,8521,13701,0,0,0,0,0,0,0,0,0
2023-06-23,0,7711,0.0,0.0,0.0,0.0,0.0,8297,0,0,0.0,0,9165,0,0,0,0,0,0,0,0,0,0
2023-06-26,0,6921,0.0,0.0,0.0,0.0,0.0,8184,0,0,0.0,0,9135,0,0,0,0,0,0,0,0,0,0
2023-06-28,0,7522,0.0,0.0,0.0,0.0,0.0,7695,0,0,0.0,0,8522,0,0,0,0,0,0,0,0,0,0
2023-06-30,0,6818,0.0,0.0,0.0,0.0,0.0,7541,0,0,0.0,0,8285,0,0,0,0,0,0,0,0,0,0
2023-07-03,0,6533,0.0,0.0,0.0,0.0,0.0,7354,0,0,0.0,0,0,0,0,0,0,0,0,0,0,0,0
2023-07-05,0,7829,0.0,0.0,0.0,0.0,0.0,8205,0,0,0.0,0,0,0,0,0,0,0,0,0,0,0,0
2023-07-07,0,6813,0.0,0.0,0.0,0.0,0.0,7717,0,0,0.0,0,0,0,0,0,0,0,0,0,0,0,0
2023-07-10,0,6897,0.0,0.0,0.0,0.0,0.0,7806,0,0,0.0,0,0,0,0,0,0,0,0,0,0,0,0
2023-07-12,0,6276,0.0,0.0,0.0,0.0,0.0,6383,0,0,0.0,0,0,0,0,0,0,46601,0,0,0,0,0
2023-07-14,0,7958,0.0,0.0,0.0,0.0,0.0,7779,0,0,0.0,0,0,0,0,0,0,56794,0,0,0,0,0
2023-07-17,0,6927,0.0,0.0,0.0,0.0,0.0,7539,0,0,0.0,0,0,0,0,0,0,49061,0,0,0,0,0
2023-07-19,0,7638,0.0,0.0,0.0,0.0,0.0,7665,0,0,0.0,0,0,0,0,0,0,56092,0,0,0,0,0
2023-07-21,0,7518,0.0,0.0,0.0,0.0,0.0,7859,0,0,0.0,0,0,0,0,0,0,48684,0,0,0,0,0
2023-07-24,0,6825,0.0,0.0,0.0,0.0,0.0,7555,0,0,0.0,0,0,0,0,0,0,51208,0,0,0,0,0
2023-07-26,0,6565,0.0,0.0,0.0,0.0,0.0,7005,0,0,0.0,0,0,0,0,0,0,43921,0,0,0,0,0
2023-07-28,0,7322,0.0,0.0,0.0,0.0,0.0,7132,0,0,0.0,0,0,0,0,0,0,46604,0,0,0,0,0
2023-07-31,0,6757,0.0,0.0,0.0,0.0,0.0,7769,0,0,0.0,0,0,0,0,0,0,45227,0,0,0,11770,0
2023-08-02,0,6090,0.0,0.0,0.0,0.0,0.0,6866,0,0,0.0,0,0,0,0,0,0,48476,0,0,0,0,0
2023-08-04,0,7936,0.0,0.0,0.0,0.0,0.0,8670,0,0,0.0,0,0,0,0,0,0,0,0,0,0,0,0
2023-08-07,0,5536,0.0,0.0,0.0,0.0,0.0,6820,0,0,0.0,0,0,0,0,0,0,0,0,0,0,9995,0
2023-08-09,0,5733,0.0,0.0,0.0,0.0,0.0,6095,0,0,0.0,0,0,0,0,0,0,0,0,0,0,0,0
2023-08-11,0,6388,0.0,0.0,0.0,0.0,0.0,7128,0,0,0.0,0,0,0,0,0,0,0,0,0,0,0,0
2023-08-16,0,6593,0.0,0.0,0.0,0.0,0.0,7944,0,0,0.0,0,0,0,0,0,0,48723,0,0,0,0,0
2023-08-18,0,4757,0.0,0.0,0.0,0.0,0.0,5701,0,0,0.0,0,0,0,0,0,0,0,0,0,0,0,0
2023-08-21,0,5776,0.0,0.0,0.0,0.0,0.0,6019,0,0,0.0,0,0,0,0,0,0,43960,0,0,0,0,0
2023-08-23,0,6870,0.0,0.0,0.0,0.0,0.0,7453,0,0,0.0,0,0,0,0,0,0,57813,0,0,0,0,0
2023-08-25,0,6074,0.0,0.0,0.0,0.0,0.0,0,0,0,0.0,0,0,0,0,0,0,51823,0,0,0,0,0
2023-08-28,0,6966,0.0,0.0,0.0,0.0,0.0,0,0,0,0.0,0,0,0,0,0,0,0,0,0,0,0,0
2023-08-30,0,6321,0.0,0.0,0.0,0.0,0.0,7204,0,0,0.0,0,0,0,0,0,0,0,0,0,0,0,0
2023-09-01,0,7099,0.0,0.0,0.0,0.0,0.0,7424,0,0,0.0,0,0,0,0,0,0,0,0,0,0,0,0
2023-09-04,0,4773,0.0,0.0,0.0,0.0,0.0,4901,0,0,0.0,0,7769,0,0,0,0,33785,59421,0,0,0,0
2023-09-06,0,6153,0.0,0.0,0.0,0.0,0.0,7265,0,0,0.0,0,8113,0,0,0,0,32089,58837,0,0,0,0
2023-09-08,0,6948,0.0,0.0,0.0,0.0,0.0,7303,0,0,0.0,0,8511,0,0,0,0,33713,60765,0,0,0,0
2023-09-13,0,6290,0.0,0.0,0.0,0.0,0.0,7109,0,0,0.0,0,8141,0,0,0,0,34260,58980,0,0,0,0
2023-09-15,0,6683,0.0,0.0,0.0,0.0,0.0,5620,0,0,0.0,0,7574,0,0,0,0,33509,54162,0,0,0,0
2023-09-18,0,4326,0.0,0.0,0.0,0.0,0.0,5254,0,0,0.0,0,5952,0,0,0,0,23140,42670,0,0,8745,0
2023-09-20,0,6440,0.0,0.0,0.0,0.0,0.0,7328,0,0,0.0,0,8092,0,0,0,0,29246,59955,0,0,10014,0
2023-09-22,0,7050,0.0,0.0,0.0,0.0,0.0,7328,0,0,0.0,0,8001,0,0,0,0,29550,48917,0,0,8520,0
2023-09-25,0,6662,0.0,0.0,0.0,0.0,0.0,7019,0,0,0.0,0,8420,0,0,0,0,26450,47553,0,0,8760,0
2023-09-27,0,6874,0.0,0.0,0.0,0.0,0.0,7357,0,0,0.0,0,8166,0,0,0,0,32849,60824,0,0,0,0
2023-09-29,0,6370,0.0,0.0,0.0,0.0,0.0,7328,0,0,0.0,0,8061,0,0,0,0,32140,55474,0,0,11685,0
2023-10-02,0,8501,0.0,0.0,0.0,0.0,0.0,8243,0,0,0.0,0,8853,0,0,0,0,56860,58106,0,0,0,0
2023-10-04,0,7866,0.0,0.0,0.0,0.0,0.0,7712,0,0,0.0,0,8353,0,0,0,0,32666,57120,0,0,0,0
2023-10-06,0,8247,0.0,0.0,0.0,0.0,0.0,8106,0,0,0.0,0,8622,0,0,0,0,33214,51642,0,0,0,0
2023-10-09,0,7963,0.0,0.0,0.0,0.0,0.0,7787,0,0,0.0,0,8639,0,0,0,0,32106,56286,0,0,0,0
2023-10-11,0,7251,0.0,0.0,0.0,0.0,0.0,7660,0,0,0.0,0,8477,0,0,0,0,29286,54534,0,0,0,0
2023-10-16,0,7574,0.0,0.0,0.0,0.0,0.0,7169,0,0,0.0,0,7961,0,0,0,0,26941,46537,0,0,0,0
2023-10-18,0,7843,0.0,0.0,0.0,0.0,0.0,7236,0,0,0.0,0,7996,0,0,0,0,27239,50662,0,0,11602,0
2023-10-20,0,8083,0.0,0.0,0.0,0.0,0.0,8285,0,0,0.0,0,11155,0,0,0,0,32417,63415,0,0,13686,0
2023-11-02,0,6956,0.0,0.0,0.0,0.0,0.0,7747,0,0,0.0,0,9703,0,0,0,0,28473,43989,0,0,0,0
2023-11-03,0,7320,0.0,0.0,0.0,0.0,0.0,7923,0,0,0.0,0,8974,0,0,0,0,29325,45840,0,0,0,0
2023-11-06,0,7696,0.0,0.0,0.0,0.0,0.0,7439,0,0,0.0,0,10126,0,0,0,0,27233,41486,0,0,10185,0
2023-11-08,0,6231,0.0,0.0,0.0,0.0,0.0,7789,0,0,0.0,0,9447,0,0,0,0,27218,40827,0,0,9650,0
2023-11-10,0,6537,0.0,0.0,0.0,0.0,0.0,7311,0,0,0.0,0,8817,0,0,0,0,24853,38955,0,0,9356,0
2023-11-13,0,8116,0.0,0.0,0.0,0.0,0.0,8879,0,0,0.0,0,10315,0,0,0,0,31820,52645,0,13006,10544,0
2023-11-15,0,6777,0.0,0.0,0.0,0.0,0.0,7403,0,0,0.0,0,8645,0,0,0,0,25966,36408,0,0,9502,0
2023-11-17,0,7493,0.0,0.0,0.0,0.0,0.0,8002,0,0,0.0,0,8931,0,0,0,0,28493,44850,0,0,9604,0
2023-11-20,0,6384,0.0,0.0,0.0,0.0,0.0,6729,0,0,0.0,0,7350,0,0,0,0,22010,30720,0,0,0,0
2023-11-22,0,6731,0.0,0.0,0.0,0.0,0.0,6763,0,0,0.0,0,7542,0,0,0,0,23290,34610,0,0,0,0
2023-11-24,0,7120,0.0,0.0,0.0,0.0,0.0,6850,0,0,0.0,0,7914,0,0,0,0,25910,35812,0,0,0,0
2023-11-27,0,7403,0.0,0.0,0.0,0.0,0.0,7809,0,0,0.0,0,9055,0,0,0,0,24646,32963,0,0,31555,0
2023-11-29,0,7512,0.0,0.0,0.0,0.0,0.0,7766,0,0,0.0,0,8836,0,0,0,0,25007,37602,0,0,0,0
2023-12-01,0,7819,0.0,0.0,0.0,0.0,0.0,7998,0,0,0.0,0,8640,0,0,0,0,24728,37913,0,0,0,0
2023-12-04,0,8056,0.0,0.0,0.0,0.0,0.0,8107,0,0,0.0,0,9412,0,0,0,0,24607,36003,0,0,0,0
2023-12-05,0,8127,0.0,0.0,0.0,0.0,0.0,8239,0,0,0.0,0,9622,0,0,0,0,25009,35711,0,0,0,0
2023-12-11,0,7501,0.0,0.0,0.0,0.0,0.0,8006,0,0,0.0,8712,9384,0,0,0,0,24177,31923,0,0,9875,0
2023-12-13,0,7139,0.0,0.0,0.0,0.0,0.0,7345,0,0,0.0,0,8309,0,0,0,0,22324,30008,0,0,9301,0
2023-12-15,0,7002,0.0,0.0,0.0,0.0,0.0,7127,0,0,0.0,0,8201,0,0,0,0,21771,29883,0,0,9405,0
2023-12-18,0,6338,0.0,0.0,0.0,0.0,0.0,7039,0,0,0.0,0,8186,0,0,0,0,22285,30362,0,0,0,0
2023-12-20,0,6250,0.0,0.0,0.0,0.0,0.0,6783,0,0,0.0,7660,7875,0,0,0,0,21383,30525,0,0,7636,0
2023-12-22,0,6325,0.0,0.0,0.0,0.0,0.0,6970,0,0,0.0,7798,8035,0,0,0,0,21902,30225,0,0,8012,0
2023-12-26,0,6738,0.0,0.0,0.0,0.0,0.0,6771,0,0,0.0,7783,7810,0,0,0,0,21170,27393,0,0,7701,0
2023-12-27,0,6579,0.0,0.0,0.0,0.0,0.0,6834,0,0,0.0,7791,8051,0,0,0,0,21703,30012,0,0,7898,0
2023-12-29,0,6015,0.0,0.0,0.0,0.0,0.0,6970,0,0,0.0,7824,7907,0,0,0,0,22066,27423,0,0,7927,0
2024-01-26,0,6024,0.0,0.0,0.0,0.0,0.0,7118,0,0,0.0,0,8391,0,0,0,0,20760,28442,0,0,0,0
2024-01-30,0,6722,0.0,0.0,0.0,0.0,0.0,7435,0,0,0.0,0,8796,0,0,0,0,26319,30745,0,0,0,0
2024-01-31,0,6544,0.0,0.0,0.0,0.0,0.0,7312,0,0,0.0,0,8314,0,0,0,0,24016,29415,0,0,0,0
2024-02-02,0,6089,0.0,0.0,0.0,0.0,0.0,7390,0,0,0.0,0,8770,0,0,0,0,24118,30010,0,0,0,0
2024-02-05,0,7240,0.0,0.0,0.0,0.0,0.0,7487,0,0,0.0,0,8867,0,0,0,0,23010,31340,0,0,8589,0
2024-02-07,0,6177,0.0,0.0,0.0,0.0,0.0,7526,0,0,0.0,0,8707,0,0,0,0,22310,35490,0,0,8133,0
2024-02-09,0,6078,0.0,0.0,0.0,0.0,0.0,7413,0,0,0.0,0,8549,0,0,0,0,21904,32318,0,0,8043,0
2024-02-12,0,5820,0.0,0.0,0.0,0.0,0.0,7150,0,0,0.0,0,8860,0,0,0,0,22980,35180,0,0,8256,0
2024-02-14,0,6647,0.0,0.0,0.0,0.0,0.0,7520,0,0,0.0,0,8839,0,0,0,0,22820,35133,0,0,8211,0
2024-02-16,0,5194,0.0,0.0,0.0,0.0,0.0,5738,0,0,0.0,0,7371,0,0,0,0,18001,25590,0,0,6439,0
2024-02-20,0,6862,0.0,0.0,0.0,0.0,0.0,7300,0,0,0.0,8377,8748,0,0,0,0,21734,35542,0,0,9140,0
2024-02-21,0,6417,0.0,0.0,0.0,0.0,0.0,7402,0,0,0.0,8201,8803,0,0,0,0,20902,35040,0,0,8718,0
2024-02-23,0,6809,0.0,0.0,0.0,0.0,0.0,7212,0,0,0.0,0,8706,0,0,0,0,21580,35560,0,0,8693,0
2024-02-26,0,8040,0.0,0.0,0.0,0.0,0.0,7432,0,0,0.0,0,8732,0,0,0,0,22249,37936,0,0,0,0
2024-02-28,0,6653,0.0,0.0,0.0,0.0,0.0,7657,0,0,0.0,0,10066,0,0,0,0,22731,38334,0,0,0,0
2024-03-01,0,6356,0.0,0.0,0.0,0.0,0.0,7563,0,0,0.0,0,8784,0,0,0,0,30937,0,0,0,0,0
2024-03-04,0,6518,0.0,0.0,0.0,0.0,0.0,7531,0,0,0.0,0,8788,0,0,0,0,29510,36914,0,0,0,0
2024-03-06,0,6437,0.0,0.0,0.0,0.0,0.0,7421,0,0,0.0,0,8809,0,0,0,0,27321,35918,0,0,8549,0
2024-03-08,0,6248,0.0,0.0,0.0,0.0,0.0,7490,0,0,0.0,0,8700,0,0,0,0,27116,36115,0,0,8517,0
2024-03-11,0,6037,0.0,0.0,0.0,0.0,0.0,7438,0,0,0.0,0,0,0,0,0,0,26925,46237,0,0,9011,0
2024-03-13,0,6249,0.0,0.0,0.0,0.0,0.0,7510,0,0,0.0,0,0,0,0,0,0,25949,46120,0,0,9000,0
2024-03-15,0,6275,0.0,0.0,0.0,0.0,0.0,7356,0,0,0.0,0,0,0,0,0,0,23417,51307,0,0,0,0
2024-03-20,0,6542,0.0,0.0,0.0,0.0,0.0,7252,0,0,0.0,0,0,0,0,0,0,23335,46691,0,0,9911,0
2024-03-22,0,6814,0.0,0.0,0.0,0.0,0.0,7359,0,0,0.0,0,0,0,0,0,0,24187,46715,0,0,8910,0
2024-03-25,0,0,0.0,0.0,0.0,0.0,0.0,0,0,0,0.0,0,0,0,0,0,0,0,0,0,0,0,0
2024-04-15,0,7521,0.0,0.0,0.0,0.0,0.0,0,0,0,0.0,0,0,0,0,0,0,0,0,0,0,0,8704
2024-04-17,0,7612,0.0,0.0,0.0,0.0,0.0,0,0,0,0.0,0,0,0,0,0,0,0,0,0,0,0,0
2024-04-19,0,6664,0.0,0.0,0.0,0.0,0.0,0,0,0,0.0,0,0,0,0,0,0,0,0,0,0,0,8371
2024-04-22,0,6491,0.0,0.0,0.0,0.0,0.0,0,0,5139,0.0,0,0,0,0,0,0,0,0,0,0,8399,0
2024-04-24,0,6530,0.0,0.0,0.0,0.0,0.0,0,0,5018,0.0,0,0,0,0,0,0,0,0,0,0,0,0
2024-04-26,0,6941,0.0,0.0,0.0,0.0,0.0,0,0,5752,0.0,0,0,0,0,0,0,0,0,0,0,8467,0
2024-04-30,0,6026,0.0,0.0,0.0,0.0,0.0,0,0,4306,0.0,0,0,0,0,0,0,0,0,0,0,8067,0
2024-05-02,0,5088,0.0,0.0,0.0,0.0,0.0,0,0,4435,0.0,0,0,0,0,0,0,0,0,0,0,8717,0
2024-05-03,0,5577,0.0,0.0,0.0,0.0,0.0,0,0,3954,0.0,0,0,0,0,0,0,0,0,0,0,8596,0
2024-05-06,0,5916,0.0,0.0,0.0,0.0,0.0,0,0,4250,0.0,0,0,0,0,0,0,0,0,0,0,8327,0
2024-05-08,0,5681,0.0,0.0,0.0,0.0,0.0,0,0,4220,0.0,0,0,0,0,0,0,0,0,0,0,0,0
2024-05-10,0,5632,0.0,0.0,0.0,0.0,0.0,7527,0,4160,0.0,0,0,0,0,0,0,0,0,0,0,8056,0
2024-05-13,0,5690,0.0,0.0,0.0,0.0,0.0,7499,0,4503,0.0,0,0,0,0,0,0,0,0,0,0,8488,0
2024-05-15,0,5679,0.0,0.0,0.0,0.0,0.0,0,0,4312,0.0,0,0,0,0,0,0,0,0,0,0,0,0
2024-05-17,0,5857,0.0,0.0,0.0,0.0,0.0,7540,0,4564,0.0,0,0,0,0,0,0,0,0,0,0,8450,0
2024-05-20,0,7390,0.0,0.0,0.0,0.0,0.0,7552,0,5930,0.0,0,0,0,0,0,0,0,0,0,0,8299,0
2024-05-22,0,6571,0.0,0.0,0.0,0.0,0.0,7732,0,4979,0.0,0,0,0,0,0,0,0,0,0,0,0,0
2024-05-24,0,6325,0.0,0.0,0.0,0.0,0.0,7708,0,5108,0.0,0,0,0,0,0,0,0,0,0,0,0,0
2024-05-27,0,7330,0.0,0.0,0.0,0.0,0.0,7811,0,5048,0.0,0,0,0,0,0,0,0,0,0,0,8823,0
2024-05-29,0,6352,0.0,0.0,0.0,0.0,0.0,7567,0,5038,0.0,0,0,0,0,0,0,0,0,0,0,0,0
2024-05-31,0,6174,0.0,0.0,0.0,0.0,0.0,7606,0,4931,0.0,0,0,0,0,0,0,0,0,0,0,8247,0
2024-06-03,0,6771,0.0,0.0,0.0,0.0,0.0,7613,0,5510,0.0,0,0,0,0,0,0,0,0,0,0,0,0
2024-06-05,0,5950,0.0,0.0,0.0,0.0,0.0,7634,0,4879,0.0,0,0,0,0,0,0,0,0,0,0,0,0
2024-06-07,0,5996,0.0,0.0,0.0,0.0,0.0,7592,0,4796,0.0,0,0,0,0,0,0,0,0,0,0,7929,0
2024-06-10,0,6123,0.0,0.0,0.0,0.0,0.0,7640,0,4643,0.0,0,0,0,0,0,0,0,0,0,0,8149,0
2024-06-12,0,5962,0.0,0.0,0.0,0.0,0.0,7502,0,2392,0.0,0,0,0,0,0,0,0,0,0,0,8542,0
2024-06-14,0,4362,0.0,0.0,0.0,0.0,0.0,5160,0,4050,0.0,0,0,0,0,0,0,28310,0,0,0,7904,0
2024-06-17,0,6027,0.0,0.0,0.0,0.0,0.0,6413,0,4948,0.0,0,0,0,0,0,0,0,0,0,0,8354,0
2024-06-19,0,6750,0.0,0.0,0.0,0.0,0.0,7386,0,5444,0.0,0,0,0,0,0,0,0,0,0,0,8397,0
2024-06-21,0,6063,0.0,0.0,0.0,0.0,0.0,7550,0,4679,0.0,0,0,0,0,0,0,0,0,0,0,8414,0
2024-06-24,0,6918,0.0,0.0,0.0,0.0,0.0,7604,0,6169,0.0,0,0,0,0,0,0,0,0,0,0,8332,0
2024-06-26,0,6598,0.0,0.0,0.0,0.0,0.0,7578,0,5016,0.0,0,0,0,0,0,0,0,0,0,0,8347,0
2024-06-28,0,6321,0.0,0.0,0.0,0.0,0.0,7647,0,5128,0.0,0,0,0,0,0,0,0,0,0,0,8270,0
2024-07-01,0,6283,0.0,0.0,0.0,0.0,0.0,7272,0,5351,0.0,0,0,0,0,0,0,0,0,0,0,8035,0
2024-07-03,0,6390,0.0,0.0,0.0,0.0,0.0,7660,0,4987,0.0,0,0,0,0,0,0,0,0,0,0,7853,0
2024-07-05,0,6519,0.0,0.0,0.0,0.0,0.0,7632,0,5519,0.0,0,0,0,0,0,0,0,0,0,0,7895,0
2024-07-08,0,6481,0.0,0.0,0.0,0.0,0.0,7633,0,5490,0.0,0,0,0,0,0,0,0,0,0,0,7953,0
2024-07-10,0,7237,0.0,0.0,0.0,0.0,0.0,7631,0,6798,0.0,0,0,0,0,0,0,0,0,0,0,7852,0
2024-07-12,0,7558,0.0,0.0,0.0,0.0,0.0,7615,0,7166,0.0,0,0,0,0,0,0,0,0,0,0,7996,0
2024-07-15,0,6413,0.0,0.0,0.0,0.0,0.0,7611,0,5412,0.0,0,0,0,0,0,0,0,0,0,0,7821,0
2024-07-17,0,6367,0.0,0.0,0.0,0.0,0.0,7585,0,5329,0.0,0,0,0,0,0,0,0,0,0,0,7829,0
2024-07-19,0,6228,0.0,0.0,0.0,0.0,0.0,7670,0,5249,0.0,0,0,0,0,0,0,0,0,0,0,7777,0
2024-07-22,0,6516,0.0,0.0,0.0,0.0,0.0,7751,0,5604,0.0,0,0,0,0,0,0,0,0,0,0,7963,0
2024-07-24,0,6640,0.0,0.0,0.0,0.0,0.0,7680,0,5657,0.0,0,0,0,0,0,0,0,0,0,0,7752,0
2024-07-26,0,6381,0.0,0.0,0.0,0.0,0.0,7602,0,5260,0.0,0,0,0,0,0,0,0,0,0,0,7732,0
2024-07-29,0,7355,0.0,0.0,0.0,0.0,0.0,7612,0,5316,0.0,0,0,0,0,0,0,0,0,0,0,7753,0
2024-07-31,0,6607,0.0,0.0,0.0,0.0,0.0,7708,0,5351,0.0,0,0,0,0,0,0,0,0,0,0,7749,0
2024-08-02,0,6392,0.0,0.0,0.0,0.0,0.0,7620,0,5800,0.0,0,0,0,0,0,0,0,0,0,0,7644,0
2024-08-05,0,7097,0.0,0.0,0.0,0.0,0.0,8024,0,6874,0.0,0,0,0,0,0,0,0,0,0,0,7945,0
2024-08-07,0,7810,0.0,0.0,0.0,0.0,0.0,7920,0,7080,0.0,0,0,0,0,0,0,0,0,0,0,8160,0
2024-08-09,0,8269,0.0,0.0,0.0,0.0,0.0,8135,0,8347,0.0,0,0,0,0,0,0,0,0,0,0,8491,0
2024-08-12,0,8392,0.0,0.0,0.0,0.0,0.0,8269,0,8448,0.0,0,0,0,0,0,0,0,0,0,0,8191,0
2024-08-14,0,8269,0.0,0.0,0.0,0.0,0.0,7890,0,6271,0.0,0,0,0,0,0,0,0,0,0,0,8325,0
2024-08-16,0,7423,0.0,0.0,0.0,0.0,0.0,7821,0,6514,0.0,0,0,0,0,0,0,0,0,0,0,7648,0
2024-08-20,0,7473,0.0,0.0,0.0,0.0,0.0,7677,0,7790,0.0,0,0,0,0,0,0,0,0,0,0,7741,0
2024-08-21,0,7577,0.0,0.0,0.0,0.0,0.0,7957,0,6946,0.0,0,0,0,0,0,0,0,0,0,0,8001,0
2024-08-23,0,7119,0.0,0.0,0.0,0.0,0.0,7547,0,6471,0.0,0,0,0,0,0,0,0,0,0,0,7969,0
2024-08-26,0,6371,0.0,0.0,0.0,0.0,0.0,7572,0,6235,0.0,0,0,0,0,0,0,0,0,0,0,7688,0
2024-08-28,0,6651,0.0,0.0,0.0,0.0,0.0,7636,0,5844,0.0,0,0,0,0,0,0,0,0,0,0,7675,0
2024-08-30,0,6617,0.0,0.0,0.0,0.0,0.0,8057,0,6260,0.0,0,0,0,0,0,0,0,0,0,0,8280,0
2024-09-02,0,6422,0.0,0.0,0.0,0.0,0.0,7670,0,6794,0.0,0,0,0,0,0,0,0,0,0,0,7633,0
2024-09-04,0,6645,0.0,0.0,0.0,0.0,0.0,7820,0,6258,0.0,0,0,0,0,0,0,0,0,0,0,7912,0
2024-09-06,0,6610,0.0,0.0,0.0,0.0,0.0,7761,0,6256,0.0,0,0,0,0,0,0,0,0,0,0,7651,0
2024-09-11,0,6994,0.0,0.0,0.0,0.0,0.0,7733,0,7100,0.0,0,0,0,0,0,0,0,0,0,0,7769,0
2024-09-12,0,7489,0.0,0.0,0.0,0.0,0.0,7817,0,6447,0.0,0,0,0,0,0,0,0,0,0,0,7726,0
2024-09-13,0,7412,0.0,0.0,0.0,0.0,0.0,7909,0,5710,0.0,0,0,0,0,0,0,0,0,0,0,7798,0
2024-09-16,0,7352,0.0,0.0,0.0,0.0,0.0,8145,0,8101,0.0,0,0,0,0,0,0,0,0,0,0,8022,0
2024-09-18,0,6115,0.0,0.0,0.0,0.0,0.0,7816,0,5141,0.0,0,0,0,0,0,0,0,0,0,0,7633,0
2024-09-20,0,6762,0.0,0.0,0.0,0.0,0.0,8230,0,6022,0.0,0,0,0,0,0,0,0,0,0,0,8068,0
2024-09-23,0,7463,0.0,0.0,0.0,0.0,0.0,6921,0,5967,0.0,0,0,0,0,0,0,0,0,0,0,7837,0
2024-09-25,0,6277,0.0,0.0,0.0,0.0,0.0,8005,0,5556,0.0,0,0,0,0,0,0,0,0,0,0,7765,0
2024-09-30,0,7910,0.0,0.0,0.0,0.0,0.0,7662,0,7446,0.0,0,0,0,0,0,0,0,0,0,0,7791,0
2024-10-02,0,7961,0.0,0.0,0.0,0.0,0.0,7685,0,8036,0.0,0,0,0,0,0,0,0,0,0,0,8084,0
2024-10-04,0,7980,0.0,0.0,0.0,0.0,0.0,7745,0,8187,0.0,0,0,0,0,0,0,0,0,0,0,7867,0
2024-10-07,0,7649,0.0,0.0,0.0,0.0,0.0,7680,0,8046,0.0,0,0,0,0,0,0,0,0,0,0,7921,0
2024-10-11,0,7975,0.0,0.0,0.0,0.0,0.0,7556,0,8150,0.0,0,0,0,0,0,0,0,0,0,0,7854,0
2024-10-14,0,7650,0.0,0.0,0.0,0.0,0.0,7630,0,8091,0.0,0,0,0,0,0,0,0,0,0,0,7765,0
2024-10-16,0,6620,0.0,0.0,0.0,0.0,0.0,6792,0,5785,0.0,0,0,0,0,0,0,0,0,0,0,7897,0
2024-10-18,0,7569,0.0,0.0,0.0,0.0,0.0,7608,0,6709,0.0,0,0,0,0,0,0,0,0,0,0,7886,0
2024-10-21,0,6288,0.0,0.0,0.0,0.0,0.0,7695,0,5011,0.0,0,0,0,0,0,0,0,0,0,0,7766,0
2024-10-23,0,7322,0.0,0.0,0.0,0.0,0.0,5832,0,5148,0.0,0,0,0,0,321,0,0,0,0,0,7716,0
2024-10-25,0,7353,0.0,0.0,0.0,0.0,0.0,7377,0,7551,0.0,0,0,0,0,0,0,0,0,0,0,7829,0
2024-10-28,0,7538,0.0,0.0,0.0,0.0,0.0,5976,0,0,0.0,0,0,0,0,0,0,0,0,0,0,7999,0
2024-10-30,0,4351,0.0,0.0,0.0,0.0,0.0,5197,0,0,0.0,0,0,0,0,0,0,26530,0,0,0,6820,0
2024-11-04,0,5214,0.0,0.0,0.0,0.0,0.0,4914,0,0,0.0,0,0,0,0,0,0,30570,0,0,0,8014,0
