Fecha,Drenaje Los Alcázares,Desembocadura rambla Albujón,Aguas arriba Barrio de la Fuensanta,Badén aguas abajo La Puebla,Pasaje la balsa,EDAR Torre-Pacheco,Tuberías salmuera bajo N-332,Canal D-7,Azud CHS,Tramo Medio Rambla Albujón,Surgencia,Aliviadero,Obra de paso bajo carretera Los Urrutia,Desembocadura rambla de Miranda,Desembocadura rambla del Miedo,El Carmolí,Desembocadura rambla de las Matildes,Rambla de las Matildes - corriente sur,Lo Poyo,Lengua de Vaca,Valla Militar,Freáticos Los Alcázares,Venta Simón
2019-08-30,141.0,0.0,0.0,0.0,0.0,0.0,0.0,151.0,0.0,0.0,0.0,0.0,0.0,0.0,0.0,0.0,0.0,0.0,0.0,0.0,0.0,0.0,0.0
2019-09-06,160.0,0.0,0.0,0.0,0.0,0.0,0.0,109.0,0.0,0.0,0.0,0.0,0.0,0.0,0.0,0.0,0.0,0.0,0.0,0.0,0.0,0.0,0.0
2019-09-20,0.0,124.0,0.0,0.0,0.0,0.0,0.0,134.0,352.0,0.0,0.0,0.0,0.0,0.0,0.0,0.0,0.0,0.0,0.0,0.0,0.0,0.0,0.0
2019-09-26,0.0,141.0,0.0,0.0,0.0,0.0,0.0,153.0,268.0,160.0,0.0,0.0,0.0,0.0,0.0,0.0,0.0,0.0,0.0,0.0,0.0,0.0,0.0
2019-10-02,0.0,125.0,0.0,0.0,0.0,0.0,0.0,118.0,262.0,164.0,0.0,0.0,0.0,0.0,0.0,0.0,0.0,0.0,0.0,0.0,0.0,0.0,0.0
2019-10-09,0.0,176.0,0.0,0.0,0.0,0.0,0.0,160.0,273.0,151.0,0.0,0.0,0.0,0.0,0.0,0.0,0.0,0.0,0.0,0.0,0.0,0.0,0.0
2019-10-16,0.0,210.0,0.0,0.0,0.0,0.0,0.0,183.0,172.0,168.0,0.0,0.0,0.0,0.0,0.0,0.0,0.0,0.0,0.0,0.0,0.0,0.0,0.0
2019-10-23,153.0,84.0,0.0,0.0,0.0,0.0,0.0,125.0,50.0,31.5,0.0,0.0,0.0,0.0,0.0,0.0,0.0,0.0,0.0,0.0,0.0,0.0,0.0
2019-10-30,172.0,166.0,0.0,0.0,0.0,0.0,0.0,169.0,141.0,132.0,520.0,0.0,0.0,0.0,0.0,0.0,0.0,0.0,0.0,0.0,0.0,0.0,0.0
2019-10-31,0.0,189.0,0.0,0.0,0.0,0.0,0.0,0.0,0.0,0.0,0.0,0.0,294.0,210.0,4.0,11.6,3.8,146.0,0.0,0.0,0.0,0.0,0.0
2019-11-06,174.0,185.0,0.0,0.0,0.0,0.0,268.0,176.0,136.0,82.0,370.0,0.0,0.0,0.0,0.0,0.0,0.0,0.0,0.0,0.0,0.0,0.0,0.0
2019-11-11,195.0,185.0,0.0,0.0,0.0,0.0,220.0,164.0,178.0,197.0,352.0,0.0,262.0,153.0,10.9,0.0,1.57,191.0,0.0,0.0,0.0,0.0,0.0
2019-11-19,194.0,178.0,0.0,0.0,0.0,0.0,202.0,181.0,185.0,78.0,368.0,0.0,284.0,42.0,16.8,25.3,15.8,178.0,0.0,0.0,0.0,0.0,0.0
2019-11-26,210.0,193.0,0.0,0.0,0.0,0.0,204.0,132.0,170.0,168.0,368.0,0.0,273.0,5.7,3.15,7.2,4.1,199.0,0.0,0.0,0.0,0.0,0.0
2019-12-05,193.0,150.0,0.0,0.0,0.0,0.0,330.0,185.0,165.0,80.0,390.0,0.0,302.0,154.0,63.0,8.4,25.2,161.0,0.0,0.0,0.0,0.0,0.0
2019-12-10,290.0,205.0,0.0,0.0,0.0,0.0,231.0,191.0,179.0,185.0,380.0,0.0,315.0,170.0,6.3,0.0,27.3,209.0,0.0,0.0,0.0,0.0,0.0
2019-12-17,197.0,208.0,0.0,0.0,0.0,0.0,242.0,191.0,181.0,189.0,380.0,0.0,299.0,151.0,12.2,0.0,35.2,204.0,0.0,0.0,0.0,0.0,0.0
2019-12-23,239.92,201.6,0.0,0.0,0.0,0.0,225.75,163.8,182.7,180.6,362.25,0.0,309.75,90.2,4.18,0.0,38.85,192.0,0.0,0.0,0.0,0.0,0.0
2019-12-30,247.8,210.0,0.0,0.0,0.0,0.0,231.0,182.7,182.7,170.1,346.5,0.0,278.25,15.4,19.8,0.0,22.58,193.2,0.0,0.0,0.0,0.0,0.0
2020-01-07,234.15,197.4,0.0,0.0,0.0,0.0,204.75,168.0,174.3,191.1,346.5,0.0,283.5,5.36,4.08,0.0,22.05,191.1,0.0,0.0,0.0,0.0,0.0
2020-01-14,220.0,158.0,0.0,0.0,0.0,0.0,209.0,176.0,143.0,90.0,368.0,0.0,315.0,5.3,3.19,0.0,33.1,163.0,0.0,0.0,0.0,0.0,0.0
2020-01-22,0.0,84.0,0.0,0.0,0.0,0.0,299.0,91.0,57.0,19.5,352.0,0.0,168.0,130.0,27.0,0.0,27.3,134.0,0.0,0.0,0.0,0.0,0.0
2020-01-28,268.0,210.0,0.0,0.0,0.0,0.0,268.0,181.0,172.0,190.0,380.0,0.0,341.0,131.0,5.2,0.0,38.0,158.0,0.0,0.0,0.0,0.0,0.0
2020-02-04,274.0,204.0,0.0,0.0,0.0,0.0,294.0,185.0,176.0,152.0,380.0,0.0,315.0,110.0,2.84,0.0,36.8,189.0,0.0,0.0,0.0,0.0,0.0
2020-02-11,262.0,176.0,0.0,0.0,0.0,0.0,204.0,149.0,147.0,184.0,390.0,0.0,304.0,21.0,5.5,0.0,65.0,170.0,0.0,0.0,0.0,0.0,0.0
2020-02-18,248.0,164.0,0.0,0.0,0.0,0.0,186.0,124.0,147.0,194.0,399.0,0.0,273.0,4.3,3.6,0.0,76.0,167.0,0.0,0.0,0.0,0.0,0.0
2020-02-25,252.0,204.0,0.0,0.0,0.0,0.0,226.0,185.0,176.0,200.0,380.0,0.0,326.0,4.4,2.1,0.0,64.0,187.0,0.0,0.0,0.0,0.0,0.0
2020-03-03,239.0,185.0,0.0,0.0,0.0,0.0,215.0,178.0,143.0,189.0,336.0,0.0,299.0,4.2,5.4,0.0,59.0,167.0,0.0,0.0,0.0,0.0,0.0
2020-03-10,258.0,195.0,0.0,0.0,0.0,0.0,215.0,172.0,172.0,200.0,370.0,0.0,304.0,5.3,3.26,0.0,48.0,183.0,0.0,0.0,0.0,0.0,0.0
2020-03-17,228.0,187.0,0.0,0.0,0.0,0.0,194.0,168.0,172.0,194.0,346.0,0.0,262.0,5.3,3.41,0.0,38.0,163.0,0.0,0.0,0.0,0.0,0.0
2020-03-26,248.32,198.0,0.0,0.0,0.0,0.0,420.0,158.4,154.0,121.0,425.25,0.0,299.25,58.8,50.4,20.4,35.7,139.2,0.0,0.0,0.0,0.0,0.0
2020-03-31,302.0,189.0,0.0,0.0,0.0,0.0,331.0,164.0,149.0,152.0,390.0,0.0,320.0,132.0,34.8,11.5,46.0,139.0,0.0,0.0,0.0,0.0,0.0
2020-04-07,267.75,187.0,0.0,0.0,0.0,0.0,362.0,162.0,158.0,163.0,400.0,0.0,294.0,105.6,5.5,9.9,58.8,160.8,0.0,0.0,0.0,0.0,0.0
2020-04-14,271.0,162.0,0.0,0.0,0.0,0.0,242.0,172.0,134.0,88.0,390.0,0.0,304.0,30.8,3.3,11.6,24.2,137.0,0.0,0.0,0.0,0.0,0.0
2020-04-21,0.0,180.0,0.0,0.0,0.0,0.0,299.0,147.0,134.0,126.0,368.0,0.0,268.0,10.8,5.6,13.6,80.0,197.0,0.0,0.0,0.0,0.0,0.0
2020-04-28,270.0,172.0,0.0,0.0,0.0,0.0,278.0,170.0,120.0,78.0,380.0,0.0,310.0,4.6,3.7,10.3,95.0,149.0,0.0,0.0,0.0,0.0,0.0
2020-05-05,262.0,189.0,0.0,0.0,0.0,0.0,284.0,176.0,162.0,126.0,390.0,0.0,299.0,6.5,3.48,9.5,94.0,168.0,0.0,0.0,0.0,0.0,0.0
2020-05-12,0.0,160.0,0.0,0.0,0.0,0.0,248.0,176.0,130.0,84.0,368.0,0.0,315.0,6.4,3.15,0.0,86.0,144.0,0.0,0.0,0.0,0.0,0.0
2020-05-19,308.0,176.0,0.0,0.0,0.0,0.0,252.0,166.0,139.0,145.0,380.0,0.0,336.0,7.2,3.3,0.0,98.0,190.0,0.0,0.0,0.0,0.0,0.0
2020-05-26,0.0,162.0,0.0,0.0,0.0,0.0,236.0,168.0,132.0,88.0,368.0,0.0,320.0,8.8,6.0,0.0,107.0,168.0,0.0,0.0,0.0,0.0,0.0
2020-06-01,0.0,158.0,0.0,0.0,0.0,0.0,231.0,176.0,134.0,88.0,390.0,0.0,315.0,9.5,4.4,0.0,154.0,166.0,0.0,0.0,0.0,0.0,0.0
2020-06-09,159.0,101.0,0.0,0.0,0.0,0.0,176.0,162.0,84.0,46.0,352.0,0.0,210.0,8.4,5.4,0.0,25.0,192.0,0.0,0.0,0.0,0.0,0.0
2020-06-16,0.0,161.0,0.0,0.0,0.0,0.0,214.0,180.0,123.0,107.0,390.0,0.0,326.0,9.2,4.2,0.0,115.0,190.0,0.0,0.0,0.0,0.0,0.0
2020-06-22,220.0,132.0,0.0,0.0,0.0,0.0,174.0,147.0,108.0,75.0,390.0,0.0,304.0,8.4,3.48,0.0,112.0,168.0,0.0,0.0,0.0,0.0,0.0
2020-06-30,190.0,172.0,0.0,0.0,0.0,0.0,170.0,153.0,145.0,141.0,341.0,0.0,252.0,7.9,5.1,0.0,96.0,134.0,0.0,0.0,0.0,0.0,0.0
2020-07-07,227.0,174.0,0.0,0.0,0.0,0.0,172.0,149.0,141.0,160.0,362.0,0.0,273.0,10.1,6.8,0.0,108.0,137.0,0.0,0.0,0.0,0.0,0.0
2020-07-14,0.0,198.0,0.0,0.0,0.0,0.0,182.0,163.0,176.0,162.0,357.0,0.0,278.0,6.6,4.5,0.0,103.0,139.0,0.0,0.0,0.0,0.0,0.0
2020-07-21,0.0,172.0,0.0,0.0,0.0,0.0,168.0,162.0,141.0,103.0,336.0,0.0,257.0,8.9,5.3,0.0,92.0,114.0,0.0,0.0,0.0,0.0,0.0
2020-07-28,201.0,174.0,0.0,0.0,0.0,0.0,194.0,162.0,200.0,174.0,362.0,0.0,247.0,6.8,5.5,0.0,81.0,120.0,0.0,0.0,0.0,0.0,0.0
2020-08-04,175.0,141.0,0.0,0.0,0.0,0.0,183.0,169.0,163.0,101.0,310.0,183.0,262.0,7.0,5.9,0.0,94.0,108.0,0.0,0.0,0.0,0.0,0.0
2020-08-11,0.0,185.0,0.0,0.0,0.0,0.0,187.0,172.0,194.0,178.0,370.0,204.0,252.0,7.5,5.6,0.0,82.0,89.0,0.0,0.0,0.0,0.0,0.0
2020-08-18,189.0,155.0,0.0,0.0,0.0,0.0,155.0,149.0,181.0,130.0,336.0,175.0,252.0,4.6,5.8,0.0,80.0,92.0,0.0,0.0,0.0,0.0,0.0
2020-08-25,254.0,167.0,0.0,0.0,0.0,0.0,187.0,163.0,174.0,154.0,358.0,167.0,248.0,7.9,7.32,0.0,73.0,113.0,0.0,0.0,0.0,0.0,0.0
2020-09-01,192.0,155.0,0.0,0.0,0.0,0.0,181.0,153.0,118.0,113.0,341.0,183.0,194.0,4.0,6.4,0.0,44.0,139.0,0.0,0.0,0.0,0.0,0.0
2020-09-08,0.0,167.0,0.0,0.0,0.0,0.0,172.0,160.0,168.0,141.0,368.0,205.0,268.0,6.8,5.9,0.0,40.0,122.0,0.0,0.0,0.0,0.0,0.0
2020-09-15,0.0,184.0,0.0,0.0,0.0,0.0,211.0,160.0,161.0,185.0,357.0,0.0,253.0,7.9,7.3,0.0,52.0,139.0,0.0,0.0,0.0,0.0,0.0
2020-09-22,230.0,196.0,0.0,0.0,0.0,0.0,187.0,172.0,172.0,195.0,390.0,231.0,278.0,6.7,6.6,0.0,50.0,128.0,0.0,0.0,0.0,0.0,0.0
2020-09-29,202.0,162.0,0.0,0.0,0.0,0.0,174.0,141.0,197.0,210.0,341.0,189.0,231.0,6.5,6.5,0.0,38.0,158.0,0.0,0.0,0.0,0.0,0.0
2020-10-06,215.0,197.0,0.0,0.0,0.0,0.0,202.0,178.0,181.0,218.0,390.0,220.0,257.0,7.0,6.4,0.0,49.0,166.0,0.0,0.0,0.0,0.0,0.0
2020-10-13,230.0,242.0,0.0,0.0,0.0,0.0,205.0,178.0,268.0,231.0,380.0,226.0,273.0,7.9,7.8,0.0,52.0,167.0,0.0,0.0,0.0,0.0,0.0
2020-10-20,200.0,173.0,0.0,0.0,0.0,0.0,170.0,110.0,132.0,200.0,380.0,176.0,214.0,6.8,5.5,0.0,52.0,168.0,0.0,0.0,0.0,0.0,0.0
2020-10-27,238.0,191.0,0.0,0.0,0.0,0.0,202.0,166.0,132.0,189.0,0.0,215.0,242.0,6.7,5.8,0.0,49.0,182.0,0.0,0.0,0.0,0.0,0.0
2020-11-03,212.0,147.0,0.0,0.0,0.0,0.0,187.0,155.0,178.0,208.0,362.0,202.0,220.0,7.0,5.9,0.0,68.0,166.0,0.0,0.0,0.0,0.0,0.0
2020-11-10,0.0,185.0,0.0,0.0,0.0,0.0,0.0,132.0,0.0,204.0,0.0,242.0,226.0,0.0,0.0,0.0,0.0,149.0,0.0,0.0,0.0,0.0,0.0
2020-11-17,0.0,193.0,0.0,0.0,0.0,0.0,0.0,160.0,0.0,210.0,0.0,242.0,231.0,0.0,0.0,0.0,0.0,168.0,0.0,0.0,0.0,0.0,0.0
2020-11-24,0.0,197.0,0.0,0.0,0.0,0.0,0.0,168.0,0.0,247.0,0.0,242.0,257.0,0.0,0.0,0.0,0.0,187.0,0.0,0.0,0.0,0.0,0.0
2020-12-01,0.0,0.0,0.0,0.0,0.0,0.0,0.0,177.0,0.0,210.0,0.0,226.0,220.0,0.0,0.0,0.0,0.0,191.0,0.0,0.0,0.0,0.0,0.0
2020-12-08,0.0,0.0,0.0,0.0,0.0,0.0,0.0,160.0,0.0,206.0,0.0,200.0,257.0,0.0,0.0,0.0,0.0,166.0,0.0,0.0,0.0,0.0,0.0
2020-12-15,0.0,0.0,0.0,0.0,0.0,0.0,0.0,226.0,0.0,166.0,0.0,231.0,278.0,0.0,0.0,0.0,0.0,178.0,0.0,0.0,0.0,0.0,0.0
2020-12-22,0.0,0.0,0.0,0.0,0.0,0.0,0.0,170.0,0.0,210.0,0.0,215.0,226.0,0.0,0.0,0.0,0.0,187.0,0.0,0.0,0.0,0.0,0.0
2020-12-29,0.0,218.0,0.0,0.0,0.0,0.0,0.0,220.0,0.0,289.0,0.0,247.0,268.0,0.0,0.0,0.0,0.0,197.0,0.0,0.0,0.0,0.0,0.0
2021-01-05,0.0,217.0,0.0,0.0,0.0,0.0,0.0,173.0,0.0,215.0,0.0,0.0,215.0,0.0,0.0,0.0,0.0,210.0,0.0,0.0,0.0,0.0,0.0
2021-01-12,253.0,226.0,0.0,0.0,0.0,0.0,0.0,176.0,0.0,134.0,0.0,0.0,128.0,0.0,0.0,0.0,67.0,163.0,0.0,0.0,0.0,0.0,0.0
2021-01-19,0.0,220.0,0.0,0.0,0.0,0.0,0.0,173.0,0.0,202.0,0.0,268.0,284.0,0.0,0.0,0.0,83.0,191.0,0.0,0.0,0.0,0.0,0.0
2021-01-26,0.0,0.0,0.0,0.0,0.0,0.0,0.0,163.0,0.0,193.0,0.0,236.0,257.0,0.0,0.0,0.0,87.0,185.0,0.0,0.0,0.0,0.0,0.0
2021-02-02,0.0,204.0,0.0,0.0,0.0,0.0,0.0,163.0,0.0,204.0,0.0,0.0,257.0,0.0,0.0,0.0,0.0,183.0,0.0,0.0,0.0,0.0,0.0
2021-02-09,0.0,177.0,0.0,0.0,0.0,0.0,0.0,173.0,0.0,200.0,0.0,0.0,236.0,0.0,0.0,0.0,0.0,166.0,0.0,0.0,0.0,0.0,0.0
2021-02-16,0.0,203.0,0.0,0.0,0.0,0.0,0.0,173.0,0.0,183.0,0.0,0.0,257.0,0.0,0.0,0.0,0.0,170.0,0.0,0.0,0.0,0.0,0.0
2021-02-23,0.0,189.0,0.0,0.0,0.0,0.0,0.0,147.0,0.0,193.0,0.0,0.0,247.0,0.0,0.0,0.0,0.0,183.0,0.0,0.0,0.0,0.0,0.0
2021-03-02,0.0,191.0,0.0,0.0,0.0,0.0,0.0,164.0,0.0,200.0,0.0,231.0,247.0,0.0,0.0,0.0,0.0,194.0,0.0,0.0,0.0,0.0,0.0
2021-03-09,110.0,56.0,0.0,0.0,0.0,0.0,65.0,81.0,0.0,15.3,0.0,0.0,226.0,4.1,5.9,0.0,6.2,138.0,0.0,0.0,0.0,0.0,0.0
2021-03-16,256.0,197.0,0.0,0.0,0.0,0.0,176.0,176.0,0.0,174.0,0.0,247.0,284.0,0.0,0.0,25.3,55.0,186.0,0.0,0.0,0.0,0.0,0.0
2021-03-23,251.0,200.0,0.0,0.0,0.0,0.0,180.0,170.0,0.0,153.0,0.0,257.0,294.0,0.0,0.0,0.0,62.0,156.0,0.0,0.0,0.0,0.0,0.0
2021-03-30,251.0,210.0,0.0,0.0,0.0,0.0,0.0,170.0,0.0,162.0,0.0,252.0,278.0,0.0,0.0,7.7,0.0,136.0,0.0,0.0,0.0,0.0,0.0
2021-04-07,0.0,194.0,0.0,0.0,0.0,0.0,0.0,170.0,0.0,178.0,0.0,273.0,294.0,0.0,0.0,0.0,0.0,168.0,0.0,0.0,0.0,0.0,0.0
2021-04-13,0.0,185.0,0.0,0.0,0.0,0.0,0.0,160.0,0.0,134.0,0.0,247.0,252.0,0.0,0.0,0.0,0.0,152.0,0.0,0.0,0.0,0.0,0.0
2021-04-20,0.0,190.0,0.0,0.0,0.0,0.0,0.0,162.0,0.0,145.0,0.0,257.0,278.0,0.0,0.0,0.0,0.0,132.0,0.0,0.0,0.0,0.0,0.0
2021-04-27,0.0,146.0,0.0,0.0,0.0,0.0,0.0,149.0,0.0,67.0,0.0,200.0,273.0,0.0,0.0,0.0,0.0,132.0,0.0,0.0,0.0,0.0,0.0
2021-05-04,0.0,0.0,0.0,0.0,0.0,0.0,0.0,131.0,0.0,151.0,0.0,200.0,278.0,0.0,0.0,0.0,10.7,132.0,0.0,0.0,0.0,0.0,0.0
2021-05-11,0.0,147.0,0.0,0.0,0.0,0.0,0.0,139.0,0.0,149.0,0.0,205.0,273.0,0.0,0.0,0.0,0.0,121.0,0.0,0.0,0.0,0.0,0.0
2021-05-18,0.0,175.0,0.0,0.0,0.0,0.0,0.0,153.0,0.0,168.0,0.0,0.0,273.0,0.0,0.0,0.0,0.0,80.0,0.0,0.0,0.0,0.0,0.0
2021-05-25,0.0,157.0,0.0,0.0,0.0,0.0,0.0,158.0,0.0,58.0,0.0,215.0,247.0,0.0,0.0,0.0,9.4,130.0,0.0,0.0,0.0,0.0,0.0
2021-06-01,0.0,237.0,0.0,0.0,0.0,0.0,0.0,166.0,0.0,147.0,0.0,278.0,294.0,218.0,0.0,0.0,10.3,35.2,0.0,0.0,0.0,0.0,0.0
2021-06-07,0.0,205.0,0.0,0.0,0.0,0.0,0.0,166.0,0.0,147.0,0.0,273.0,284.0,200.0,0.0,0.0,0.0,119.0,0.0,0.0,0.0,0.0,0.0
2021-06-14,0.0,231.0,0.0,0.0,0.0,0.0,0.0,158.0,0.0,111.0,0.0,0.0,273.0,152.0,0.0,0.0,3.36,84.0,0.0,0.0,0.0,0.0,0.0
2021-06-21,0.0,208.0,0.0,0.0,0.0,0.0,0.0,170.0,0.0,143.0,0.0,0.0,284.0,30.8,0.0,0.0,0.0,110.0,0.0,0.0,0.0,0.0,0.0
2021-06-28,0.0,163.0,0.0,0.0,0.0,0.0,0.0,151.0,0.0,183.0,0.0,0.0,252.0,3.74,0.0,0.0,0.0,84.0,0.0,0.0,0.0,0.0,0.0
2021-07-05,0.0,138.0,0.0,0.0,0.0,0.0,0.0,141.0,0.0,90.0,0.0,247.0,262.0,7.7,0.0,0.0,0.0,86.0,0.0,0.0,0.0,0.0,0.0
2021-07-12,0.0,136.0,0.0,0.0,0.0,0.0,0.0,149.0,0.0,78.0,0.0,242.0,242.0,6.4,0.0,0.0,0.0,79.0,0.0,0.0,0.0,0.0,0.0
2021-07-19,0.0,135.0,0.0,0.0,0.0,0.0,0.0,145.0,0.0,103.0,0.0,0.0,226.0,7.9,0.0,0.0,0.0,81.0,0.0,0.0,0.0,0.0,0.0
2021-07-26,0.0,119.0,0.0,0.0,0.0,0.0,0.0,155.0,0.0,74.0,0.0,0.0,236.0,6.2,0.0,0.0,0.0,90.0,0.0,0.0,0.0,0.0,0.0
2021-08-02,0.0,171.0,0.0,0.0,0.0,0.0,0.0,158.0,0.0,143.0,0.0,0.0,226.0,18.5,0.0,0.0,0.0,96.0,0.0,0.0,0.0,0.0,0.0
2021-08-09,0.0,152.88,0.0,0.0,0.0,0.0,0.0,153.3,0.0,159.6,0.0,0.0,0.0,0.0,0.0,0.0,0.0,85.8,0.0,0.0,0.0,0.0,0.0
2021-08-16,0.0,172.2,0.0,0.0,0.0,0.0,0.0,172.2,0.0,144.9,0.0,0.0,0.0,0.0,0.0,0.0,0.0,52.8,0.0,0.0,0.0,0.0,0.0
2021-08-23,0.0,95.55,0.0,0.0,0.0,0.0,0.0,147.0,0.0,88.2,0.0,0.0,0.0,0.0,0.0,0.0,0.0,63.8,0.0,0.0,0.0,0.0,0.0
2021-08-24,0.0,102.9,0.0,0.0,0.0,0.0,0.0,0.0,0.0,0.0,0.0,0.0,0.0,0.0,0.0,0.0,0.0,0.0,0.0,0.0,0.0,0.0,0.0
2021-08-25,0.0,115.0,0.0,0.0,0.0,0.0,0.0,0.0,0.0,0.0,0.0,0.0,0.0,0.0,0.0,0.0,0.0,0.0,0.0,0.0,0.0,0.0,0.0
2021-08-26,0.0,105.0,0.0,0.0,0.0,0.0,0.0,0.0,0.0,0.0,0.0,0.0,0.0,0.0,0.0,0.0,0.0,0.0,0.0,0.0,0.0,0.0,0.0
2021-08-27,0.0,138.39,0.0,0.0,0.0,0.0,0.0,0.0,0.0,0.0,0.0,0.0,0.0,0.0,0.0,0.0,0.0,0.0,0.0,0.0,0.0,0.0,0.0
2021-08-28,0.0,161.28,0.0,0.0,0.0,0.0,0.0,0.0,0.0,0.0,0.0,0.0,0.0,0.0,0.0,0.0,0.0,0.0,0.0,0.0,0.0,0.0,0.0
2021-08-29,0.0,153.3,0.0,0.0,0.0,0.0,0.0,0.0,0.0,0.0,0.0,0.0,0.0,0.0,0.0,0.0,0.0,0.0,0.0,0.0,0.0,0.0,0.0
2021-08-30,0.0,145.74,0.0,0.0,0.0,0.0,0.0,144.9,0.0,182.7,0.0,0.0,0.0,0.0,0.0,0.0,0.0,68.25,0.0,0.0,0.0,0.0,0.0
2021-08-31,0.0,160.0,0.0,0.0,0.0,0.0,0.0,0.0,0.0,0.0,0.0,0.0,0.0,0.0,0.0,0.0,0.0,0.0,0.0,0.0,0.0,0.0,0.0
2021-09-01,0.0,162.54,0.0,0.0,0.0,0.0,0.0,0.0,0.0,0.0,0.0,0.0,0.0,0.0,0.0,0.0,0.0,0.0,0.0,0.0,0.0,0.0,0.0
2021-09-02,0.0,156.0,0.0,0.0,0.0,0.0,0.0,0.0,0.0,0.0,0.0,0.0,0.0,0.0,0.0,0.0,0.0,0.0,0.0,0.0,0.0,0.0,0.0
2021-09-03,0.0,153.72,0.0,0.0,0.0,0.0,0.0,142.8,0.0,0.0,0.0,0.0,0.0,0.0,0.0,0.0,0.0,0.0,0.0,0.0,0.0,0.0,0.0
2021-09-04,0.0,133.14,0.0,0.0,0.0,0.0,0.0,0.0,0.0,0.0,0.0,0.0,0.0,0.0,0.0,0.0,0.0,0.0,0.0,0.0,0.0,0.0,0.0
2021-09-05,0.0,142.38,0.0,0.0,0.0,0.0,0.0,0.0,0.0,0.0,0.0,0.0,0.0,0.0,0.0,0.0,0.0,0.0,0.0,0.0,0.0,0.0,0.0
2021-09-06,0.0,137.97,125.4,0.0,0.0,0.0,0.0,149.6,0.0,90.3,0.0,0.0,0.0,0.0,0.0,0.0,0.0,113.4,0.0,0.0,0.0,0.0,0.0
2021-09-07,0.0,135.08,156.2,155.4,13.2,105.6,0.0,140.7,0.0,0.0,0.0,0.0,0.0,0.0,0.0,0.0,0.0,0.0,0.0,0.0,0.0,0.0,0.0
2021-09-08,0.0,141.12,119.7,130.2,81.9,111.3,0.0,119.7,0.0,0.0,0.0,0.0,0.0,0.0,0.0,0.0,0.0,0.0,0.0,0.0,0.0,0.0,0.0
2021-09-09,0.0,137.0,132.0,170.0,81.0,109.0,0.0,150.0,0.0,0.0,0.0,0.0,0.0,0.0,0.0,0.0,0.0,0.0,0.0,0.0,0.0,0.0,0.0
2021-09-10,0.0,151.0,149.0,200.0,86.0,116.0,0.0,141.0,0.0,0.0,0.0,0.0,0.0,0.0,0.0,0.0,0.0,0.0,0.0,0.0,0.0,0.0,0.0
2021-09-11,0.0,164.64,0.0,0.0,0.0,0.0,0.0,0.0,0.0,0.0,0.0,0.0,0.0,0.0,0.0,0.0,0.0,0.0,0.0,0.0,0.0,0.0,0.0
2021-09-12,0.0,159.39,0.0,0.0,0.0,0.0,0.0,0.0,0.0,0.0,0.0,0.0,0.0,0.0,0.0,0.0,0.0,0.0,0.0,0.0,0.0,0.0,0.0
2021-09-13,0.0,154.35,149.1,249.9,220.5,79.8,0.0,115.5,0.0,138.6,0.0,0.0,0.0,0.0,0.0,0.0,0.0,102.9,0.0,0.0,0.0,0.0,0.0
2021-09-14,0.0,163.17,157.5,246.75,86.1,119.7,0.0,144.9,0.0,0.0,0.0,0.0,0.0,0.0,0.0,0.0,0.0,0.0,0.0,0.0,0.0,0.0,0.0
2021-09-15,0.0,170.28,154.0,215.25,86.1,126.0,0.0,129.8,0.0,0.0,0.0,0.0,0.0,0.0,0.0,0.0,0.0,0.0,0.0,0.0,0.0,0.0,0.0
2021-09-16,0.0,163.46,154.0,195.8,96.6,123.9,0.0,136.4,0.0,0.0,0.0,0.0,0.0,0.0,0.0,0.0,0.0,0.0,0.0,0.0,0.0,0.0,0.0
2021-09-17,0.0,153.42,156.2,201.6,88.0,121.8,0.0,129.8,0.0,0.0,0.0,0.0,0.0,0.0,0.0,0.0,0.0,0.0,0.0,0.0,0.0,0.0,0.0
2021-09-18,0.0,146.79,0.0,0.0,0.0,0.0,0.0,0.0,0.0,0.0,0.0,0.0,0.0,0.0,0.0,0.0,0.0,0.0,0.0,0.0,0.0,0.0,0.0
2021-09-19,0.0,182.07,0.0,0.0,0.0,0.0,0.0,0.0,0.0,0.0,0.0,0.0,0.0,0.0,0.0,0.0,0.0,0.0,0.0,0.0,0.0,0.0,0.0
2021-09-20,0.0,169.05,0.0,0.0,0.0,0.0,0.0,136.4,0.0,191.1,0.0,0.0,0.0,0.0,0.0,0.0,0.0,144.9,0.0,0.0,0.0,0.0,0.0
2021-09-23,0.0,115.44,0.0,0.0,0.0,0.0,0.0,127.2,0.0,0.0,0.0,0.0,0.0,0.0,0.0,0.0,0.0,140.7,0.0,0.0,0.0,0.0,0.0
2021-09-30,0.0,155.1,0.0,0.0,0.0,0.0,0.0,140.8,0.0,0.0,0.0,0.0,0.0,0.0,0.0,0.0,0.0,140.7,13.44,8.72,0.0,45.99,46.52
2021-10-08,0.0,174.3,0.0,0.0,0.0,0.0,0.0,153.3,0.0,0.0,0.0,0.0,0.0,0.0,0.0,0.0,0.0,165.44,12.32,14.3,0.0,180.6,203.7
2021-10-15,0.0,172.2,0.0,0.0,0.0,0.0,0.0,157.5,0.0,0.0,0.0,0.0,0.0,0.0,0.0,0.0,0.0,152.02,8.8,17.6,0.0,157.5,203.7
2021-10-22,0.0,184.8,0.0,0.0,0.0,0.0,0.0,258.5,0.0,0.0,0.0,0.0,0.0,0.0,0.0,0.0,0.0,150.36,13.44,9.9,0.0,178.2,0.0
2021-10-28,0.0,108.0,0.0,0.0,0.0,0.0,0.0,137.5,0.0,0.0,0.0,0.0,0.0,0.0,0.0,0.0,0.0,187.95,34.65,12.18,0.0,121.8,148.5
2021-11-05,0.0,168.0,0.0,0.0,0.0,0.0,0.0,147.0,0.0,0.0,0.0,0.0,0.0,0.0,0.0,0.0,0.0,197.61,30.25,6.93,0.0,174.3,194.25
2021-11-11,0.0,170.1,0.0,0.0,0.0,0.0,0.0,183.75,0.0,0.0,0.0,0.0,0.0,0.0,0.0,0.0,0.0,203.52,57.6,8.82,0.0,136.5,199.5
2021-11-18,0.0,176.19,0.0,0.0,0.0,0.0,0.0,178.5,0.0,0.0,0.0,0.0,0.0,0.0,0.0,0.0,0.0,178.5,55.65,8.82,0.0,134.4,194.25
2021-11-25,0.0,178.32,0.0,0.0,0.0,0.0,0.0,170.4,0.0,0.0,0.0,0.0,273.0,172.8,0.0,0.0,0.0,187.2,58.3,6.6,0.0,77.0,181.5
2021-12-02,0.0,194.25,0.0,0.0,0.0,0.0,0.0,172.2,0.0,0.0,0.0,0.0,262.5,264.0,0.0,0.0,0.0,211.2,44.0,11.55,0.0,126.0,194.25
2021-12-10,0.0,184.38,0.0,0.0,0.0,0.0,0.0,172.2,0.0,0.0,0.0,0.0,294.0,236.25,0.0,0.0,40.95,184.8,98.7,18.27,9.45,161.7,194.25
2021-12-17,0.0,168.0,0.0,0.0,0.0,0.0,0.0,172.62,0.0,0.0,0.0,0.0,294.0,270.0,0.0,0.0,0.0,151.2,80.85,30.0,0.0,174.3,0.0
2021-12-23,0.0,162.75,0.0,0.0,0.0,0.0,0.0,165.9,0.0,0.0,0.0,0.0,283.5,246.75,0.0,0.0,0.0,176.4,74.55,25.72,7.88,149.1,215.25
2021-12-30,0.0,169.26,0.0,0.0,0.0,0.0,0.0,165.9,0.0,0.0,0.0,0.0,270.25,252.0,0.0,0.0,0.0,160.6,61.95,14.7,0.0,153.3,199.5
2022-01-04,0.0,194.46,0.0,0.0,0.0,0.0,0.0,163.8,0.0,0.0,0.0,0.0,294.0,241.5,0.0,0.0,0.0,178.5,66.15,26.4,7.92,103.4,204.75
2022-01-13,0.0,171.15,0.0,0.0,0.0,0.0,0.0,138.7,0.0,0.0,0.0,0.0,267.75,220.0,0.0,0.0,0.0,178.2,79.2,36.8,8.28,155.4,215.25
2022-01-20,0.0,166.11,0.0,0.0,0.0,0.0,0.0,165.9,0.0,0.0,0.0,0.0,299.25,210.0,0.0,0.0,0.0,197.4,79.8,33.6,8.19,115.5,152.25
2022-01-25,0.0,175.35,0.0,0.0,0.0,0.0,0.0,158.4,0.0,0.0,0.0,0.0,278.25,236.5,0.0,0.0,210.0,174.3,74.8,30.79,9.45,153.3,189.0
2022-02-02,0.0,158.97,0.0,0.0,0.0,0.0,0.0,163.8,0.0,0.0,0.0,0.0,288.75,252.0,0.0,0.0,2.8,204.6,86.1,59.85,4.84,161.7,189.0
2022-02-10,0.0,176.0,0.0,0.0,0.0,0.0,0.0,161.7,0.0,0.0,0.0,0.0,283.5,241.5,0.0,0.0,0.0,180.6,70.35,65.1,0.0,186.9,204.75
2022-02-16,0.0,190.52,0.0,0.0,0.0,0.0,0.0,168.0,0.0,0.0,0.0,0.0,283.5,253.0,0.0,0.0,0.0,202.4,58.8,44.0,6.3,138.6,189.0
2022-02-24,0.0,189.0,0.0,0.0,0.0,0.0,0.0,165.9,0.0,0.0,0.0,0.0,283.5,189.0,0.0,0.0,0.0,182.7,58.8,74.55,4.08,165.9,210.0
2022-03-02,0.0,169.89,0.0,0.0,0.0,0.0,0.0,134.4,0.0,0.0,0.0,0.0,267.75,88.0,0.0,0.0,0.0,162.8,33.0,68.2,0.0,191.1,0.0
2022-03-10,0.0,176.82,0.0,0.0,0.0,0.0,0.0,165.9,0.0,0.0,0.0,0.0,273.0,206.8,0.0,0.0,2.16,189.2,58.3,14.96,13.65,144.9,204.75
2022-03-15,0.0,173.25,0.0,0.0,0.0,0.0,0.0,163.8,0.0,0.0,0.0,0.0,283.5,58.3,0.0,0.0,0.0,132.0,36.75,0.0,8.61,147.0,0.0
2022-03-24,0.0,49.4,0.0,0.0,0.0,0.0,0.0,116.38,0.0,0.0,0.0,0.0,209.0,136.4,0.0,0.0,44.1,162.8,68.2,0.0,16.28,23.1,0.0
2022-03-31,0.0,120.96,0.0,0.0,0.0,0.0,0.0,146.4,0.0,0.0,0.0,154.0,315.0,247.5,0.0,0.0,34.65,132.0,68.2,3.15,26.25,56.7,0.0
2022-04-06,0.0,129.14,0.0,0.0,0.0,0.0,0.0,151.8,0.0,0.0,0.0,52.8,288.75,45.1,0.0,15.0,26.25,76.8,22.8,3.12,6.82,91.35,0.0
2022-04-11,0.0,125.79,0.0,0.0,0.0,0.0,0.0,136.5,0.0,0.0,0.0,262.5,294.0,231.0,0.0,0.0,47.25,151.8,85.8,0.0,13.23,53.55,0.0
2022-04-21,0.0,79.44,0.0,0.0,0.0,0.0,0.0,88.8,0.0,0.0,0.0,0.0,174.0,214.5,0.0,0.0,40.95,129.6,78.0,18.72,13.02,25.2,0.0
2022-04-27,0.0,135.24,0.0,0.0,0.0,0.0,0.0,151.2,0.0,0.0,0.0,0.0,267.75,0.0,0.0,0.0,59.85,163.8,55.0,14.08,6.6,102.9,0.0
2022-05-05,0.0,63.14,0.0,0.0,0.0,0.0,0.0,74.8,0.0,0.0,0.0,183.75,173.25,210.0,0.0,0.0,34.8,158.4,92.4,18.0,6.51,69.3,0.0
2022-05-12,0.0,101.64,0.0,0.0,0.0,0.0,0.0,117.6,0.0,0.0,0.0,0.0,236.25,204.75,0.0,0.0,169.4,42.0,67.2,29.4,0.0,134.2,0.0
2022-05-19,0.0,137.13,0.0,0.0,0.0,0.0,0.0,132.3,0.0,0.0,0.0,0.0,257.25,220.0,0.0,0.0,18.9,167.2,104.4,44.0,0.0,117.6,0.0
2022-05-26,0.0,138.81,0.0,0.0,0.0,0.0,0.0,161.7,0.0,0.0,0.0,0.0,283.5,247.5,0.0,0.0,7.92,160.6,48.3,37.8,3.74,95.55,0.0
2022-06-02,0.0,140.8,0.0,0.0,0.0,0.0,0.0,158.4,0.0,0.0,0.0,0.0,246.75,23.1,0.0,0.0,29.7,163.2,78.75,28.88,13.42,132.2,0.0
2022-06-03,0.0,137.94,0.0,0.0,0.0,0.0,0.0,154.0,0.0,0.0,0.0,0.0,220.5,12.6,0.0,0.0,0.0,151.8,63.8,4.41,0.0,126.0,0.0
2022-06-04,0.0,142.56,0.0,0.0,0.0,0.0,0.0,162.8,0.0,0.0,0.0,0.0,246.75,9.35,0.0,0.0,0.0,170.4,103.4,19.53,0.0,132.3,0.0
2022-06-05,0.0,147.84,0.0,0.0,0.0,0.0,0.0,167.2,0.0,0.0,0.0,0.0,262.5,7.35,0.0,0.0,0.0,163.2,31.9,12.6,0.0,142.8,0.0
2022-06-06,0.0,151.8,0.0,0.0,0.0,0.0,0.0,168.0,0.0,0.0,0.0,0.0,267.75,6.82,0.0,0.0,0.0,187.2,86.9,12.18,0.0,144.9,0.0
2022-06-07,0.0,133.22,0.0,0.0,0.0,0.0,0.0,161.7,0.0,0.0,0.0,0.0,252.0,3.96,0.0,0.0,0.0,170.4,99.6,12.24,0.0,153.3,0.0
2022-06-08,0.0,136.18,0.0,0.0,0.0,0.0,0.0,159.6,0.0,0.0,0.0,0.0,246.75,4.84,0.0,0.0,0.0,165.6,91.3,16.59,0.0,151.2,0.0
2022-06-09,0.0,139.92,0.0,0.0,0.0,0.0,0.0,165.9,0.0,0.0,0.0,0.0,246.75,3.74,0.0,0.0,0.0,136.8,63.8,8.82,0.0,63.0,0.0
2022-06-10,0.0,133.1,0.0,0.0,0.0,0.0,0.0,155.4,0.0,0.0,0.0,0.0,273.0,3.74,0.0,0.0,0.0,148.8,50.6,11.76,0.0,157.5,0.0
2022-06-11,0.0,137.54,0.0,0.0,0.0,0.0,0.0,154.0,0.0,0.0,0.0,0.0,231.0,5.52,0.0,0.0,0.0,154.0,55.0,13.02,0.0,136.5,0.0
2022-06-12,0.0,145.42,0.0,0.0,0.0,0.0,0.0,168.0,0.0,0.0,0.0,0.0,262.5,5.52,0.0,0.0,0.0,165.0,63.8,15.12,0.0,130.2,0.0
2022-06-13,0.0,143.0,0.0,0.0,0.0,0.0,0.0,172.2,0.0,0.0,0.0,0.0,262.5,6.0,0.0,0.0,0.0,177.6,101.2,14.7,0.0,155.4,0.0
2022-06-14,0.0,128.04,0.0,0.0,0.0,0.0,0.0,156.2,0.0,0.0,0.0,0.0,231.0,0.0,0.0,0.0,0.0,158.4,102.3,5.88,0.0,144.9,0.0
2022-06-15,0.0,186.78,0.0,0.0,0.0,0.0,0.0,168.0,0.0,0.0,0.0,0.0,252.0,0.0,0.0,0.0,0.0,145.2,71.5,0.0,0.0,159.6,0.0
2022-06-16,0.0,137.28,0.0,0.0,0.0,0.0,0.0,158.4,0.0,0.0,0.0,215.25,241.5,0.0,0.0,0.0,0.0,170.4,78.75,0.0,0.0,149.1,0.0
2022-06-17,0.0,136.4,0.0,0.0,0.0,0.0,0.0,175.2,0.0,0.0,0.0,0.0,225.75,0.0,0.0,0.0,0.0,165.8,80.3,0.0,0.0,159.6,0.0
2022-06-18,0.0,144.32,0.0,0.0,0.0,0.0,0.0,169.4,0.0,0.0,0.0,0.0,246.75,0.0,0.0,0.0,0.0,151.2,73.5,0.0,0.0,151.2,0.0
2022-06-19,0.0,121.22,0.0,0.0,0.0,0.0,0.0,162.8,0.0,0.0,0.0,0.0,246.75,0.0,0.0,0.0,0.0,156.0,68.2,0.0,0.0,174.3,0.0
2022-06-20,0.0,134.2,0.0,0.0,0.0,0.0,0.0,158.4,0.0,0.0,0.0,0.0,257.25,0.0,0.0,0.0,0.0,168.0,67.1,0.0,0.0,165.9,0.0
2022-06-21,0.0,135.96,0.0,0.0,0.0,0.0,0.0,160.6,0.0,0.0,0.0,0.0,236.5,0.0,0.0,0.0,0.0,160.8,35.2,0.0,0.0,130.2,0.0
2022-06-22,0.0,133.1,0.0,0.0,0.0,0.0,0.0,154.0,0.0,0.0,0.0,0.0,241.5,0.0,0.0,0.0,0.0,168.0,41.0,0.0,0.0,163.8,0.0
2022-06-23,0.0,127.82,0.0,0.0,0.0,0.0,0.0,151.8,0.0,0.0,0.0,0.0,246.75,0.0,0.0,0.0,0.0,184.8,74.8,0.0,0.0,157.5,0.0
2022-06-24,0.0,134.42,0.0,0.0,0.0,0.0,0.0,136.8,0.0,0.0,0.0,0.0,262.5,0.0,0.0,0.0,0.0,184.8,73.7,0.0,0.0,191.1,0.0
2022-06-25,0.0,141.24,0.0,0.0,0.0,0.0,0.0,147.4,0.0,0.0,0.0,236.25,246.75,0.0,0.0,0.0,0.0,177.6,64.8,0.0,0.0,210.0,0.0
2022-06-26,0.0,134.64,0.0,0.0,0.0,0.0,0.0,149.6,0.0,0.0,0.0,241.5,252.0,0.0,0.0,0.0,0.0,180.0,57.6,0.0,0.0,210.0,0.0
2022-06-27,0.0,112.2,0.0,0.0,0.0,0.0,0.0,99.0,0.0,0.0,0.0,0.0,236.25,0.0,0.0,0.0,0.0,177.6,38.4,0.0,0.0,159.6,0.0
2022-06-28,0.0,131.56,0.0,0.0,0.0,0.0,0.0,105.6,0.0,0.0,0.0,247.5,246.75,0.0,0.0,0.0,0.0,175.2,88.8,0.0,0.0,204.75,0.0
2022-06-29,0.0,102.52,0.0,0.0,0.0,0.0,0.0,85.8,0.0,0.0,0.0,138.0,220.5,0.0,0.0,0.0,0.0,149.6,56.1,0.0,0.0,178.5,0.0
2022-06-30,0.0,113.82,0.0,0.0,0.0,0.0,0.0,69.3,0.0,0.0,0.0,256.2,262.5,0.0,0.0,0.0,0.0,165.0,42.9,0.0,0.0,189.0,0.0
2022-07-01,0.0,104.28,0.0,0.0,0.0,0.0,0.0,81.4,0.0,0.0,0.0,225.75,236.25,0.0,0.0,0.0,0.0,151.8,49.2,0.0,0.0,204.75,0.0
2022-07-02,0.0,97.68,0.0,0.0,0.0,0.0,0.0,81.4,0.0,0.0,0.0,0.0,231.0,0.0,0.0,0.0,0.0,156.0,40.8,0.0,0.0,170.1,0.0
2022-07-03,0.0,87.56,0.0,0.0,0.0,0.0,0.0,81.4,0.0,0.0,0.0,0.0,220.5,0.0,0.0,0.0,0.0,143.0,41.8,0.0,0.0,176.4,0.0
2022-07-04,0.0,72.6,0.0,0.0,0.0,0.0,0.0,12.1,0.0,0.0,0.0,0.0,220.5,0.0,0.0,0.0,0.0,151.2,69.0,0.0,0.0,153.3,0.0
2022-07-05,0.0,91.31,0.0,0.0,0.0,0.0,0.0,55.2,0.0,0.0,0.0,0.0,236.5,0.0,0.0,0.0,0.0,163.2,64.9,4.41,0.0,154.0,0.0
2022-07-06,0.0,92.18,0.0,0.0,0.0,0.0,0.0,46.2,0.0,0.0,0.0,0.0,231.0,0.0,0.0,0.0,0.0,168.0,46.8,0.0,0.0,157.5,0.0
2022-07-07,0.0,83.16,0.0,0.0,0.0,0.0,0.0,33.0,0.0,0.0,0.0,0.0,215.25,0.0,0.0,0.0,0.0,156.0,62.7,0.0,0.0,162.75,0.0
2022-07-08,0.0,82.74,0.0,0.0,0.0,0.0,0.0,35.7,0.0,0.0,0.0,0.0,246.75,0.0,0.0,0.0,0.0,149.5,39.1,0.0,0.0,170.1,0.0
2022-07-09,0.0,82.95,0.0,0.0,0.0,0.0,0.0,37.8,0.0,0.0,0.0,0.0,262.5,0.0,0.0,0.0,0.0,149.5,40.25,0.0,0.0,172.2,0.0
2022-07-10,0.0,60.27,0.0,0.0,0.0,0.0,0.0,38.5,0.0,0.0,0.0,0.0,225.75,0.0,0.0,0.0,0.0,160.8,48.4,0.0,0.0,161.7,0.0
2022-07-11,0.0,54.6,0.0,0.0,0.0,0.0,0.0,1.54,0.0,0.0,0.0,0.0,225.75,0.0,0.0,0.0,0.0,156.0,27.6,0.0,0.0,149.6,0.0
2022-07-12,0.0,66.66,0.0,0.0,0.0,0.0,0.0,2.64,0.0,0.0,0.0,0.0,214.5,0.0,0.0,0.0,0.0,174.2,50.4,0.0,0.0,144.9,0.0
2022-07-13,0.0,59.64,0.0,0.0,0.0,0.0,0.0,23.63,0.0,0.0,0.0,0.0,231.0,0.0,0.0,0.0,0.0,142.8,16.8,0.0,0.0,147.0,0.0
2022-07-14,0.0,68.2,0.0,0.0,0.0,0.0,0.0,5.5,0.0,0.0,0.0,0.0,220.0,0.0,0.0,0.0,0.0,144.0,19.55,0.0,0.0,138.6,0.0
2022-07-15,0.0,73.04,0.0,0.0,0.0,0.0,0.0,8.25,0.0,0.0,0.0,0.0,241.5,0.0,0.0,0.0,0.0,154.0,26.4,0.0,0.0,149.1,0.0
2022-07-16,0.0,120.12,0.0,0.0,0.0,0.0,0.0,105.0,0.0,0.0,0.0,0.0,231.0,0.0,0.0,0.0,0.0,154.1,20.12,0.0,0.0,165.9,0.0
2022-07-17,0.0,132.88,0.0,0.0,0.0,0.0,0.0,136.5,0.0,0.0,0.0,0.0,236.25,0.0,0.0,0.0,0.0,148.8,21.6,0.0,0.0,174.3,0.0
2022-07-18,0.0,148.8,0.0,0.0,0.0,0.0,0.0,131.1,0.0,0.0,0.0,0.0,225.5,0.0,0.0,0.0,0.0,145.6,20.4,0.0,0.0,170.1,0.0
2022-07-19,0.0,165.14,0.0,0.0,0.0,0.0,0.0,121.9,0.0,0.0,0.0,0.0,220.5,0.0,0.0,0.0,0.0,120.0,21.0,0.0,0.0,178.5,0.0
2022-07-20,0.0,123.42,0.0,0.0,0.0,0.0,0.0,128.1,0.0,0.0,0.0,0.0,231.0,0.0,0.0,0.0,0.0,163.2,15.6,0.0,0.0,182.7,0.0
2022-07-21,0.0,113.3,0.0,0.0,0.0,0.0,0.0,123.2,0.0,0.0,0.0,0.0,194.25,0.0,0.0,0.0,0.0,139.2,45.1,0.0,0.0,161.7,0.0
2022-07-22,0.0,110.88,0.0,0.0,0.0,0.0,0.0,130.2,0.0,0.0,0.0,0.0,215.25,0.0,0.0,0.0,0.0,148.8,16.2,0.0,0.0,142.8,0.0
2022-07-23,0.0,121.67,0.0,0.0,0.0,0.0,0.0,126.0,0.0,0.0,0.0,0.0,204.75,0.0,0.0,0.0,0.0,156.0,48.3,0.0,0.0,151.2,0.0
2022-07-24,0.0,133.18,0.0,0.0,0.0,0.0,0.0,129.1,0.0,0.0,0.0,0.0,215.0,0.0,0.0,0.0,0.0,150.0,56.1,0.0,0.0,159.6,0.0
2022-07-25,0.0,160.8,0.0,0.0,0.0,0.0,0.0,142.6,0.0,0.0,0.0,0.0,225.5,0.0,0.0,0.0,0.0,163.3,43.8,0.0,0.0,163.8,0.0
2022-07-26,0.0,142.12,0.0,0.0,0.0,0.0,0.0,174.3,0.0,0.0,0.0,0.0,304.5,0.0,0.0,0.0,0.0,199.2,50.05,0.0,0.0,193.2,0.0
2022-07-27,0.0,120.96,0.0,0.0,0.0,0.0,0.0,147.2,0.0,0.0,0.0,0.0,214.5,0.0,0.0,0.0,0.0,153.6,35.4,0.0,0.0,142.8,153.4
2022-07-28,0.0,115.28,0.0,0.0,0.0,0.0,0.0,138.6,0.0,0.0,0.0,0.0,220.5,0.0,0.0,0.0,0.0,138.6,31.62,0.0,0.0,147.0,0.0
2022-07-29,0.0,122.36,0.0,0.0,0.0,0.0,0.0,149.6,0.0,0.0,0.0,0.0,210.0,0.0,0.0,0.0,0.0,153.3,33.0,0.0,0.0,138.6,0.0
2022-07-30,0.0,138.48,0.0,0.0,0.0,0.0,0.0,157.5,0.0,0.0,0.0,0.0,236.25,0.0,0.0,0.0,0.0,140.8,46.2,0.0,0.0,147.0,0.0
2022-07-31,0.0,115.72,0.0,0.0,0.0,0.0,0.0,205.8,0.0,0.0,0.0,0.0,157.5,0.0,0.0,0.0,0.0,79.2,118.8,0.0,0.0,147.0,0.0
2022-08-01,0.0,136.8,0.0,0.0,0.0,0.0,0.0,151.8,0.0,0.0,0.0,0.0,212.75,0.0,0.0,0.0,0.0,154.1,57.2,0.0,0.0,144.9,0.0
2022-08-02,0.0,117.7,0.0,0.0,0.0,0.0,0.0,149.1,0.0,0.0,0.0,0.0,225.75,0.0,0.0,0.0,0.0,162.8,41.4,0.0,0.0,147.0,0.0
2022-08-03,0.0,129.48,0.0,0.0,0.0,0.0,0.0,150.8,0.0,0.0,0.0,0.0,0.0,0.0,0.0,0.0,0.0,161.0,21.0,0.0,0.0,144.0,151.8
2022-08-04,0.0,97.52,0.0,0.0,0.0,0.0,0.0,112.2,0.0,0.0,0.0,0.0,0.0,0.0,0.0,0.0,0.0,160.6,26.95,0.0,0.0,130.2,0.0
2022-08-05,0.0,0.0,0.0,0.0,0.0,0.0,0.0,0.0,0.0,0.0,0.0,0.0,0.0,0.0,0.0,0.0,0.0,0.0,0.0,0.0,0.0,0.0,0.0
2022-08-06,0.0,0.0,0.0,0.0,0.0,0.0,0.0,0.0,0.0,0.0,0.0,0.0,0.0,0.0,0.0,0.0,0.0,0.0,0.0,0.0,0.0,0.0,0.0
2022-08-05,0.0,119.68,0.0,0.0,0.0,0.0,0.0,143.0,0.0,0.0,0.0,0.0,0.0,0.0,0.0,0.0,0.0,165.0,36.3,0.0,0.0,138.6,0.0
2022-08-06,0.0,133.92,0.0,0.0,0.0,0.0,0.0,151.8,0.0,0.0,0.0,0.0,0.0,0.0,0.0,0.0,0.0,145.2,22.0,0.0,0.0,138.6,0.0
2022-08-07,0.0,117.26,0.0,0.0,0.0,0.0,0.0,145.2,0.0,0.0,0.0,0.0,0.0,0.0,0.0,0.0,0.0,149.6,20.9,0.0,0.0,163.8,0.0
2022-08-08,0.0,138.6,0.0,0.0,0.0,0.0,0.0,121.0,0.0,0.0,0.0,0.0,0.0,0.0,0.0,0.0,0.0,154.0,44.0,0.0,0.0,180.6,0.0
2022-08-09,0.0,148.06,0.0,0.0,0.0,0.0,0.0,107.8,0.0,0.0,0.0,0.0,0.0,0.0,0.0,0.0,0.0,145.2,42.35,0.0,0.0,178.5,0.0
2022-08-10,0.0,134.88,0.0,0.0,0.0,0.0,0.0,153.6,0.0,0.0,0.0,0.0,0.0,0.0,0.0,0.0,0.0,133.4,50.05,0.0,0.0,128.1,130.2
2022-08-11,0.0,86.25,0.0,0.0,0.0,0.0,0.0,121.9,0.0,0.0,0.0,0.0,0.0,0.0,0.0,0.0,0.0,118.8,37.28,0.0,0.0,92.4,0.0
2022-08-12,0.0,113.52,0.0,0.0,0.0,0.0,0.0,129.6,0.0,0.0,0.0,0.0,0.0,0.0,0.0,0.0,0.0,112.2,20.9,0.0,0.0,123.9,0.0
2022-08-13,0.0,119.83,0.0,0.0,0.0,0.0,0.0,149.5,0.0,0.0,0.0,0.0,0.0,0.0,0.0,0.0,0.0,129.8,18.15,0.0,0.0,115.5,0.0
2022-08-14,0.0,123.28,0.0,0.0,0.0,0.0,0.0,133.4,0.0,0.0,0.0,0.0,0.0,0.0,0.0,0.0,0.0,136.4,18.7,0.0,0.0,121.9,0.0
2022-08-15,0.0,121.9,0.0,0.0,0.0,0.0,0.0,131.1,0.0,0.0,0.0,0.0,0.0,0.0,0.0,0.0,0.0,125.4,19.25,0.0,0.0,128.1,0.0
2022-08-16,0.0,130.9,0.0,0.0,0.0,0.0,0.0,160.9,0.0,0.0,0.0,0.0,0.0,0.0,0.0,0.0,0.0,162.8,34.45,0.0,0.0,222.6,0.0
2022-08-17,0.0,129.84,0.0,0.0,0.0,0.0,0.0,174.2,0.0,0.0,0.0,0.0,0.0,0.0,0.0,0.0,0.0,170.4,11.4,0.0,0.0,132.3,149.5
2022-08-18,0.0,125.76,0.0,0.0,0.0,0.0,0.0,152.5,0.0,0.0,0.0,0.0,0.0,0.0,0.0,0.0,0.0,171.6,32.45,0.0,0.0,130.2,0.0
2022-08-19,0.0,123.6,0.0,0.0,0.0,0.0,0.0,140.8,0.0,0.0,0.0,0.0,0.0,0.0,0.0,0.0,0.0,160.6,24.2,0.0,0.0,134.4,0.0
2022-08-20,0.0,122.32,0.0,0.0,0.0,0.0,0.0,156.2,0.0,0.0,0.0,0.0,0.0,0.0,0.0,0.0,0.0,182.6,37.4,0.0,0.0,100.8,0.0
2022-08-21,0.0,121.0,0.0,0.0,0.0,0.0,0.0,161.7,0.0,0.0,0.0,0.0,0.0,0.0,0.0,0.0,0.0,147.4,33.0,0.0,0.0,111.3,0.0
2022-08-22,0.0,129.8,0.0,0.0,0.0,0.0,0.0,143.0,0.0,0.0,0.0,0.0,0.0,0.0,0.0,0.0,0.0,154.0,36.85,0.0,0.0,105.0,0.0
2022-08-23,0.0,120.54,0.0,0.0,0.0,0.0,0.0,142.8,0.0,0.0,0.0,0.0,0.0,0.0,0.0,0.0,0.0,156.2,29.15,0.0,0.0,111.3,0.0
2022-08-24,0.0,129.36,0.0,0.0,0.0,0.0,0.0,152.5,0.0,0.0,0.0,0.0,0.0,0.0,0.0,0.0,0.0,160.6,29.32,0.0,0.0,94.5,138.0
2022-08-25,0.0,120.48,0.0,0.0,0.0,0.0,0.0,158.4,0.0,0.0,0.0,0.0,0.0,0.0,0.0,0.0,0.0,123.2,52.5,0.0,0.0,105.0,0.0
2022-08-26,0.0,109.78,0.0,0.0,0.0,0.0,0.0,149.6,0.0,0.0,0.0,0.0,0.0,0.0,0.0,0.0,0.0,125.4,46.2,0.0,0.0,107.1,0.0
2022-08-27,0.0,110.22,0.0,0.0,0.0,0.0,0.0,147.0,0.0,0.0,0.0,0.0,0.0,0.0,0.0,0.0,0.0,126.0,28.88,0.0,0.0,111.3,0.0
2022-08-28,0.0,126.72,0.0,0.0,0.0,0.0,0.0,162.8,0.0,0.0,0.0,0.0,0.0,0.0,0.0,0.0,0.0,165.0,32.45,0.0,0.0,117.6,0.0
2022-08-29,0.0,101.2,0.0,0.0,0.0,0.0,0.0,149.6,0.0,0.0,0.0,0.0,0.0,0.0,0.0,0.0,0.0,155.4,30.98,0.0,0.0,96.6,0.0
2022-08-30,0.0,106.48,0.0,0.0,0.0,0.0,0.0,145.2,0.0,0.0,0.0,0.0,0.0,0.0,0.0,0.0,0.0,129.8,39.6,0.0,0.0,111.3,0.0
2022-08-31,0.0,122.1,0.0,0.0,0.0,0.0,0.0,122.1,0.0,0.0,0.0,0.0,0.0,0.0,0.0,0.0,0.0,136.4,50.6,0.0,0.0,111.3,132.3
2022-09-01,0.0,104.94,0.0,0.0,0.0,0.0,0.0,140.8,0.0,0.0,0.0,0.0,0.0,0.0,0.0,0.0,0.0,160.6,37.2,0.0,0.0,79.8,0.0
2022-09-02,0.0,109.71,0.0,0.0,0.0,0.0,0.0,145.2,0.0,0.0,0.0,0.0,0.0,0.0,0.0,0.0,0.0,127.6,27.6,0.0,0.0,77.7,0.0
2022-09-03,0.0,115.94,0.0,0.0,0.0,0.0,0.0,158.4,0.0,0.0,0.0,0.0,0.0,0.0,0.0,0.0,0.0,143.0,38.52,0.0,0.0,86.1,0.0
2022-09-04,0.0,136.18,0.0,0.0,0.0,0.0,0.0,155.4,0.0,0.0,0.0,0.0,0.0,0.0,0.0,0.0,0.0,159.6,39.05,0.0,0.0,86.1,0.0
2022-09-07,0.0,129.14,0.0,0.0,0.0,0.0,0.0,154.0,0.0,0.0,0.0,0.0,0.0,0.0,0.0,0.0,0.0,145.2,31.35,0.0,0.0,123.9,315.0
2022-09-08,0.0,122.54,0.0,0.0,0.0,0.0,0.0,160.6,0.0,0.0,0.0,0.0,0.0,0.0,0.0,0.0,0.0,159.6,26.4,0.0,0.0,119.7,138.6
2022-09-09,0.0,139.04,0.0,0.0,0.0,0.0,0.0,156.2,0.0,0.0,0.0,0.0,0.0,0.0,0.0,0.0,0.0,156.2,25.3,0.0,0.0,123.9,130.2
2022-09-14,0.0,133.77,0.0,0.0,0.0,0.0,0.0,142.8,0.0,0.0,0.0,0.0,0.0,0.0,0.0,0.0,0.0,144.9,35.2,0.0,0.0,123.9,134.4
2022-09-15,0.0,136.92,0.0,0.0,0.0,0.0,0.0,159.6,0.0,0.0,0.0,0.0,0.0,0.0,0.0,0.0,0.0,147.0,39.05,0.0,0.0,130.2,142.8
2022-09-16,0.0,131.88,0.0,0.0,0.0,0.0,0.0,155.4,0.0,0.0,0.0,0.0,0.0,0.0,0.0,0.0,0.0,151.2,36.3,0.0,0.0,123.9,153.3
2022-09-21,0.0,116.97,0.0,0.0,0.0,0.0,0.0,132.3,0.0,0.0,0.0,0.0,0.0,0.0,0.0,0.0,0.0,123.2,25.85,0.0,0.0,96.6,111.1
2022-09-22,0.0,128.31,0.0,0.0,0.0,0.0,0.0,153.3,0.0,0.0,0.0,0.0,0.0,0.0,0.0,0.0,0.0,143.0,28.6,0.0,0.0,100.8,132.3
2022-09-23,0.0,126.84,0.0,0.0,0.0,0.0,0.0,153.3,0.0,0.0,0.0,0.0,0.0,0.0,0.0,0.0,0.0,145.2,29.15,0.0,0.0,100.8,138.6
2022-09-26,0.0,28.3,0.0,0.0,0.0,0.0,0.0,78.0,0.0,0.0,0.0,0.0,66.3,0.0,0.0,0.0,0.0,96.2,51.0,0.0,0.0,51.0,20.16
2022-09-28,0.0,156.0,0.0,0.0,0.0,0.0,0.0,156.0,0.0,0.0,0.0,0.0,258.5,0.0,0.0,0.0,0.0,132.0,49.8,0.0,0.0,64.8,146.6
2022-09-30,0.0,168.48,0.0,0.0,0.0,0.0,0.0,170.4,0.0,0.0,0.0,0.0,302.5,0.0,0.0,0.0,0.0,151.8,62.4,0.0,0.0,94.6,184.8
2022-10-03,0.0,172.7,0.0,0.0,0.0,0.0,0.0,162.8,0.0,0.0,0.0,0.0,257.25,0.0,0.0,0.0,0.0,147.4,73.7,0.0,0.0,52.5,0.0
2022-10-06,0.0,145.2,0.0,0.0,0.0,0.0,0.0,144.0,0.0,0.0,0.0,0.0,0.0,0.0,0.0,0.0,0.0,86.4,16.8,0.0,0.0,96.0,105.6
2022-10-10,0.0,195.12,0.0,0.0,0.0,0.0,0.0,160.8,0.0,0.0,0.0,0.0,269.5,0.0,0.0,0.0,0.0,141.6,84.0,0.0,0.0,94.6,178.2
2022-10-13,0.0,189.36,0.0,0.0,0.0,0.0,0.0,172.8,0.0,0.0,0.0,0.0,0.0,0.0,0.0,0.0,0.0,163.2,71.5,0.0,0.0,90.3,191.1
2022-10-17,0.0,228.96,0.0,0.0,0.0,0.0,0.0,161.7,0.0,0.0,0.0,269.5,257.25,0.0,0.0,0.0,0.0,153.3,94.5,0.0,0.0,48.3,0.0
2022-10-21,0.0,169.92,0.0,0.0,0.0,0.0,0.0,158.4,0.0,0.0,0.0,0.0,0.0,0.0,0.0,0.0,0.0,155.4,101.85,0.0,0.0,37.8,184.8
2022-10-24,0.0,156.63,0.0,0.0,0.0,0.0,0.0,169.4,0.0,0.0,0.0,153.3,273.0,0.0,0.0,0.0,0.0,184.8,91.35,0.0,0.0,105.0,203.7
2022-10-27,0.0,180.6,0.0,0.0,0.0,0.0,0.0,168.8,0.0,0.0,0.0,0.0,0.0,0.0,0.0,0.0,0.0,182.6,94.0,0.0,0.0,105.0,159.6
2022-11-02,0.0,164.22,0.0,0.0,0.0,0.0,0.0,153.3,0.0,0.0,0.0,132.0,231.0,0.0,0.0,0.0,0.0,195.8,87.15,0.0,0.0,113.4,165.9
2022-11-04,0.0,182.28,0.0,0.0,0.0,0.0,0.0,170.1,0.0,0.0,0.0,0.0,0.0,0.0,0.0,0.0,0.0,182.7,78.75,0.0,0.0,105.0,191.1
2022-11-07,0.0,167.64,0.0,0.0,0.0,0.0,0.0,171.6,0.0,0.0,0.0,0.0,294.0,0.0,0.0,0.0,0.0,205.8,110.0,0.0,0.0,125.4,182.7
2022-11-10,0.0,134.2,0.0,0.0,0.0,0.0,0.0,135.7,0.0,0.0,0.0,247.5,0.0,0.0,0.0,0.0,0.0,168.0,90.2,0.0,0.0,103.4,176.0
2022-11-14,0.0,142.78,0.0,0.0,0.0,0.0,0.0,121.0,0.0,0.0,0.0,286.0,267.75,0.0,0.0,0.0,0.0,180.4,81.4,0.0,0.0,75.6,0.0
2022-11-17,0.0,133.32,0.0,0.0,0.0,0.0,0.0,110.0,0.0,0.0,0.0,0.0,0.0,0.0,0.0,0.0,0.0,162.8,88.2,0.0,0.0,109.2,0.0
2022-11-21,0.0,126.5,0.0,0.0,0.0,0.0,0.0,114.4,0.0,0.0,0.0,252.0,262.5,0.0,0.0,0.0,0.0,193.2,105.8,0.0,0.0,78.2,0.0
2022-11-24,0.0,129.8,0.0,0.0,0.0,0.0,0.0,96.8,0.0,0.0,0.0,0.0,0.0,0.0,0.0,0.0,0.0,184.8,110.0,0.0,0.0,140.7,0.0
2022-11-28,0.0,145.74,0.0,0.0,0.0,0.0,0.0,115.5,0.0,0.0,0.0,0.0,278.25,0.0,0.0,0.0,0.0,180.6,42.0,0.0,0.0,132.3,0.0
2022-12-01,0.0,135.52,0.0,0.0,0.0,0.0,0.0,114.4,0.0,0.0,0.0,0.0,0.0,0.0,0.0,0.0,0.0,204.6,124.0,0.0,0.0,136.5,0.0
2022-12-05,0.0,167.58,0.0,0.0,0.0,0.0,0.0,149.1,0.0,0.0,0.0,0.0,278.25,0.0,0.0,0.0,0.0,186.3,89.7,0.0,0.0,121.8,0.0
2022-12-07,0.0,189.2,0.0,0.0,0.0,0.0,0.0,167.2,0.0,0.0,0.0,0.0,0.0,0.0,0.0,0.0,0.0,163.3,64.4,0.0,0.0,142.8,0.0
2022-12-12,0.0,158.34,0.0,0.0,0.0,0.0,0.0,163.8,0.0,0.0,0.0,0.0,262.5,0.0,0.0,0.0,0.0,174.3,100.8,0.0,0.0,115.5,0.0
2022-12-15,0.0,126.96,0.0,0.0,0.0,0.0,0.0,125.4,0.0,0.0,0.0,0.0,0.0,0.0,0.0,0.0,0.0,180.6,81.4,0.0,0.0,144.9,0.0
2022-12-19,0.0,143.64,0.0,0.0,0.0,0.0,0.0,114.9,0.0,0.0,0.0,0.0,252.0,0.0,0.0,0.0,0.0,163.8,81.9,0.0,0.0,111.3,0.0
2022-12-22,0.0,157.74,0.0,0.0,0.0,0.0,0.0,168.0,0.0,0.0,0.0,246.75,0.0,0.0,0.0,0.0,0.0,198.0,66.0,0.0,0.0,151.2,0.0
2022-12-27,0.0,150.78,0.0,0.0,0.0,0.0,0.0,157.5,0.0,0.0,0.0,0.0,231.0,0.0,0.0,0.0,0.0,176.4,94.5,0.0,0.0,52.5,0.0
2022-12-29,0.0,157.5,0.0,0.0,0.0,0.0,0.0,168.0,0.0,0.0,0.0,0.0,0.0,0.0,0.0,0.0,0.0,191.1,102.9,0.0,0.0,57.75,0.0
2023-01-03,0.0,196.56,0.0,0.0,0.0,0.0,0.0,153.3,0.0,0.0,0.0,0.0,280.0,0.0,0.0,0.0,0.0,184.8,92.4,0.0,0.0,31.2,0.0
2023-01-04,0.0,168.52,0.0,0.0,0.0,0.0,0.0,151.2,0.0,0.0,0.0,0.0,0.0,0.0,0.0,0.0,0.0,184.8,90.3,0.0,0.0,33.08,0.0
2023-01-09,0.0,138.6,0.0,0.0,0.0,0.0,0.0,151.2,0.0,0.0,0.0,0.0,267.75,0.0,0.0,0.0,0.0,195.8,107.1,0.0,0.0,49.35,0.0
2023-01-12,0.0,150.15,0.0,0.0,0.0,0.0,0.0,130.2,0.0,0.0,0.0,0.0,0.0,0.0,0.0,0.0,0.0,170.1,84.0,0.0,0.0,45.15,0.0
2023-01-16,0.0,207.9,0.0,0.0,0.0,0.0,0.0,176.4,0.0,0.0,0.0,0.0,320.25,0.0,0.0,0.0,0.0,195.3,84.0,0.0,0.0,25.8,0.0
2023-01-19,0.0,158.55,0.0,0.0,0.0,0.0,0.0,163.8,0.0,0.0,0.0,0.0,0.0,0.0,0.0,0.0,0.0,231.0,98.7,0.0,0.0,40.95,0.0
2023-01-23,0.0,190.68,0.0,0.0,0.0,0.0,0.0,163.8,0.0,0.0,0.0,0.0,257.25,0.0,0.0,0.0,0.0,225.75,50.4,0.0,0.0,48.3,0.0
2023-01-26,0.0,160.02,0.0,0.0,0.0,0.0,0.0,149.1,0.0,0.0,0.0,0.0,0.0,0.0,0.0,0.0,0.0,137.5,71.5,0.0,0.0,28.6,0.0
2023-01-30,0.0,142.8,0.0,0.0,0.0,0.0,0.0,126.0,0.0,0.0,0.0,241.5,252.0,0.0,0.0,0.0,0.0,140.7,201.6,0.0,0.0,182.7,0.0
2023-02-02,0.0,201.6,0.0,0.0,0.0,0.0,0.0,163.8,0.0,0.0,0.0,0.0,0.0,0.0,0.0,0.0,0.0,193.2,113.4,0.0,0.0,50.4,0.0
2023-02-06,0.0,192.36,0.0,0.0,0.0,0.0,0.0,155.4,0.0,0.0,0.0,0.0,252.0,0.0,0.0,0.0,0.0,191.1,105.0,0.0,0.0,37.8,0.0
2023-02-09,0.0,138.81,0.0,0.0,0.0,0.0,0.0,123.9,0.0,0.0,0.0,0.0,0.0,0.0,0.0,0.0,0.0,172.2,77.7,0.0,0.0,37.8,0.0
2023-02-13,0.0,142.38,0.0,0.0,0.0,0.0,0.0,149.1,0.0,0.0,0.0,0.0,267.75,0.0,0.0,0.0,0.0,195.3,102.9,0.0,0.0,34.8,0.0
2023-02-15,0.0,144.48,0.0,0.0,0.0,0.0,0.0,157.5,0.0,0.0,0.0,0.0,267.75,262.5,0.0,0.0,0.0,178.5,90.3,0.0,0.0,30.8,0.0
2023-02-17,0.0,156.24,0.0,0.0,0.0,0.0,0.0,153.3,0.0,0.0,0.0,0.0,246.75,246.75,0.0,0.0,0.0,168.0,75.6,0.0,0.0,28.6,0.0
2023-02-20,0.0,131.88,0.0,0.0,0.0,0.0,0.0,134.4,0.0,0.0,0.0,0.0,241.5,241.5,0.0,0.0,0.0,172.2,84.0,0.0,0.0,14.95,0.0
2023-02-22,0.0,124.53,0.0,0.0,0.0,0.0,0.0,134.4,0.0,0.0,0.0,0.0,252.0,246.75,0.0,0.0,0.0,159.6,65.1,0.0,0.0,13.22,0.0
2023-02-24,0.0,127.05,0.0,0.0,0.0,0.0,0.0,155.4,0.0,0.0,0.0,0.0,257.25,257.25,0.0,0.0,0.0,163.8,75.6,0.0,0.0,13.8,0.0
2023-02-27,0.0,170.73,0.0,0.0,0.0,0.0,0.0,140.7,0.0,0.0,0.0,0.0,231.0,210.0,0.0,0.0,0.0,168.0,44.1,0.0,0.0,13.8,0.0
2023-03-01,0.0,141.54,0.0,0.0,0.0,0.0,0.0,157.5,0.0,0.0,0.0,0.0,267.75,246.75,0.0,0.0,0.0,193.2,99.75,0.0,0.0,22.8,0.0
2023-03-03,0.0,138.18,0.0,0.0,0.0,0.0,0.0,151.2,0.0,0.0,0.0,0.0,262.5,262.5,0.0,0.0,0.0,197.4,52.5,0.0,0.0,12.1,0.0
2023-03-06,0.0,138.18,0.0,0.0,0.0,0.0,0.0,157.5,0.0,0.0,0.0,0.0,241.5,236.25,0.0,0.0,0.0,182.7,76.65,0.0,0.0,12.1,0.0
2023-03-08,0.0,132.09,0.0,0.0,0.0,0.0,0.0,155.4,0.0,0.0,0.0,0.0,257.25,262.5,0.0,0.0,0.0,182.7,98.7,0.0,0.0,12.07,0.0
2023-03-10,0.0,136.29,0.0,0.0,0.0,0.0,0.0,155.4,0.0,0.0,0.0,0.0,252.0,257.25,0.0,0.0,0.0,174.3,52.5,0.0,0.0,11.56,0.0
2023-03-13,0.0,176.19,0.0,0.0,0.0,0.0,0.0,147.0,0.0,0.0,0.0,0.0,283.5,257.25,0.0,0.0,0.0,174.3,65.1,0.0,0.0,17.46,0.0
2023-03-15,0.0,153.3,0.0,0.0,0.0,0.0,0.0,155.4,0.0,0.0,0.0,0.0,262.5,252.0,0.0,0.0,0.0,176.4,67.2,0.0,0.0,22.08,0.0
2023-03-17,0.0,137.97,0.0,0.0,0.0,0.0,0.0,155.4,0.0,0.0,0.0,0.0,252.0,252.0,0.0,0.0,0.0,165.9,59.85,0.0,0.0,26.25,0.0
2023-03-20,0.0,129.36,0.0,0.0,0.0,0.0,0.0,153.3,0.0,0.0,0.0,199.5,241.5,102.9,0.0,0.0,0.0,161.7,54.6,0.0,0.0,215.25,0.0
2023-03-22,0.0,138.81,0.0,0.0,0.0,0.0,0.0,159.6,0.0,0.0,0.0,0.0,257.25,252.0,0.0,0.0,0.0,176.4,42.0,0.0,0.0,76.65,0.0
2023-03-24,0.0,144.27,0.0,0.0,0.0,0.0,0.0,157.5,0.0,0.0,0.0,0.0,267.75,252.0,0.0,0.0,0.0,176.4,51.45,0.0,0.0,203.7,0.0
2023-03-27,0.0,179.76,0.0,0.0,0.0,0.0,0.0,157.5,0.0,0.0,0.0,0.0,267.75,257.25,0.0,0.0,0.0,159.6,57.75,0.0,0.0,0.0,0.0
2023-03-29,0.0,133.56,0.0,0.0,0.0,0.0,0.0,155.4,0.0,0.0,0.0,0.0,273.0,257.25,0.0,0.0,0.0,172.2,43.05,0.0,0.0,0.0,0.0
2023-03-31,0.0,154.56,0.0,0.0,0.0,0.0,0.0,157.5,0.0,0.0,0.0,0.0,278.25,257.25,0.0,0.0,0.0,165.9,49.35,0.0,0.0,0.0,0.0
2023-04-03,0.0,136.5,0.0,0.0,0.0,0.0,0.0,151.2,0.0,0.0,0.0,0.0,273.0,246.75,0.0,0.0,0.0,184.8,47.25,36.22,0.0,0.0,0.0
2023-04-04,0.0,121.8,0.0,0.0,0.0,0.0,0.0,153.3,0.0,0.0,0.0,0.0,267.75,246.75,0.0,0.0,0.0,174.3,34.65,37.28,0.0,0.0,0.0
2023-04-12,0.0,129.36,0.0,0.0,0.0,0.0,0.0,151.2,0.0,0.0,0.0,0.0,267.75,246.75,0.0,0.0,0.0,151.8,22.4,32.55,0.0,0.0,0.0
2023-04-14,0.0,147.63,0.0,0.0,0.0,0.0,0.0,153.3,0.0,0.0,0.0,0.0,262.5,246.75,0.0,0.0,0.0,157.5,30.45,34.12,0.0,0.0,0.0
2023-04-17,0.0,173.88,0.0,0.0,0.0,0.0,0.0,149.1,0.0,0.0,0.0,0.0,257.25,241.5,0.0,0.0,0.0,46.86,23.05,40.95,0.0,0.0,0.0
2023-04-19,0.0,174.09,0.0,0.0,0.0,0.0,0.0,144.9,0.0,0.0,0.0,0.0,252.0,231.0,0.0,0.0,0.0,151.2,11.46,0.0,0.0,0.0,0.0
2023-04-21,0.0,178.5,0.0,0.0,0.0,0.0,0.0,153.3,0.0,0.0,0.0,0.0,240.0,273.0,0.0,0.0,0.0,145.2,15.6,0.0,0.0,8.35,0.0
2023-04-24,0.0,144.88,0.0,0.0,0.0,0.0,0.0,144.9,0.0,0.0,0.0,0.0,0.0,225.75,0.0,0.0,0.0,115.5,5.44,0.0,0.0,0.0,0.0
2023-04-26,0.0,169.47,0.0,0.0,0.0,0.0,0.0,147.0,0.0,0.0,0.0,0.0,0.0,215.25,0.0,0.0,0.0,105.6,5.69,0.0,0.0,0.0,0.0
2023-04-28,0.0,178.5,0.0,0.0,0.0,0.0,0.0,147.0,0.0,0.0,0.0,0.0,0.0,152.25,0.0,0.0,0.0,105.0,5.1,0.0,0.0,0.0,0.0
2023-05-02,0.0,134.4,0.0,0.0,0.0,0.0,0.0,121.8,0.0,0.0,0.0,231.0,0.0,204.75,0.0,0.0,0.0,103.4,3.59,0.0,0.0,241.5,0.0
2023-05-03,0.0,192.78,0.0,0.0,0.0,0.0,0.0,136.4,0.0,0.0,0.0,246.75,0.0,110.25,0.0,0.0,0.0,94.6,3.5,0.0,0.0,220.5,0.0
2023-05-05,0.0,170.31,0.0,0.0,0.0,0.0,0.0,140.8,0.0,0.0,0.0,0.0,0.0,81.9,0.0,0.0,0.0,149.6,3.58,0.0,0.0,90.0,0.0
2023-05-08,0.0,168.84,0.0,0.0,0.0,0.0,0.0,140.7,0.0,0.0,0.0,0.0,0.0,0.0,0.0,0.0,0.0,112.2,3.83,0.0,0.0,0.0,0.0
2023-05-10,0.0,200.42,0.0,0.0,0.0,0.0,0.0,140.8,0.0,0.0,0.0,0.0,0.0,0.0,0.0,0.0,0.0,94.5,0.0,0.0,0.0,0.0,0.0
2023-05-12,0.0,147.21,0.0,0.0,0.0,0.0,0.0,121.8,0.0,0.0,0.0,0.0,0.0,0.0,0.0,0.0,0.0,90.3,0.0,0.0,0.0,0.0,0.0
2023-05-15,0.0,123.06,0.0,0.0,0.0,0.0,0.0,140.7,0.0,0.0,0.0,0.0,0.0,0.0,0.0,0.0,0.0,92.4,0.0,0.0,0.0,0.0,0.0
2023-05-17,0.0,117.26,0.0,0.0,0.0,0.0,0.0,118.8,0.0,0.0,0.0,0.0,0.0,0.0,0.0,0.0,0.0,0.0,9.29,0.0,0.0,0.0,0.0
2023-05-19,0.0,128.04,0.0,0.0,0.0,0.0,0.0,129.8,0.0,0.0,0.0,0.0,0.0,0.0,0.0,0.0,0.0,140.8,0.0,0.0,0.0,0.0,0.0
2023-05-22,0.0,128.92,0.0,0.0,0.0,0.0,0.0,138.6,0.0,0.0,0.0,0.0,0.0,0.0,0.0,0.0,0.0,50.6,0.0,0.0,0.0,0.0,0.0
2023-05-24,0.0,79.82,0.0,0.0,0.0,0.0,0.0,89.52,0.0,0.0,0.0,0.0,215.25,71.28,0.0,0.0,0.0,109.92,29.76,0.0,0.0,91.85,0.0
2023-05-26,0.0,141.6,0.0,0.0,0.0,0.0,0.0,132.0,0.0,0.0,0.0,0.0,199.5,0.0,0.0,0.0,0.0,99.0,29.4,0.0,0.0,9.99,0.0
2023-05-29,0.0,137.94,0.0,0.0,0.0,0.0,0.0,107.1,0.0,0.0,0.0,0.0,199.5,176.4,0.0,0.0,0.0,97.2,24.52,0.0,0.0,0.0,0.0
2023-05-31,0.0,23.01,0.0,0.0,0.0,0.0,0.0,91.2,0.0,0.0,0.0,0.0,154.0,201.6,0.0,0.0,0.0,72.0,16.28,0.0,0.0,0.0,0.0
2023-06-02,0.0,122.2,0.0,0.0,0.0,0.0,0.0,153.6,0.0,0.0,0.0,0.0,236.25,0.0,0.0,0.0,0.0,74.4,11.4,0.0,0.0,0.0,0.0
2023-06-05,0.0,174.96,0.0,0.0,0.0,0.0,0.0,148.8,0.0,0.0,0.0,214.5,204.75,184.8,0.0,0.0,0.0,86.9,9.59,0.0,0.0,82.5,0.0
2023-06-07,0.0,173.8,0.0,0.0,0.0,0.0,0.0,140.8,0.0,0.0,0.0,0.0,225.75,0.0,0.0,0.0,0.0,87.15,0.0,0.0,0.0,8.71,0.0
2023-06-08,0.0,167.2,0.0,0.0,0.0,0.0,0.0,132.3,0.0,0.0,0.0,302.5,225.75,193.2,0.0,0.0,0.0,79.2,0.0,0.0,0.0,92.4,0.0
2023-06-12,0.0,184.14,0.0,0.0,0.0,0.0,0.0,140.8,0.0,0.0,0.0,0.0,241.5,0.0,0.0,0.0,0.0,74.55,5.94,0.0,0.0,16.08,0.0
2023-06-14,0.0,150.26,0.0,0.0,0.0,0.0,0.0,121.0,0.0,0.0,0.0,247.5,241.5,205.8,0.0,0.0,0.0,88.2,4.47,0.0,0.0,8.78,0.0
2023-06-16,0.0,108.9,0.0,0.0,0.0,0.0,0.0,136.4,0.0,0.0,0.0,0.0,0.0,201.18,0.0,0.0,0.0,84.0,0.0,0.0,0.0,0.0,0.0
2023-06-19,0.0,107.04,0.0,0.0,0.0,0.0,0.0,144.0,0.0,0.0,0.0,0.0,241.5,225.5,0.0,0.0,0.0,75.9,0.0,0.0,0.0,8.91,0.0
2023-06-21,0.0,112.8,0.0,0.0,0.0,0.0,0.0,103.4,0.0,0.0,0.0,0.0,246.75,199.5,0.0,0.0,0.0,0.0,0.0,0.0,0.0,0.0,0.0
2023-06-23,0.0,119.46,0.0,0.0,0.0,0.0,0.0,134.2,0.0,0.0,0.0,0.0,215.25,0.0,0.0,0.0,0.0,0.0,0.0,0.0,0.0,0.0,0.0
2023-06-26,0.0,108.46,0.0,0.0,0.0,0.0,0.0,127.6,0.0,0.0,0.0,0.0,225.75,0.0,0.0,0.0,0.0,0.0,0.0,0.0,0.0,0.0,0.0
2023-06-28,0.0,80.08,0.0,0.0,0.0,0.0,0.0,129.8,0.0,0.0,0.0,0.0,231.0,0.0,0.0,0.0,0.0,0.0,0.0,0.0,0.0,0.0,0.0
2023-06-30,0.0,116.64,0.0,0.0,0.0,0.0,0.0,132.0,0.0,0.0,0.0,0.0,225.75,0.0,0.0,0.0,0.0,0.0,0.0,0.0,0.0,0.0,0.0
2023-07-03,0.0,122.64,0.0,0.0,0.0,0.0,0.0,134.4,0.0,0.0,0.0,0.0,0.0,0.0,0.0,0.0,0.0,0.0,0.0,0.0,0.0,0.0,0.0
2023-07-05,0.0,122.4,0.0,0.0,0.0,0.0,0.0,134.4,0.0,0.0,0.0,0.0,0.0,0.0,0.0,0.0,0.0,0.0,0.0,0.0,0.0,0.0,0.0
2023-07-07,0.0,91.52,0.0,0.0,0.0,0.0,0.0,116.6,0.0,0.0,0.0,0.0,0.0,0.0,0.0,0.0,0.0,0.0,0.0,0.0,0.0,0.0,0.0
2023-07-10,0.0,140.64,0.0,0.0,0.0,0.0,0.0,127.6,0.0,0.0,0.0,0.0,0.0,0.0,0.0,0.0,0.0,0.0,0.0,0.0,0.0,0.0,0.0
2023-07-12,0.0,131.78,0.0,0.0,0.0,0.0,0.0,134.2,0.0,0.0,0.0,0.0,0.0,0.0,0.0,0.0,0.0,23.98,0.0,0.0,0.0,0.0,0.0
2023-07-14,0.0,136.08,0.0,0.0,0.0,0.0,0.0,134.2,0.0,0.0,0.0,0.0,0.0,0.0,0.0,0.0,0.0,28.08,0.0,0.0,0.0,0.0,0.0
2023-07-17,0.0,94.08,0.0,0.0,0.0,0.0,0.0,122.4,0.0,0.0,0.0,0.0,0.0,0.0,0.0,0.0,0.0,14.4,0.0,0.0,0.0,0.0,0.0
2023-07-19,0.0,144.24,0.0,0.0,0.0,0.0,0.0,134.4,0.0,0.0,0.0,0.0,0.0,0.0,0.0,0.0,0.0,21.18,0.0,0.0,0.0,0.0,0.0
2023-07-21,0.0,99.66,0.0,0.0,0.0,0.0,0.0,119.7,0.0,0.0,0.0,0.0,0.0,0.0,0.0,0.0,0.0,24.78,0.0,0.0,0.0,0.0,0.0
2023-07-24,0.0,110.88,0.0,0.0,0.0,0.0,0.0,127.6,0.0,0.0,0.0,0.0,0.0,0.0,0.0,0.0,0.0,36.12,0.0,0.0,0.0,0.0,0.0
2023-07-26,0.0,126.5,0.0,0.0,0.0,0.0,0.0,134.4,0.0,0.0,0.0,0.0,0.0,0.0,0.0,0.0,0.0,43.74,0.0,0.0,0.0,0.0,0.0
2023-07-28,0.0,117.12,0.0,0.0,0.0,0.0,0.0,132.0,0.0,0.0,0.0,0.0,0.0,0.0,0.0,0.0,0.0,33.3,0.0,0.0,0.0,0.0,0.0
2023-07-31,0.0,130.08,0.0,0.0,0.0,0.0,0.0,167.2,0.0,0.0,0.0,0.0,0.0,0.0,0.0,0.0,0.0,44.88,0.0,0.0,0.0,41.54,0.0
2023-08-02,0.0,105.6,0.0,0.0,0.0,0.0,0.0,132.0,0.0,0.0,0.0,0.0,0.0,0.0,0.0,0.0,0.0,21.18,0.0,0.0,0.0,0.0,0.0
2023-08-04,0.0,103.44,0.0,0.0,0.0,0.0,0.0,129.8,0.0,0.0,0.0,0.0,0.0,0.0,0.0,0.0,0.0,0.0,0.0,0.0,0.0,0.0,0.0
2023-08-07,0.0,95.7,0.0,0.0,0.0,0.0,0.0,134.2,0.0,0.0,0.0,0.0,0.0,0.0,0.0,0.0,0.0,0.0,0.0,0.0,0.0,5.06,0.0
2023-08-09,0.0,117.48,0.0,0.0,0.0,0.0,0.0,117.48,0.0,0.0,0.0,0.0,0.0,0.0,0.0,0.0,0.0,0.0,0.0,0.0,0.0,0.0,0.0
2023-08-11,0.0,113.52,0.0,0.0,0.0,0.0,0.0,134.4,0.0,0.0,0.0,0.0,0.0,0.0,0.0,0.0,0.0,0.0,0.0,0.0,0.0,0.0,0.0
2023-08-16,0.0,113.36,0.0,0.0,0.0,0.0,0.0,138.6,0.0,0.0,0.0,0.0,0.0,0.0,0.0,0.0,0.0,21.18,0.0,0.0,0.0,0.0,0.0
2023-08-18,0.0,98.78,0.0,0.0,0.0,0.0,0.0,136.4,0.0,0.0,0.0,0.0,0.0,0.0,0.0,0.0,0.0,0.0,0.0,0.0,0.0,0.0,0.0
2023-08-21,0.0,149.6,0.0,0.0,0.0,0.0,0.0,138.6,0.0,0.0,0.0,0.0,0.0,0.0,0.0,0.0,0.0,25.32,0.0,0.0,0.0,0.0,0.0
2023-08-23,0.0,96.6,0.0,0.0,0.0,0.0,0.0,121.0,0.0,0.0,0.0,0.0,0.0,0.0,0.0,0.0,0.0,17.94,0.0,0.0,0.0,0.0,0.0
2023-08-25,0.0,79.59,0.0,0.0,0.0,0.0,0.0,0.0,0.0,0.0,0.0,0.0,0.0,0.0,0.0,0.0,0.0,33.06,0.0,0.0,0.0,0.0,0.0
2023-08-28,0.0,125.16,0.0,0.0,0.0,0.0,0.0,0.0,0.0,0.0,0.0,0.0,0.0,0.0,0.0,0.0,0.0,0.0,0.0,0.0,0.0,0.0,0.0
2023-08-30,0.0,86.73,0.0,0.0,0.0,0.0,0.0,123.9,0.0,0.0,0.0,0.0,0.0,0.0,0.0,0.0,0.0,0.0,0.0,0.0,0.0,0.0,0.0
2023-09-01,0.0,115.7,0.0,0.0,0.0,0.0,0.0,118.8,0.0,0.0,0.0,0.0,0.0,0.0,0.0,0.0,0.0,0.0,0.0,0.0,0.0,0.0,0.0
2023-09-04,0.0,55.88,0.0,0.0,0.0,0.0,0.0,63.8,0.0,0.0,0.0,0.0,154.0,0.0,0.0,0.0,0.0,110.16,29.92,0.0,0.0,0.0,0.0
2023-09-06,0.0,88.52,0.0,0.0,0.0,0.0,0.0,107.1,0.0,0.0,0.0,0.0,170.1,0.0,0.0,0.0,0.0,77.7,30.69,0.0,0.0,10.69,0.0
2023-09-08,0.0,125.16,0.0,0.0,0.0,0.0,0.0,132.3,0.0,0.0,0.0,0.0,161.7,0.0,0.0,0.0,0.0,64.8,17.76,0.0,0.0,0.0,0.0
2023-09-13,0.0,104.16,0.0,0.0,0.0,0.0,0.0,117.6,0.0,0.0,0.0,0.0,182.7,0.0,0.0,0.0,0.0,37.4,17.22,0.0,0.0,0.0,0.0
2023-09-15,0.0,138.72,0.0,0.0,0.0,0.0,0.0,98.7,0.0,0.0,0.0,0.0,172.2,0.0,0.0,0.0,0.0,58.08,13.22,0.0,0.0,0.0,0.0
2023-09-18,0.0,95.13,0.0,0.0,0.0,0.0,0.0,130.2,0.0,0.0,0.0,0.0,199.5,0.0,0.0,0.0,0.0,51.24,12.21,0.0,0.0,4.03,0.0
2023-09-20,0.0,103.11,0.0,0.0,0.0,0.0,0.0,136.5,0.0,0.0,0.0,0.0,205.8,0.0,0.0,0.0,0.0,73.5,11.57,0.0,0.0,136.5,0.0
2023-09-22,0.0,125.58,0.0,0.0,0.0,0.0,0.0,107.1,0.0,0.0,0.0,0.0,180.6,0.0,0.0,0.0,0.0,47.08,20.79,0.0,0.0,9.01,0.0
2023-09-25,0.0,107.52,0.0,0.0,0.0,0.0,0.0,140.7,0.0,0.0,0.0,0.0,210.0,0.0,0.0,0.0,0.0,71.4,14.68,0.0,0.0,220.5,0.0
2023-09-27,0.0,115.5,0.0,0.0,0.0,0.0,0.0,140.7,0.0,0.0,0.0,0.0,215.25,0.0,0.0,0.0,0.0,76.65,12.52,0.0,0.0,0.0,0.0
2023-09-29,0.0,95.55,0.0,0.0,0.0,0.0,0.0,143.0,0.0,0.0,0.0,0.0,220.5,0.0,0.0,0.0,0.0,80.85,6.82,0.0,0.0,6.82,0.0
2023-10-02,0.0,149.31,0.0,0.0,0.0,0.0,0.0,128.1,0.0,0.0,0.0,0.0,204.75,0.0,0.0,0.0,0.0,77.0,10.98,0.0,0.0,0.0,0.0
2023-10-04,0.0,133.35,0.0,0.0,0.0,0.0,0.0,130.2,0.0,0.0,0.0,0.0,220.5,0.0,0.0,0.0,0.0,64.05,15.14,0.0,0.0,0.0,0.0
2023-10-06,0.0,139.65,0.0,0.0,0.0,0.0,0.0,132.3,0.0,0.0,0.0,0.0,220.5,0.0,0.0,0.0,0.0,70.4,8.6,0.0,0.0,0.0,0.0
2023-10-09,0.0,156.87,0.0,0.0,0.0,0.0,0.0,132.3,0.0,0.0,0.0,0.0,194.25,0.0,0.0,0.0,0.0,67.2,11.7,0.0,0.0,0.0,0.0
2023-10-11,0.0,123.06,0.0,0.0,0.0,0.0,0.0,140.7,0.0,0.0,0.0,0.0,225.75,0.0,0.0,0.0,0.0,92.4,11.93,0.0,0.0,0.0,0.0
2023-10-16,0.0,102.48,0.0,0.0,0.0,0.0,0.0,142.8,0.0,0.0,0.0,0.0,231.0,0.0,0.0,0.0,0.0,93.45,9.98,0.0,0.0,0.0,0.0
2023-10-18,0.0,116.82,0.0,0.0,0.0,0.0,0.0,143.0,0.0,0.0,0.0,0.0,231.0,0.0,0.0,0.0,0.0,97.65,21.91,0.0,0.0,5.94,0.0
2023-10-20,0.0,131.88,0.0,0.0,0.0,0.0,0.0,144.9,0.0,0.0,0.0,0.0,231.0,0.0,0.0,0.0,0.0,81.9,19.25,0.0,0.0,9.07,0.0
2023-11-02,0.0,130.2,0.0,0.0,0.0,0.0,0.0,147.0,0.0,0.0,0.0,0.0,215.25,0.0,0.0,0.0,0.0,100.8,18.74,0.0,0.0,0.0,0.0
2023-11-03,0.0,126.0,0.0,0.0,0.0,0.0,0.0,142.8,0.0,0.0,0.0,0.0,210.0,0.0,0.0,0.0,0.0,111.3,24.94,0.0,0.0,0.0,0.0
2023-11-06,0.0,123.48,0.0,0.0,0.0,0.0,0.0,149.1,0.0,0.0,0.0,0.0,225.75,0.0,0.0,0.0,0.0,140.8,20.9,0.0,0.0,3.67,0.0
2023-11-08,0.0,92.19,0.0,0.0,0.0,0.0,0.0,130.2,0.0,0.0,0.0,0.0,215.25,0.0,0.0,0.0,0.0,128.1,20.95,0.0,0.0,4.22,0.0
2023-11-10,0.0,139.23,0.0,0.0,0.0,0.0,0.0,151.2,0.0,0.0,0.0,0.0,220.5,0.0,0.0,0.0,0.0,174.3,22.1,0.0,0.0,5.52,0.0
2023-11-13,0.0,125.37,0.0,0.0,0.0,0.0,0.0,151.2,0.0,0.0,0.0,0.0,231.0,0.0,0.0,0.0,0.0,130.2,23.43,0.0,5.28,3.02,0.0
2023-11-15,0.0,124.74,0.0,0.0,0.0,0.0,0.0,163.8,0.0,0.0,0.0,0.0,231.0,0.0,0.0,0.0,0.0,136.5,35.17,0.0,0.0,4.53,0.0
2023-11-17,0.0,120.75,0.0,0.0,0.0,0.0,0.0,142.8,0.0,0.0,0.0,0.0,220.5,0.0,0.0,0.0,0.0,115.5,52.25,0.0,0.0,4.63,0.0
2023-11-20,0.0,125.58,0.0,0.0,0.0,0.0,0.0,140.7,0.0,0.0,0.0,0.0,215.25,0.0,0.0,0.0,0.0,132.3,34.34,0.0,0.0,0.0,0.0
2023-11-22,0.0,162.75,0.0,0.0,0.0,0.0,0.0,155.4,0.0,0.0,0.0,0.0,231.0,0.0,0.0,0.0,0.0,140.7,39.6,0.0,0.0,0.0,0.0
2023-11-24,0.0,149.94,0.0,0.0,0.0,0.0,0.0,138.6,0.0,0.0,0.0,0.0,204.75,0.0,0.0,0.0,0.0,123.9,87.15,0.0,0.0,0.0,0.0
2023-11-27,0.0,126.21,0.0,0.0,0.0,0.0,0.0,149.1,0.0,0.0,0.0,0.0,225.75,0.0,0.0,0.0,0.0,147.0,49.35,0.0,0.0,31.5,0.0
2023-11-29,0.0,120.75,0.0,0.0,0.0,0.0,0.0,151.2,0.0,0.0,0.0,0.0,231.0,0.0,0.0,0.0,0.0,142.8,31.92,0.0,0.0,0.0,0.0
2023-12-01,0.0,106.26,0.0,0.0,0.0,0.0,0.0,155.4,0.0,0.0,0.0,0.0,236.25,0.0,0.0,0.0,0.0,140.7,30.66,0.0,0.0,0.0,0.0
2023-12-04,0.0,148.89,0.0,0.0,0.0,0.0,0.0,155.4,0.0,0.0,0.0,0.0,215.25,0.0,0.0,0.0,0.0,149.1,46.52,0.0,0.0,0.0,0.0
2023-12-05,0.0,140.7,0.0,0.0,0.0,0.0,0.0,153.3,0.0,0.0,0.0,0.0,225.75,0.0,0.0,0.0,0.0,149.1,40.95,0.0,0.0,0.0,0.0
2023-12-11,0.0,121.59,0.0,0.0,0.0,0.0,0.0,172.2,0.0,0.0,0.0,220.5,236.25,0.0,0.0,0.0,0.0,149.1,51.45,0.0,0.0,153.3,0.0
2023-12-13,0.0,116.97,0.0,0.0,0.0,0.0,0.0,157.5,0.0,0.0,0.0,0.0,241.5,0.0,0.0,0.0,0.0,149.1,36.75,0.0,0.0,176.4,0.0
2023-12-15,0.0,115.5,0.0,0.0,0.0,0.0,0.0,144.9,0.0,0.0,0.0,0.0,199.5,0.0,0.0,0.0,0.0,130.2,45.15,0.0,0.0,151.2,0.0
2023-12-18,0.0,98.91,0.0,0.0,0.0,0.0,0.0,113.4,0.0,0.0,0.0,0.0,194.25,0.0,0.0,0.0,0.0,130.2,33.6,0.0,0.0,0.0,0.0
2023-12-20,0.0,124.11,0.0,0.0,0.0,0.0,0.0,153.3,0.0,0.0,0.0,225.75,241.5,0.0,0.0,0.0,0.0,155.4,37.8,0.0,0.0,207.9,0.0
2023-12-22,0.0,126.0,0.0,0.0,0.0,0.0,0.0,159.6,0.0,0.0,0.0,241.5,204.75,0.0,0.0,0.0,0.0,157.5,44.1,0.0,0.0,231.0,0.0
2023-12-26,0.0,162.75,0.0,0.0,0.0,0.0,0.0,159.6,0.0,0.0,0.0,246.75,236.25,0.0,0.0,0.0,0.0,165.9,44.1,0.0,0.0,252.0,0.0
2023-12-27,0.0,147.63,0.0,0.0,0.0,0.0,0.0,151.2,0.0,0.0,0.0,231.0,220.5,0.0,0.0,0.0,0.0,155.4,40.95,0.0,0.0,220.5,0.0
2023-12-29,0.0,113.61,0.0,0.0,0.0,0.0,0.0,136.5,0.0,0.0,0.0,225.75,231.0,0.0,0.0,0.0,0.0,142.8,37.8,0.0,0.0,210.0,0.0
2024-01-26,0.0,99.75,0.0,0.0,0.0,0.0,0.0,128.1,0.0,0.0,0.0,0.0,183.75,0.0,0.0,0.0,0.0,123.9,26.25,0.0,0.0,0.0,0.0
2024-01-30,0.0,114.4,0.0,0.0,0.0,0.0,0.0,114.4,0.0,0.0,0.0,0.0,189.0,0.0,0.0,0.0,0.0,94.5,22.05,0.0,0.0,0.0,0.0
2024-01-31,0.0,119.49,0.0,0.0,0.0,0.0,0.0,157.5,0.0,0.0,0.0,0.0,220.5,0.0,0.0,0.0,0.0,117.6,28.35,0.0,0.0,0.0,0.0
2024-02-02,0.0,119.49,0.0,0.0,0.0,0.0,0.0,165.9,0.0,0.0,0.0,0.0,257.25,0.0,0.0,0.0,0.0,138.6,35.7,0.0,0.0,0.0,0.0
2024-02-05,0.0,173.67,0.0,0.0,0.0,0.0,0.0,153.3,0.0,0.0,0.0,0.0,278.25,0.0,0.0,0.0,0.0,140.7,35.7,0.0,0.0,203.7,0.0
2024-02-07,0.0,118.23,0.0,0.0,0.0,0.0,0.0,165.9,0.0,0.0,0.0,0.0,246.75,0.0,0.0,0.0,0.0,138.6,17.22,0.0,0.0,210.0,0.0
2024-02-09,0.0,104.16,0.0,0.0,0.0,0.0,0.0,157.5,0.0,0.0,0.0,0.0,246.75,0.0,0.0,0.0,0.0,136.5,18.43,0.0,0.0,210.0,0.0
2024-02-12,0.0,107.1,0.0,0.0,0.0,0.0,0.0,140.7,0.0,0.0,0.0,0.0,236.25,0.0,0.0,0.0,0.0,134.4,28.04,0.0,0.0,189.0,0.0
2024-02-14,0.0,131.04,0.0,0.0,0.0,0.0,0.0,159.6,0.0,0.0,0.0,0.0,241.5,0.0,0.0,0.0,0.0,123.9,23.62,0.0,0.0,199.5,0.0
2024-02-16,0.0,122.01,0.0,0.0,0.0,0.0,0.0,157.5,0.0,0.0,0.0,0.0,236.25,0.0,0.0,0.0,0.0,126.0,24.04,0.0,0.0,162.75,0.0
2024-02-20,0.0,127.89,0.0,0.0,0.0,0.0,0.0,153.3,0.0,0.0,0.0,231.0,225.75,0.0,0.0,0.0,0.0,110.0,12.38,0.0,0.0,220.5,0.0
2024-02-21,0.0,137.13,0.0,0.0,0.0,0.0,0.0,155.4,0.0,0.0,0.0,278.25,225.75,0.0,0.0,0.0,0.0,110.0,13.02,0.0,0.0,215.25,0.0
2024-02-23,0.0,126.63,0.0,0.0,0.0,0.0,0.0,156.3,0.0,0.0,0.0,0.0,183.75,0.0,0.0,0.0,0.0,46.2,20.35,0.0,0.0,173.25,0.0
2024-02-26,0.0,136.08,0.0,0.0,0.0,0.0,0.0,140.7,0.0,0.0,0.0,0.0,236.25,0.0,0.0,0.0,0.0,90.3,27.3,0.0,0.0,0.0,0.0
2024-02-28,0.0,106.05,0.0,0.0,0.0,0.0,0.0,147.0,0.0,0.0,0.0,0.0,215.25,0.0,0.0,0.0,0.0,107.8,52.5,0.0,0.0,0.0,0.0
2024-03-01,0.0,110.04,0.0,0.0,0.0,0.0,0.0,161.7,0.0,0.0,0.0,0.0,273.0,0.0,0.0,0.0,0.0,143.0,0.0,0.0,0.0,0.0,0.0
2024-03-04,0.0,150.36,0.0,0.0,0.0,0.0,0.0,174.3,0.0,0.0,0.0,0.0,246.75,0.0,0.0,0.0,0.0,161.7,27.0,0.0,0.0,0.0,0.0
2024-03-06,0.0,107.94,0.0,0.0,0.0,0.0,0.0,151.2,0.0,0.0,0.0,0.0,236.25,0.0,0.0,0.0,0.0,143.0,35.36,0.0,0.0,183.75,0.0
2024-03-08,0.0,111.3,0.0,0.0,0.0,0.0,0.0,155.4,0.0,0.0,0.0,0.0,246.75,0.0,0.0,0.0,0.0,142.8,32.71,0.0,0.0,204.75,0.0
2024-03-11,0.0,109.2,0.0,0.0,0.0,0.0,0.0,155.4,0.0,0.0,0.0,0.0,0.0,0.0,0.0,0.0,0.0,123.2,20.26,0.0,0.0,162.75,0.0
2024-03-13,0.0,106.26,0.0,0.0,0.0,0.0,0.0,159.6,0.0,0.0,0.0,0.0,0.0,0.0,0.0,0.0,0.0,148.5,20.9,0.0,0.0,165.0,0.0
2024-03-15,0.0,101.64,0.0,0.0,0.0,0.0,0.0,86.1,0.0,0.0,0.0,0.0,0.0,0.0,0.0,0.0,0.0,129.8,14.85,0.0,0.0,0.0,0.0
2024-03-20,0.0,133.56,0.0,0.0,0.0,0.0,0.0,149.1,0.0,0.0,0.0,0.0,0.0,0.0,0.0,0.0,0.0,116.6,8.03,0.0,0.0,3.08,0.0
2024-03-22,0.0,119.28,0.0,0.0,0.0,0.0,0.0,126.0,0.0,0.0,0.0,0.0,0.0,0.0,0.0,0.0,0.0,105.0,7.26,0.0,0.0,178.5,0.0
2024-03-25,0.0,84.0,0.0,0.0,0.0,0.0,0.0,154.0,0.0,0.0,0.0,0.0,0.0,0.0,0.0,0.0,2.57,84.0,13.8,0.0,0.0,231.0,0.0
2024-04-15,0.0,116.0,0.0,0.0,0.0,0.0,0.0,0.0,0.0,0.0,0.0,0.0,0.0,0.0,0.0,0.0,0.0,0.0,0.0,0.0,0.0,0.0,118.0
2024-04-17,0.0,43.8,0.0,0.0,0.0,0.0,0.0,0.0,0.0,0.0,0.0,0.0,0.0,0.0,0.0,0.0,0.0,0.0,0.0,0.0,0.0,0.0,0.0
2024-04-19,0.0,104.0,0.0,0.0,0.0,0.0,0.0,0.0,0.0,0.0,0.0,0.0,0.0,0.0,0.0,0.0,0.0,0.0,0.0,0.0,0.0,0.0,102.0
2024-04-22,0.0,89.9,0.0,0.0,0.0,0.0,0.0,0.0,0.0,49.6,0.0,0.0,0.0,0.0,0.0,0.0,0.0,0.0,0.0,0.0,0.0,87.6,0.0
2024-04-24,0.0,92.1,0.0,0.0,0.0,0.0,0.0,0.0,0.0,153.0,0.0,0.0,0.0,0.0,0.0,0.0,0.0,0.0,0.0,0.0,0.0,0.0,0.0
2024-04-26,0.0,99.2,0.0,0.0,0.0,0.0,0.0,0.0,0.0,71.3,0.0,0.0,0.0,0.0,0.0,0.0,0.0,0.0,0.0,0.0,0.0,187.0,0.0
2024-04-30,0.0,89.9,0.0,0.0,0.0,0.0,0.0,0.0,0.0,49.2,0.0,0.0,0.0,0.0,0.0,0.0,0.0,0.0,0.0,0.0,0.0,93.0,0.0
2024-05-02,0.0,72.2,0.0,0.0,0.0,0.0,0.0,0.0,0.0,50.0,0.0,0.0,0.0,0.0,0.0,0.0,0.0,0.0,0.0,0.0,0.0,113.0,0.0
2024-05-03,0.0,85.5,0.0,0.0,0.0,0.0,0.0,0.0,0.0,36.6,0.0,0.0,0.0,0.0,0.0,0.0,0.0,0.0,0.0,0.0,0.0,118.0,0.0
2024-05-06,0.0,85.5,0.0,0.0,0.0,0.0,0.0,0.0,0.0,39.6,0.0,0.0,0.0,0.0,0.0,0.0,0.0,0.0,0.0,0.0,0.0,176.0,0.0
2024-05-08,0.0,75.7,0.0,0.0,0.0,0.0,0.0,0.0,0.0,34.8,0.0,0.0,0.0,0.0,0.0,0.0,0.0,0.0,0.0,0.0,0.0,0.0,0.0
2024-05-10,0.0,72.6,0.0,0.0,0.0,0.0,0.0,103.0,0.0,54.5,0.0,0.0,0.0,0.0,0.0,0.0,0.0,0.0,0.0,0.0,0.0,145.0,0.0
2024-05-13,0.0,85.9,0.0,0.0,0.0,0.0,0.0,138.0,0.0,61.1,0.0,0.0,0.0,0.0,0.0,0.0,0.0,0.0,0.0,0.0,0.0,181.0,0.0
2024-05-15,0.0,68.6,0.0,0.0,0.0,0.0,0.0,0.0,0.0,38.8,0.0,0.0,0.0,0.0,0.0,0.0,0.0,0.0,0.0,0.0,0.0,0.0,0.0
2024-05-17,0.0,86.4,0.0,0.0,0.0,0.0,0.0,130.0,0.0,49.2,0.0,0.0,0.0,0.0,0.0,0.0,0.0,0.0,0.0,0.0,0.0,221.0,0.0
2024-05-20,0.0,133.0,0.0,0.0,0.0,0.0,0.0,136.0,0.0,93.9,0.0,0.0,0.0,0.0,0.0,0.0,0.0,0.0,0.0,0.0,0.0,213.0,0.0
2024-05-22,0.0,109.0,0.0,0.0,0.0,0.0,0.0,151.0,0.0,75.7,0.0,0.0,0.0,0.0,0.0,0.0,0.0,0.0,0.0,0.0,0.0,0.0,0.0
2024-05-24,0.0,93.0,0.0,0.0,0.0,0.0,0.0,133.0,0.0,58.9,0.0,0.0,0.0,0.0,0.0,0.0,0.0,0.0,0.0,0.0,0.0,0.0,0.0
2024-05-27,0.0,102.0,0.0,0.0,0.0,0.0,0.0,100.0,0.0,47.4,0.0,0.0,0.0,0.0,0.0,0.0,0.0,0.0,0.0,0.0,0.0,113.0,0.0
2024-05-29,0.0,82.4,0.0,0.0,0.0,0.0,0.0,95.7,0.0,46.9,0.0,0.0,0.0,0.0,0.0,0.0,0.0,0.0,0.0,0.0,0.0,0.0,0.0
2024-05-31,0.0,81.1,0.0,0.0,0.0,0.0,0.0,126.0,0.0,50.0,0.0,0.0,0.0,0.0,0.0,0.0,0.0,0.0,0.0,0.0,0.0,210.0,0.0
2024-06-03,0.0,110.0,0.0,0.0,0.0,0.0,0.0,129.0,0.0,81.5,0.0,0.0,0.0,0.0,0.0,0.0,0.0,0.0,0.0,0.0,0.0,0.0,0.0
2024-06-05,0.0,81.9,0.0,0.0,0.0,0.0,0.0,126.0,0.0,49.2,0.0,0.0,0.0,0.0,0.0,0.0,0.0,0.0,0.0,0.0,0.0,0.0,0.0
2024-06-07,0.0,135.0,0.0,0.0,0.0,0.0,0.0,89.5,0.0,54.5,0.0,0.0,0.0,0.0,0.0,0.0,0.0,0.0,0.0,0.0,0.0,196.0,0.0
2024-06-10,0.0,93.0,0.0,0.0,0.0,0.0,0.0,127.0,0.0,53.6,0.0,0.0,0.0,0.0,0.0,0.0,0.0,0.0,0.0,0.0,0.0,195.0,0.0
2024-06-12,0.0,74.4,0.0,0.0,0.0,0.0,0.0,132.0,0.0,28.0,0.0,0.0,0.0,0.0,0.0,0.0,0.0,0.0,0.0,0.0,0.0,229.0,0.0
2024-06-14,0.0,85.0,0.0,0.0,0.0,0.0,0.0,96.6,0.0,48.7,0.0,0.0,0.0,0.0,0.0,0.0,0.0,30.8,0.0,0.0,0.0,155.0,0.0
2024-06-17,0.0,97.0,0.0,0.0,0.0,0.0,0.0,100.0,0.0,66.9,0.0,0.0,0.0,0.0,0.0,0.0,0.0,0.0,0.0,0.0,0.0,208.0,0.0
2024-06-19,0.0,126.0,0.0,0.0,0.0,0.0,0.0,100.0,0.0,85.5,0.0,0.0,0.0,0.0,0.0,0.0,0.0,0.0,0.0,0.0,0.0,202.0,0.0
2024-06-21,0.0,107.0,0.0,0.0,0.0,0.0,0.0,148.0,0.0,57.1,0.0,0.0,0.0,0.0,0.0,0.0,0.0,0.0,0.0,0.0,0.0,206.0,0.0
2024-06-24,0.0,130.0,0.0,0.0,0.0,0.0,0.0,144.0,0.0,93.9,0.0,0.0,0.0,0.0,0.0,0.0,0.0,0.0,0.0,0.0,0.0,206.0,0.0
2024-06-26,0.0,115.0,0.0,0.0,0.0,0.0,0.0,143.0,0.0,57.6,0.0,0.0,0.0,0.0,0.0,0.0,0.0,0.0,0.0,0.0,0.0,209.0,0.0
2024-06-28,0.0,105.0,0.0,0.0,0.0,0.0,0.0,124.0,0.0,62.4,0.0,0.0,0.0,0.0,0.0,0.0,0.0,0.0,0.0,0.0,0.0,201.0,0.0
2024-07-01,0.0,100.0,0.0,0.0,0.0,0.0,0.0,119.0,0.0,71.7,0.0,0.0,0.0,0.0,0.0,0.0,0.0,0.0,0.0,0.0,0.0,187.0,0.0
2024-07-03,0.0,109.0,0.0,0.0,0.0,0.0,0.0,138.0,0.0,62.4,0.0,0.0,0.0,0.0,0.0,0.0,0.0,0.0,0.0,0.0,0.0,180.0,0.0
2024-07-05,0.0,107.0,0.0,0.0,0.0,0.0,0.0,140.0,0.0,65.1,0.0,0.0,0.0,0.0,0.0,0.0,0.0,0.0,0.0,0.0,0.0,176.0,0.0
2024-07-08,0.0,82.4,0.0,0.0,0.0,0.0,0.0,132.0,0.0,71.3,0.0,0.0,0.0,0.0,0.0,0.0,0.0,0.0,0.0,0.0,0.0,131.0,0.0
2024-07-10,0.0,124.0,0.0,0.0,0.0,0.0,0.0,135.0,0.0,109.0,0.0,0.0,0.0,0.0,0.0,0.0,0.0,0.0,0.0,0.0,0.0,178.0,0.0
2024-07-12,0.0,151.0,0.0,0.0,0.0,0.0,0.0,139.0,0.0,172.0,0.0,0.0,0.0,0.0,0.0,0.0,0.0,0.0,0.0,0.0,0.0,175.0,0.0
2024-07-15,0.0,97.4,0.0,0.0,0.0,0.0,0.0,136.0,0.0,64.2,0.0,0.0,0.0,0.0,0.0,0.0,0.0,0.0,0.0,0.0,0.0,164.0,0.0
2024-07-17,0.0,95.7,0.0,0.0,0.0,0.0,0.0,123.0,0.0,52.3,0.0,0.0,0.0,0.0,0.0,0.0,0.0,0.0,0.0,0.0,0.0,185.0,0.0
2024-07-19,0.0,90.4,0.0,0.0,0.0,0.0,0.0,120.0,0.0,63.8,0.0,0.0,0.0,0.0,0.0,0.0,0.0,0.0,0.0,0.0,0.0,187.0,0.0
2024-07-22,0.0,95.7,0.0,0.0,0.0,0.0,0.0,129.0,0.0,75.7,0.0,0.0,0.0,0.0,0.0,0.0,0.0,0.0,0.0,0.0,0.0,197.0,0.0
2024-07-24,0.0,100.0,0.0,0.0,0.0,0.0,0.0,120.0,0.0,81.9,0.0,0.0,0.0,0.0,0.0,0.0,0.0,0.0,0.0,0.0,0.0,177.0,0.0
2024-07-26,0.0,89.9,0.0,0.0,0.0,0.0,0.0,127.0,0.0,63.3,0.0,0.0,0.0,0.0,0.0,0.0,0.0,0.0,0.0,0.0,0.0,183.0,0.0
2024-07-29,0.0,134.0,0.0,0.0,0.0,0.0,0.0,120.0,0.0,62.0,0.0,0.0,0.0,0.0,0.0,0.0,0.0,0.0,0.0,0.0,0.0,187.0,0.0
2024-07-31,0.0,103.0,0.0,0.0,0.0,0.0,0.0,123.0,0.0,62.4,0.0,0.0,0.0,0.0,0.0,0.0,0.0,0.0,0.0,0.0,0.0,173.0,0.0
2024-08-02,0.0,89.5,0.0,0.0,0.0,0.0,0.0,119.0,0.0,89.9,0.0,0.0,0.0,0.0,0.0,0.0,0.0,0.0,0.0,0.0,0.0,181.0,0.0
2024-08-05,0.0,102.0,0.0,0.0,0.0,0.0,0.0,124.0,0.0,119.0,0.0,0.0,0.0,0.0,0.0,0.0,0.0,0.0,0.0,0.0,0.0,180.0,0.0
2024-08-07,0.0,129.0,0.0,0.0,0.0,0.0,0.0,126.0,0.0,135.0,0.0,0.0,0.0,0.0,0.0,0.0,0.0,0.0,0.0,0.0,0.0,187.0,0.0
2024-08-09,0.0,126.0,0.0,0.0,0.0,0.0,0.0,123.0,0.0,155.0,0.0,0.0,0.0,0.0,0.0,0.0,0.0,0.0,0.0,0.0,0.0,187.0,0.0
2024-08-12,0.0,142.0,0.0,0.0,0.0,0.0,0.0,125.0,0.0,151.0,0.0,0.0,0.0,0.0,0.0,0.0,0.0,0.0,0.0,0.0,0.0,192.0,0.0
2024-08-14,0.0,153.0,0.0,0.0,0.0,0.0,0.0,128.0,0.0,81.5,0.0,0.0,0.0,0.0,0.0,0.0,0.0,0.0,0.0,0.0,0.0,187.0,0.0
2024-08-16,0.0,133.0,0.0,0.0,0.0,0.0,0.0,132.0,0.0,128.0,0.0,0.0,0.0,0.0,0.0,0.0,0.0,0.0,0.0,0.0,0.0,186.0,0.0
2024-08-20,0.0,137.0,0.0,0.0,0.0,0.0,0.0,129.0,0.0,148.0,0.0,0.0,0.0,0.0,0.0,0.0,0.0,0.0,0.0,0.0,0.0,173.0,0.0
2024-08-21,0.0,120.0,0.0,0.0,0.0,0.0,0.0,130.0,0.0,139.0,0.0,0.0,0.0,0.0,0.0,0.0,0.0,0.0,0.0,0.0,0.0,175.0,0.0
2024-08-23,0.0,115.0,0.0,0.0,0.0,0.0,0.0,136.0,0.0,132.0,0.0,0.0,0.0,0.0,0.0,0.0,0.0,0.0,0.0,0.0,0.0,182.0,0.0
2024-08-26,0.0,91.7,0.0,0.0,0.0,0.0,0.0,132.0,0.0,107.0,0.0,0.0,0.0,0.0,0.0,0.0,0.0,0.0,0.0,0.0,0.0,197.0,0.0
2024-08-28,0.0,100.0,0.0,0.0,0.0,0.0,0.0,130.0,0.0,94.3,0.0,0.0,0.0,0.0,0.0,0.0,0.0,0.0,0.0,0.0,0.0,183.0,0.0
2024-08-30,0.0,90.4,0.0,0.0,0.0,0.0,0.0,134.0,0.0,99.2,0.0,0.0,0.0,0.0,0.0,0.0,0.0,0.0,0.0,0.0,0.0,138.0,0.0
2024-09-02,0.0,90.4,0.0,0.0,0.0,0.0,0.0,135.0,0.0,131.0,0.0,0.0,0.0,0.0,0.0,0.0,0.0,0.0,0.0,0.0,0.0,186.0,0.0
2024-09-04,0.0,120.0,0.0,0.0,0.0,0.0,0.0,125.0,0.0,97.9,0.0,0.0,0.0,0.0,0.0,0.0,0.0,0.0,0.0,0.0,0.0,179.0,0.0
2024-09-06,0.0,90.4,0.0,0.0,0.0,0.0,0.0,128.0,0.0,130.0,0.0,0.0,0.0,0.0,0.0,0.0,0.0,0.0,0.0,0.0,0.0,189.0,0.0
2024-09-11,0.0,89.5,0.0,0.0,0.0,0.0,0.0,110.0,0.0,137.0,0.0,0.0,0.0,0.0,0.0,0.0,0.0,0.0,0.0,0.0,0.0,191.0,0.0
2024-09-12,0.0,98.3,0.0,0.0,0.0,0.0,0.0,59.3,0.0,132.0,0.0,0.0,0.0,0.0,0.0,0.0,0.0,0.0,0.0,0.0,0.0,195.0,0.0
2024-09-13,0.0,92.6,0.0,0.0,0.0,0.0,0.0,64.7,0.0,84.2,0.0,0.0,0.0,0.0,0.0,0.0,0.0,0.0,0.0,0.0,0.0,198.0,0.0
2024-09-16,0.0,87.3,0.0,0.0,0.0,0.0,0.0,105.0,0.0,119.0,0.0,0.0,0.0,0.0,0.0,0.0,0.0,0.0,0.0,0.0,0.0,181.0,0.0
2024-09-18,0.0,88.1,0.0,0.0,0.0,0.0,0.0,98.8,0.0,114.0,0.0,0.0,0.0,0.0,0.0,0.0,0.0,0.0,0.0,0.0,0.0,185.0,0.0
2024-09-20,0.0,89.5,0.0,0.0,0.0,0.0,0.0,106.0,0.0,108.0,0.0,0.0,0.0,0.0,0.0,0.0,0.0,0.0,0.0,0.0,0.0,190.0,0.0
2024-09-23,0.0,121.0,0.0,0.0,0.0,0.0,0.0,98.8,0.0,102.0,0.0,0.0,0.0,0.0,0.0,0.0,0.0,0.0,0.0,0.0,0.0,187.0,0.0
2024-09-25,0.0,92.1,0.0,0.0,0.0,0.0,0.0,108.0,0.0,103.0,0.0,0.0,0.0,0.0,0.0,0.0,0.0,0.0,0.0,0.0,0.0,188.0,0.0
2024-09-30,0.0,135.0,0.0,0.0,0.0,0.0,0.0,131.0,0.0,175.0,0.0,0.0,0.0,0.0,0.0,0.0,0.0,0.0,0.0,0.0,0.0,203.0,0.0
2024-10-02,0.0,113.0,0.0,0.0,0.0,0.0,0.0,93.9,0.0,132.0,0.0,0.0,0.0,0.0,0.0,0.0,0.0,0.0,0.0,0.0,0.0,207.0,0.0
2024-10-04,0.0,152.0,0.0,0.0,0.0,0.0,0.0,116.0,0.0,151.0,0.0,0.0,0.0,0.0,0.0,0.0,0.0,0.0,0.0,0.0,0.0,184.0,0.0
2024-10-07,0.0,129.0,0.0,0.0,0.0,0.0,0.0,117.0,0.0,120.0,0.0,0.0,0.0,0.0,0.0,0.0,0.0,0.0,0.0,0.0,0.0,190.0,0.0
2024-10-11,0.0,125.0,0.0,0.0,0.0,0.0,0.0,113.0,0.0,136.0,0.0,0.0,0.0,0.0,0.0,0.0,0.0,0.0,0.0,0.0,0.0,176.0,0.0
2024-10-14,0.0,137.0,0.0,0.0,0.0,0.0,0.0,119.0,0.0,201.0,0.0,0.0,0.0,0.0,0.0,0.0,0.0,0.0,0.0,0.0,0.0,191.0,0.0
2024-10-16,0.0,108.0,0.0,0.0,0.0,0.0,0.0,90.8,0.0,99.7,0.0,0.0,0.0,0.0,0.0,0.0,0.0,0.0,0.0,0.0,0.0,188.0,0.0
2024-10-18,0.0,142.0,0.0,0.0,0.0,0.0,0.0,123.0,0.0,129.0,0.0,0.0,0.0,0.0,0.0,0.0,0.0,0.0,0.0,0.0,0.0,186.0,0.0
2024-10-21,0.0,94.3,0.0,0.0,0.0,0.0,0.0,115.0,0.0,105.0,0.0,0.0,0.0,0.0,0.0,0.0,0.0,0.0,0.0,0.0,0.0,214.0,0.0
2024-10-23,0.0,89.9,0.0,0.0,0.0,0.0,0.0,87.3,0.0,100.0,0.0,0.0,0.0,0.0,0.0,5.92,0.0,0.0,0.0,0.0,0.0,194.0,0.0
2024-10-25,0.0,122.0,0.0,0.0,0.0,0.0,0.0,111.0,0.0,143.0,0.0,0.0,0.0,0.0,0.0,0.0,0.0,0.0,0.0,0.0,0.0,206.0,0.0
2024-10-28,0.0,143.0,0.0,0.0,0.0,0.0,0.0,104.0,0.0,0.0,0.0,0.0,0.0,0.0,0.0,0.0,0.0,0.0,0.0,0.0,0.0,173.0,0.0
2024-10-30,0.0,81.5,0.0,0.0,0.0,0.0,0.0,86.8,0.0,0.0,0.0,0.0,0.0,0.0,0.0,0.0,0.0,54.9,0.0,0.0,0.0,194.0,0.0
2024-11-04,0.0,99.2,0.0,0.0,0.0,0.0,0.0,105.0,0.0,0.0,0.0,0.0,0.0,0.0,0.0,0.0,0.0,180.0,0.0,0.0,0.0,112.0,0.0
