Date,1m,3m,6.5m
2024-05-13 20:37:00,7.976521,10.77885,9.453531
2024-05-13 20:42:00,7.995804,10.77771,9.454482
2024-05-13 21:02:00,7.910271,10.80282,9.419763
2024-05-13 21:07:00,7.758248,10.68725,9.388963
2024-05-13 21:12:00,7.746957,10.61436,9.356129
2024-05-13 21:17:00,7.678883,10.60245,9.361296
2024-05-13 21:22:00,7.941077,10.63523,9.387458
2024-05-13 21:27:00,7.674451,10.57272,9.346238
2024-05-13 21:32:00,7.697534,10.57208,9.327714
2024-05-13 21:37:00,7.651783,10.54387,9.313219
2024-05-13 21:42:00,7.579667,10.50918,9.292519
2024-05-13 22:02:00,7.853776,10.6206,9.378345
2024-05-13 22:07:00,7.694801,10.48454,9.384037
2024-05-13 22:12:00,7.80949,10.50724,9.381237
2024-05-13 22:17:00,7.862802,10.47466,9.390837
2024-05-13 22:22:00,7.784628,10.48406,9.339655
2024-05-13 22:27:00,7.796782,10.48692,9.347345
2024-05-13 22:32:00,7.95461,10.46931,9.348962
2024-05-13 22:37:00,7.83249,10.42675,9.321028
2024-05-13 22:42:00,7.937444,10.46988,9.300723
2024-05-13 23:02:00,7.745036,10.64701,9.251866
2024-05-13 23:07:00,7.802995,10.48339,9.24335
2024-05-13 23:12:00,7.718233,10.45859,9.219006
2024-05-13 23:17:00,7.757806,10.48636,9.217697
2024-05-13 23:22:00,7.681701,10.48803,9.194301
2024-05-13 23:27:00,7.750743,10.428,9.159334
2024-05-13 23:32:00,7.654322,10.43675,9.101377
2024-05-13 23:37:00,7.591716,10.42623,9.110156
2024-05-13 23:42:00,7.45089,10.42287,9.061168
2024-05-14 00:02:00,7.113172,10.54843,9.021644
2024-05-14 00:07:00,7.382246,10.37953,9.089354
2024-05-14 00:12:00,7.097544,10.36002,9.15441
2024-05-14 00:17:00,7.048795,10.34038,9.17102
2024-05-14 00:22:00,7.115366,10.31397,9.129653
2024-05-14 00:27:00,7.151628,10.27279,9.170504
2024-05-14 00:32:00,7.032308,10.2321,9.208315
2024-05-14 00:37:00,6.995541,10.18123,9.158431
2024-05-14 00:42:00,7.012895,10.1911,9.079123
2024-05-14 01:02:00,7.412577,10.22495,8.924818
2024-05-14 01:07:00,6.917502,10.08173,8.877122
2024-05-14 01:12:00,7.20139,10.0075,8.776052
2024-05-14 01:17:00,7.141679,9.997756,8.784506
2024-05-14 01:22:00,6.892129,9.973268,8.831743
2024-05-14 01:27:00,6.727962,9.953887,8.909106
2024-05-14 01:32:00,7.09912,9.916729,8.812819
2024-05-14 01:37:00,6.81118,9.894065,8.708078
2024-05-14 01:42:00,6.896771,9.875309,8.659093
2024-05-14 02:02:00,6.540527,9.954638,8.501099
2024-05-14 02:07:00,6.893618,9.80037,8.500175
2024-05-14 02:12:00,6.996313,9.784509,8.691813
2024-05-14 02:17:00,7.006001,9.761469,8.733286
2024-05-14 02:22:00,6.774541,9.77743,8.829016
2024-05-14 02:27:00,6.758311,9.811056,8.843362
2024-05-14 02:32:00,7.270794,9.774058,8.806009
2024-05-14 02:37:00,7.352583,9.765905,8.758351
2024-05-14 02:42:00,6.849834,9.709049,8.751462
2024-05-14 03:02:00,7.263863,10.12218,8.499359
2024-05-14 03:07:00,6.880755,9.765913,8.518393
2024-05-14 03:12:00,7.156049,9.697397,8.581706
2024-05-14 03:17:00,6.961869,9.673532,8.581143
2024-05-14 03:22:00,6.530186,9.632605,8.506473
2024-05-14 03:27:00,7.005458,9.678109,8.467105
2024-05-14 03:32:00,6.524055,9.595473,8.451599
2024-05-14 03:37:00,6.573926,9.707787,8.475194
2024-05-14 03:42:00,6.790411,9.739966,8.457039
2024-05-14 04:02:00,6.484731,9.858274,8.219033
2024-05-14 04:07:00,6.513514,9.739614,8.170654
2024-05-14 04:12:00,6.301852,9.76539,8.102435
2024-05-14 04:17:00,6.299263,9.692896,8.057775
2024-05-14 04:22:00,6.305125,9.639547,7.878391
2024-05-14 04:27:00,6.248264,9.833753,7.604749
2024-05-14 04:32:00,5.945814,9.96347,7.225914
2024-05-14 04:37:00,5.771205,9.953206,7.004017
2024-05-14 04:42:00,5.673141,9.956593,6.626933
2024-05-14 05:02:00,5.34387,10.24041,5.815687
2024-05-14 05:07:00,4.939651,10.10779,5.961113
2024-05-14 05:12:00,4.841907,10.05232,6.501536
2024-05-14 05:17:00,4.844001,10.12593,7.04226
2024-05-14 05:22:00,4.45209,10.10764,7.557561
2024-05-14 05:27:00,4.577577,10.01293,7.997267
2024-05-14 05:32:00,4.413192,10.06401,8.191614
2024-05-14 05:37:00,4.756709,10.04827,8.318593
2024-05-14 05:42:00,4.619388,10.05123,8.370212
2024-05-14 06:02:00,4.557334,10.20264,7.982269
2024-05-14 06:07:00,4.896909,10.03155,7.927619
2024-05-14 06:12:00,4.928556,10.00207,7.864881
2024-05-14 06:17:00,5.083877,9.958545,7.808599
2024-05-14 06:22:00,4.940257,9.991549,7.620177
2024-05-14 06:27:00,4.964071,9.994308,7.539167
2024-05-14 06:32:00,4.875665,9.957582,7.469808
2024-05-14 06:37:00,4.801275,9.996041,7.400025
2024-05-14 06:42:00,4.730971,10.00375,7.400917
2024-05-14 07:02:00,4.439223,10.11292,7.482533
2024-05-14 07:07:00,4.127375,9.992403,7.441833
2024-05-14 07:12:00,4.100291,9.984564,7.225506
2024-05-14 07:17:00,3.826137,10.00026,7.139894
2024-05-14 07:22:00,3.725144,10.02085,7.237029
2024-05-14 07:27:00,3.645478,10.02532,7.402737
2024-05-14 07:32:00,3.58695,10.03319,7.587817
2024-05-14 07:37:00,3.566852,10.03654,7.740603
2024-05-14 07:42:00,3.590004,10.0141,7.835545
2024-05-14 08:02:00,3.636029,10.20831,8.068701
2024-05-14 08:07:00,3.741508,10.07979,8.154103
2024-05-14 08:12:00,3.799269,10.06634,8.265947
2024-05-14 08:17:00,3.812985,10.0701,8.351885
2024-05-14 08:22:00,3.853016,10.0702,8.484756
2024-05-14 08:27:00,3.901545,10.05738,8.496029
2024-05-14 08:32:00,3.902713,10.08502,8.564919
2024-05-14 08:37:00,3.958582,10.11338,8.642682
2024-05-14 08:42:00,4.000576,10.11671,8.633167
2024-05-14 09:02:00,4.25713,10.31707,8.166672
2024-05-14 09:07:00,4.260205,10.21542,8.13962
2024-05-14 09:12:00,4.274064,10.20678,8.091969
2024-05-14 09:17:00,4.266931,10.18644,8.107886
2024-05-14 09:22:00,4.472558,10.1972,8.332705
2024-05-14 09:27:00,4.274453,10.21876,8.420199
2024-05-14 09:32:00,4.241759,10.18614,8.439773
2024-05-14 09:37:00,4.300298,10.20316,8.388305
2024-05-14 09:42:00,4.096591,10.19946,8.214594
2024-05-14 10:02:00,3.643216,10.40868,7.034695
2024-05-14 10:07:00,3.571316,10.2339,7.078762
2024-05-14 10:12:00,3.453355,10.17148,7.041981
2024-05-14 10:17:00,3.261531,10.22333,6.667864
2024-05-14 10:22:00,3.133134,10.26729,6.94151
2024-05-14 10:27:00,2.964021,10.16808,6.612509
2024-05-14 10:32:00,2.819063,10.10433,6.083362
2024-05-14 10:37:00,2.639395,10.07149,5.571286
2024-05-14 10:42:00,2.468238,10.09224,5.099154
2024-05-14 11:02:00,1.730008,10.37059,5.600712
2024-05-14 11:07:00,1.618377,10.21994,5.967607
2024-05-14 11:12:00,1.484866,10.18739,6.507646
2024-05-14 11:17:00,1.42131,10.25631,6.975736
2024-05-14 11:22:00,1.40446,10.30481,7.358848
2024-05-14 11:27:00,1.549708,10.31226,7.647082
2024-05-14 11:32:00,1.789799,10.29545,7.82269
2024-05-14 11:37:00,2.102218,10.36511,8.025079
2024-05-14 11:42:00,2.510046,10.26388,8.2008
2024-05-14 12:02:00,4.378872,10.52323,8.431452
2024-05-14 12:07:00,4.651908,10.43373,8.476802
2024-05-14 12:12:00,4.973358,10.49303,8.52132
2024-05-14 12:17:00,5.427386,10.5836,8.612436
2024-05-14 12:22:00,5.69304,10.66324,8.693163
2024-05-14 12:27:00,6.002262,10.61352,8.758122
2024-05-14 12:32:00,6.251113,10.65014,8.773527
2024-05-14 12:37:00,6.543958,10.67756,8.78233
2024-05-14 12:42:00,6.682134,10.72731,8.769701
2024-05-14 13:02:00,7.480814,10.991,8.907746
2024-05-14 13:07:00,7.450013,10.87424,8.895228
2024-05-14 13:12:00,7.651651,10.8887,8.911852
2024-05-14 13:17:00,7.695968,10.86458,8.960702
2024-05-14 13:22:00,7.735686,10.98123,8.962132
2024-05-14 13:27:00,7.872211,10.96911,8.990008
2024-05-14 13:32:00,7.891769,10.98307,8.978005
2024-05-14 13:37:00,7.888664,11.03541,8.973516
2024-05-14 13:42:00,7.946922,11.03604,8.994727
2024-05-14 14:02:00,8.194427,11.32848,9.012302
2024-05-14 14:07:00,8.30189,11.25191,9.003434
2024-05-14 14:12:00,8.583744,11.28601,8.993448
2024-05-14 14:17:00,8.295702,11.29504,8.953172
2024-05-14 14:22:00,8.695742,11.33,8.910603
2024-05-14 14:27:00,8.32324,11.23079,8.912477
2024-05-14 14:32:00,8.300211,11.35052,8.957867
2024-05-14 14:37:00,8.618151,11.43399,8.990675
2024-05-14 14:42:00,8.201796,11.51754,9.008551
2024-05-14 15:02:00,8.199609,12.003,8.869738
2024-05-14 15:07:00,8.090777,11.57097,8.83423
2024-05-14 15:12:00,8.054197,11.6145,8.868368
2024-05-14 15:17:00,8.141943,11.7513,8.959452
2024-05-14 15:22:00,8.232482,11.74398,9.078539
2024-05-14 15:27:00,8.397631,11.72685,9.122304
2024-05-14 15:32:00,8.244849,11.55455,9.168142
2024-05-14 15:37:00,8.156734,11.75144,9.166643
2024-05-14 15:42:00,8.365519,11.82385,9.141164
2024-05-14 16:02:00,8.214203,11.89355,9.07336
2024-05-14 16:07:00,8.491044,11.74789,9.0728
2024-05-14 16:12:00,8.295757,11.72768,9.064935
2024-05-14 16:17:00,8.340312,11.70857,9.038866
2024-05-14 16:22:00,8.475151,11.73293,9.018442
2024-05-14 16:27:00,8.666842,11.76152,9.01683
2024-05-14 16:32:00,9.132444,11.78306,8.970564
2024-05-14 16:37:00,8.425508,11.82567,8.983292
2024-05-14 16:42:00,8.535435,11.81156,8.999041
2024-05-14 17:02:00,9.185233,11.94276,8.891535
2024-05-14 17:07:00,8.613548,11.84419,8.878668
2024-05-14 17:12:00,8.958348,11.81979,8.868951
2024-05-14 17:17:00,8.372994,11.72191,8.862915
2024-05-14 17:22:00,8.644541,11.81705,8.81699
2024-05-14 17:27:00,8.818963,11.80995,8.80051
2024-05-14 17:32:00,8.913885,11.80807,8.810211
2024-05-14 17:37:00,8.948156,11.81046,8.816235
2024-05-14 17:42:00,8.45444,11.81069,8.81154
2024-05-14 18:02:00,8.826521,11.99147,8.790879
2024-05-14 18:07:00,8.609099,11.87606,8.836585
2024-05-14 18:12:00,8.543251,11.8592,8.864698
2024-05-14 18:17:00,8.516786,11.86102,8.805338
2024-05-14 18:22:00,8.903493,11.84736,8.816881
2024-05-14 18:27:00,7.849245,11.85069,8.853551
2024-05-14 18:32:00,8.301719,11.86416,8.858848
2024-05-14 18:37:00,8.451014,11.85142,8.869454
2024-05-14 18:42:00,8.094778,11.83107,8.860008
2024-05-14 19:02:00,7.155495,11.92336,8.791996
2024-05-14 19:07:00,8.498079,11.77407,8.81088
2024-05-14 19:12:00,7.936397,11.71891,8.961969
2024-05-14 19:17:00,7.838199,11.74385,8.994518
2024-05-14 19:22:00,8.347611,11.7138,8.913301
2024-05-14 19:27:00,8.391315,11.74426,8.893074
2024-05-14 19:32:00,8.223265,11.74226,8.847701
2024-05-14 19:37:00,7.871882,11.72965,8.848391
2024-05-14 19:42:00,7.751299,11.68613,8.891371
2024-05-14 20:02:00,9.040204,11.83884,9.092002
2024-05-14 20:07:00,9.084695,11.69607,9.092852
2024-05-14 20:12:00,8.755363,11.64095,9.122572
2024-05-14 20:17:00,8.71696,11.65397,9.123209
2024-05-14 20:22:00,8.590343,11.62856,9.117994
2024-05-14 20:27:00,8.843443,11.62589,9.091269
2024-05-14 20:32:00,8.520518,11.59202,9.012398
2024-05-14 20:37:00,8.536833,11.57706,8.99652
2024-05-14 20:42:00,8.348673,11.5596,8.966274
2024-05-14 21:02:00,6.964423,11.7319,8.939885
2024-05-14 21:07:00,8.229403,11.48925,9.043788
2024-05-14 21:12:00,8.154824,11.50063,9.065719
2024-05-14 21:17:00,7.832512,11.47217,9.072603
2024-05-14 21:22:00,7.547773,11.45113,9.113459
2024-05-14 21:27:00,7.432343,11.42938,9.13473
2024-05-14 21:32:00,7.890034,11.42541,9.085781
2024-05-14 21:37:00,7.53564,11.40974,8.988074
2024-05-14 21:42:00,7.827407,11.36327,8.897154
2024-05-14 22:02:00,7.381636,11.4132,8.92404
2024-05-14 22:07:00,7.308384,11.24799,8.928369
2024-05-14 22:12:00,6.946556,11.20425,9.107248
2024-05-14 22:17:00,7.380565,11.16827,9.00149
2024-05-14 22:22:00,7.761706,11.15404,9.152943
2024-05-14 22:27:00,7.877586,11.13151,9.21414
2024-05-14 22:32:00,7.926802,11.06071,9.241554
2024-05-14 22:37:00,7.537366,11.02562,9.280151
2024-05-14 22:42:00,7.646531,11.00521,9.307382
2024-05-14 23:02:00,7.795357,11.06419,9.238635
2024-05-14 23:07:00,7.783172,10.83335,9.220854
2024-05-14 23:12:00,8.135178,10.7937,9.187254
2024-05-14 23:17:00,8.127413,10.75932,9.150515
2024-05-14 23:22:00,8.607901,10.725,9.136158
2024-05-14 23:27:00,7.876859,10.70251,9.125072
2024-05-14 23:32:00,8.367248,10.70933,9.112343
2024-05-14 23:37:00,8.882992,10.68374,9.074945
2024-05-14 23:42:00,8.714724,10.70805,9.029047
2024-05-15 00:02:00,9.080688,10.82164,8.745483
2024-05-15 00:07:00,8.712915,10.63281,8.734785
2024-05-15 00:12:00,8.640672,10.62385,8.70463
2024-05-15 00:17:00,8.964362,10.53024,8.623352
2024-05-15 00:22:00,8.91118,10.45617,8.347904
2024-05-15 00:27:00,9.004456,10.45032,8.180224
2024-05-15 00:32:00,8.935026,10.43785,8.082713
2024-05-15 00:37:00,8.789499,10.37254,7.972059
2024-05-15 00:42:00,8.571859,10.32721,7.877475
2024-05-15 01:02:00,8.100859,10.30399,8.026274
2024-05-15 01:07:00,8.04701,10.17729,8.099525
2024-05-15 01:12:00,7.93485,10.04067,8.278158
2024-05-15 01:17:00,7.243398,10.08385,8.447438
2024-05-15 01:22:00,7.333763,10.26755,8.602781
2024-05-15 01:27:00,7.180871,9.907013,8.746099
2024-05-15 01:32:00,7.240636,10.043,8.928707
2024-05-15 01:37:00,7.294575,10.03204,9.148075
2024-05-15 01:42:00,7.193011,9.837938,9.215398
2024-05-15 02:02:00,7.381497,10.05551,9.217697
2024-05-15 02:07:00,7.386586,10.13151,9.199466
2024-05-15 02:12:00,7.710246,10.10565,9.227766
2024-05-15 02:17:00,7.598368,10.06471,9.242789
2024-05-15 02:22:00,7.368371,10.22081,9.246643
2024-05-15 02:27:00,7.860223,10.18411,9.213681
2024-05-15 02:32:00,7.539265,10.21384,9.235424
2024-05-15 02:37:00,7.439729,9.782297,9.242249
2024-05-15 02:42:00,7.766331,9.886843,9.217196
2024-05-15 03:02:00,8.139701,9.991909,9.164109
2024-05-15 03:07:00,8.208841,9.903216,9.145439
2024-05-15 03:12:00,7.852683,10.15466,9.117658
2024-05-15 03:17:00,8.055128,9.801381,9.106633
2024-05-15 03:22:00,7.967809,9.878164,9.105584
2024-05-15 03:27:00,8.073671,10.13941,9.115596
2024-05-15 03:32:00,8.2026,10.09035,9.08896
2024-05-15 03:37:00,8.482641,9.843076,9.085669
2024-05-15 03:42:00,8.375604,9.863862,9.063966
2024-05-15 04:02:00,8.425854,10.22073,9.08636
2024-05-15 04:07:00,8.385977,10.03789,9.060845
2024-05-15 04:12:00,8.294472,10.00135,9.0512
2024-05-15 04:17:00,8.511045,10.00923,9.065866
2024-05-15 04:22:00,8.287588,9.909576,9.100008
2024-05-15 04:27:00,9.010319,9.969863,9.091969
2024-05-15 04:32:00,8.784204,9.931748,9.029969
2024-05-15 04:37:00,8.6445,9.924516,8.99777
2024-05-15 04:42:00,8.643579,9.905951,8.96973
2024-05-15 05:02:00,8.733671,9.909947,8.829602
2024-05-15 05:07:00,8.442881,9.86126,8.792789
2024-05-15 05:12:00,8.497206,9.777277,8.751493
2024-05-15 05:17:00,8.644629,9.573065,8.753171
2024-05-15 05:22:00,8.604078,9.73818,8.732436
2024-05-15 05:27:00,8.555879,9.714815,8.726534
2024-05-15 05:32:00,8.484916,9.709009,8.693772
2024-05-15 05:37:00,8.376376,9.791388,8.664073
2024-05-15 05:42:00,8.36335,9.746501,8.710627
2024-05-15 06:02:00,8.012019,9.801171,8.526752
2024-05-15 06:07:00,7.996844,9.697389,8.529932
2024-05-15 06:12:00,7.963758,9.744918,8.556742
2024-05-15 06:17:00,7.97583,9.715378,8.491749
2024-05-15 06:22:00,7.888059,9.682041,8.414148
2024-05-15 06:27:00,7.93849,9.722979,8.376115
2024-05-15 06:32:00,7.803248,9.702734,8.350934
2024-05-15 06:37:00,7.58597,9.698556,8.315635
2024-05-15 06:42:00,7.528643,9.697514,8.269317
2024-05-15 07:02:00,7.154677,9.849112,8.213596
2024-05-15 07:07:00,7.0855,9.716684,8.172227
2024-05-15 07:12:00,7.135454,9.681664,8.072341
2024-05-15 07:17:00,7.074332,9.686064,8.079226
2024-05-15 07:22:00,6.958543,9.678814,8.129232
2024-05-15 07:27:00,6.941236,9.674333,8.168708
2024-05-15 07:32:00,6.954659,9.667793,8.200376
2024-05-15 07:37:00,6.747382,9.676373,8.18455
2024-05-15 07:42:00,6.771935,9.682295,8.142061
