Date,0.5m,1.5m,1m,2.5m,2m,3m,4m,6.5m
2024-05-13 20:37:00,22.84363,22.98403,17.21326,22.92697,22.90818,20.98627,22.94299,22.91204
2024-05-13 20:42:00,22.83477,22.97345,17.01995,22.91538,22.89802,20.86446,22.93891,22.87806
2024-05-13 21:02:00,22.81888,22.97141,17.05877,22.92145,22.89755,20.17128,22.93176,22.79653
2024-05-13 21:07:00,22.81853,22.96323,17.46011,22.90845,22.88842,20.69836,22.92657,22.77808
2024-05-13 21:12:00,22.80654,22.95238,17.15646,22.89867,22.87686,20.93996,22.91398,22.76494
2024-05-13 21:17:00,22.80095,22.9478,17.33904,22.89038,22.87179,20.92142,22.90979,22.75847
2024-05-13 21:22:00,22.79512,22.94096,17.17158,22.88304,22.86539,20.72352,22.9036,22.75101
2024-05-13 21:27:00,22.79285,22.94137,17.02371,22.88304,22.86538,20.92472,22.89698,22.75278
2024-05-13 21:32:00,22.78955,22.93625,16.84639,22.87897,22.86033,20.87799,22.89464,22.75172
2024-05-13 21:37:00,22.79116,22.93227,17.02898,22.87,22.85606,20.91375,22.8876,22.74719
2024-05-13 21:42:00,22.77922,22.92482,16.97479,22.86492,22.84791,20.9313,22.87988,22.7408
2024-05-13 22:02:00,22.75995,22.90881,15.90455,22.86282,22.83856,20.23812,22.87646,22.67837
2024-05-13 22:07:00,22.75734,22.90178,17.5272,22.852,22.82884,20.89058,22.86342,22.66052
2024-05-13 22:12:00,22.74904,22.89376,17.28785,22.83931,22.81757,20.75202,22.85128,22.64035
2024-05-13 22:17:00,22.74687,22.89355,17.18736,22.84164,22.82154,21.00622,22.85613,22.633
2024-05-13 22:22:00,22.74394,22.88916,17.56142,22.83353,22.81461,20.83313,22.84774,22.62714
2024-05-13 22:27:00,22.7433,22.8863,17.45631,22.82537,22.80786,20.8393,22.84129,22.62055
2024-05-13 22:32:00,22.73954,22.87759,17.09926,22.82156,22.80384,20.90275,22.83943,22.61726
2024-05-13 22:37:00,22.7278,22.86777,17.491,22.81011,22.79272,20.89124,22.82822,22.60822
2024-05-13 22:42:00,22.72931,22.87453,17.08731,22.80782,22.79492,20.85996,22.81467,22.60191
2024-05-13 23:02:00,22.70663,22.85364,17.47638,22.8082,22.78513,20.00708,22.82166,22.59646
2024-05-13 23:07:00,22.70239,22.84882,17.19042,22.8016,22.77778,20.7624,22.81531,22.59044
2024-05-13 23:12:00,22.70352,22.85558,17.38301,22.80192,22.77723,20.87576,22.80571,22.58916
2024-05-13 23:17:00,22.70991,22.85862,17.21936,22.80437,22.7838,20.80384,22.81436,22.59599
2024-05-13 23:22:00,22.70685,22.85108,17.27558,22.79418,22.7764,20.70675,22.80714,22.58612
2024-05-13 23:27:00,22.70066,22.84035,17.11351,22.78046,22.7634,20.9242,22.79105,22.57067
2024-05-13 23:32:00,22.70148,22.84502,17.17438,22.78516,22.76682,20.8649,22.79439,22.57705
2024-05-13 23:37:00,22.69747,22.841,17.23638,22.78244,22.76567,20.88707,22.79485,22.57804
2024-05-13 23:42:00,22.69429,22.83034,17.54912,22.77007,22.75433,20.80567,22.78897,22.57861
2024-05-14 00:02:00,22.66373,22.81458,17.53021,22.76505,22.74548,19.91045,22.77457,22.56863
2024-05-14 00:07:00,22.66677,22.82697,17.26012,22.77411,22.75244,20.67039,22.7797,22.57305
2024-05-14 00:12:00,22.67282,22.82512,17.25865,22.76727,22.75035,20.69715,22.77198,22.57081
2024-05-14 00:17:00,22.67371,22.8228,17.40558,22.7664,22.74808,20.78393,22.76954,22.5694
2024-05-14 00:22:00,22.66755,22.80783,17.59491,22.75247,22.73423,20.70498,22.76417,22.56091
2024-05-14 00:27:00,22.66897,22.81734,17.26814,22.7544,22.73861,20.83389,22.76771,22.55993
2024-05-14 00:32:00,22.66868,22.81636,17.25335,22.75235,22.73776,20.84885,22.76232,22.56339
2024-05-14 00:37:00,22.66627,22.80934,17.14692,22.74732,22.7348,20.81282,22.76175,22.5613
2024-05-14 00:42:00,22.66288,22.80827,17.20156,22.74587,22.73095,20.801,22.75377,22.55793
2024-05-14 01:02:00,22.63461,22.79413,17.58454,22.74747,22.72275,19.9099,22.74634,22.53481
2024-05-14 01:07:00,22.6364,22.78775,17.30061,22.73666,22.71576,20.56657,22.74076,22.52705
2024-05-14 01:12:00,22.63157,22.78765,17.2486,22.73144,22.71082,20.7957,22.73861,22.52151
2024-05-14 01:17:00,22.63179,22.77886,17.12439,22.72596,22.70524,20.80332,22.73824,22.51763
2024-05-14 01:22:00,22.63459,22.789,17.13482,22.73182,22.71173,20.79985,22.74351,22.52495
2024-05-14 01:27:00,22.63747,22.78386,17.33599,22.72625,22.71045,20.76458,22.73694,22.52193
2024-05-14 01:32:00,22.6325,22.77364,17.19249,22.71828,22.70004,20.81161,22.72779,22.51513
2024-05-14 01:37:00,22.62932,22.77748,17.16939,22.71948,22.70091,20.80335,22.72698,22.51516
2024-05-14 01:42:00,22.62924,22.77444,17.25529,22.71425,22.69937,20.76972,22.72386,22.51172
2024-05-14 02:02:00,22.60901,22.76041,16.97302,22.70886,22.68942,19.93365,22.72012,22.49433
2024-05-14 02:07:00,22.6002,22.74984,17.18001,22.70488,22.68162,20.64123,22.71424,22.49008
2024-05-14 02:12:00,22.5981,22.75268,17.38018,22.70243,22.67847,20.72509,22.70922,22.4869
2024-05-14 02:17:00,22.6002,22.7487,17.10809,22.6955,22.67468,20.78392,22.70736,22.48809
2024-05-14 02:22:00,22.59779,22.74354,17.02833,22.68887,22.67053,20.61836,22.69646,22.48324
2024-05-14 02:27:00,22.59304,22.73581,17.27294,22.67692,22.66041,20.69935,22.68565,22.46966
2024-05-14 02:32:00,22.59075,22.73884,17.1653,22.67578,22.6605,20.71808,22.68562,22.46749
2024-05-14 02:37:00,22.5929,22.73697,17.05214,22.67512,22.6619,20.71297,22.68554,22.4676
2024-05-14 02:42:00,22.58807,22.73585,17.27216,22.67899,22.66092,20.68969,22.68305,22.46906
2024-05-14 03:02:00,22.56305,22.71164,17.0766,22.66318,22.64041,19.75934,22.6702,22.44197
2024-05-14 03:07:00,22.56571,22.71861,16.77568,22.66456,22.64356,20.52018,22.6726,22.44383
2024-05-14 03:12:00,22.56855,22.71851,17.12686,22.66308,22.64537,20.66067,22.67168,22.44451
2024-05-14 03:17:00,22.56661,22.71465,16.73594,22.65945,22.64136,20.65,22.66753,22.44591
2024-05-14 03:22:00,22.56041,22.71278,16.7489,22.65364,22.63782,20.63414,22.66283,22.44335
2024-05-14 03:27:00,22.5683,22.71741,16.63091,22.65561,22.64072,20.64164,22.66172,22.44444
2024-05-14 03:32:00,22.56695,22.70991,16.55726,22.65166,22.63558,20.64722,22.66063,22.44231
2024-05-14 03:37:00,22.56594,22.70828,17.70371,22.64782,22.63179,20.60685,22.65377,22.43618
2024-05-14 03:42:00,22.56876,22.71732,17.0037,22.65328,22.63833,20.61252,22.65745,22.44247
2024-05-14 04:02:00,22.55542,22.71378,16.62764,22.6637,22.64178,19.71629,22.67462,22.44462
2024-05-14 04:07:00,22.5559,22.70742,16.51006,22.65626,22.63708,20.43973,22.66274,22.44079
2024-05-14 04:12:00,22.55298,22.70208,16.69494,22.6473,22.62972,20.55368,22.65515,22.44105
2024-05-14 04:17:00,22.55262,22.70986,16.43184,22.65171,22.62947,20.56761,22.66409,22.44817
2024-05-14 04:22:00,22.5624,22.70858,16.58261,22.64999,22.63749,20.57005,22.66291,22.45581
2024-05-14 04:27:00,22.56131,22.71198,16.13687,22.64481,22.63241,20.52984,22.64996,22.44862
2024-05-14 04:32:00,22.56535,22.70967,16.65854,22.64739,22.63672,20.51452,22.6525,22.45168
2024-05-14 04:37:00,22.55898,22.69858,18.7158,22.63956,22.62719,20.53008,22.6509,22.45057
2024-05-14 04:42:00,22.55714,22.70059,18.76291,22.63876,22.62654,20.55248,22.66071,22.45112
2024-05-14 05:02:00,22.54068,22.69495,15.94631,22.6467,22.62656,19.65279,22.65454,22.43791
2024-05-14 05:07:00,22.54589,22.70419,17.76876,22.65109,22.62935,20.36039,22.66058,22.44175
2024-05-14 05:12:00,22.55298,22.70304,18.14388,22.64714,22.63003,20.46965,22.66126,22.43952
2024-05-14 05:17:00,22.55231,22.70365,16.68607,22.64584,22.62734,20.47206,22.65479,22.43713
2024-05-14 05:22:00,22.55552,22.70381,16.90845,22.64438,22.62869,20.4674,22.65578,22.43476
2024-05-14 05:27:00,22.5538,22.69416,16.94709,22.63475,22.61912,20.48299,22.65096,22.42926
2024-05-14 05:32:00,22.55106,22.70056,17.53776,22.64105,22.62482,20.45725,22.6542,22.43266
2024-05-14 05:37:00,22.5505,22.69344,16.78867,22.63577,22.62119,20.50376,22.65067,22.42714
2024-05-14 05:42:00,22.5513,22.6979,17.44627,22.63462,22.61988,20.48682,22.6475,22.4253
2024-05-14 06:02:00,22.5499,22.70532,16.65383,22.65765,22.63351,19.53016,22.66605,22.43571
2024-05-14 06:07:00,22.55068,22.7062,16.53975,22.65695,22.63472,20.33012,22.6639,22.43736
2024-05-14 06:12:00,22.55322,22.70294,17.41391,22.65054,22.63024,20.46154,22.65771,22.43528
2024-05-14 06:17:00,22.55555,22.70313,16.26626,22.64918,22.6298,20.48594,22.65375,22.4355
2024-05-14 06:22:00,22.55508,22.69361,16.71094,22.64063,22.62208,20.47075,22.64841,22.43188
2024-05-14 06:27:00,22.55313,22.70164,17.02176,22.6423,22.62272,20.48815,22.64987,22.42931
2024-05-14 06:32:00,22.55608,22.70801,16.44443,22.64956,22.63292,20.47142,22.65392,22.43086
2024-05-14 06:37:00,22.55814,22.70624,16.32972,22.65101,22.63461,20.46483,22.65738,22.42694
2024-05-14 06:42:00,22.56019,22.70136,16.20176,22.64377,22.63189,20.45247,22.64986,22.41997
2024-05-14 07:02:00,22.55414,22.70538,16.11605,22.66183,22.63937,19.61127,22.6716,22.41472
2024-05-14 07:07:00,22.55795,22.71453,18.35852,22.66204,22.64226,20.25675,22.66906,22.42091
2024-05-14 07:12:00,22.56557,22.72175,16.28798,22.66387,22.64749,20.39245,22.66886,22.42749
2024-05-14 07:17:00,22.56706,22.72009,15.8875,22.66281,22.64752,20.39372,22.67143,22.43284
2024-05-14 07:22:00,22.56719,22.7139,16.20997,22.6566,22.64498,20.41073,22.66401,22.42994
2024-05-14 07:27:00,22.56678,22.71448,16.1723,22.65104,22.64155,20.44289,22.66464,22.42623
2024-05-14 07:32:00,22.57035,22.7236,16.21084,22.65952,22.64956,20.4612,22.66813,22.42739
2024-05-14 07:37:00,22.58188,22.73273,16.63174,22.66981,22.66187,20.44535,22.67617,22.434
2024-05-14 07:42:00,22.58829,22.73394,16.03359,22.67425,22.6665,20.48778,22.68238,22.44131
2024-05-14 08:02:00,22.59119,22.74365,16.54281,22.69559,22.68369,19.63023,22.70557,22.45403
2024-05-14 08:07:00,22.59633,22.7459,16.09605,22.69587,22.68113,20.36642,22.70369,22.454
2024-05-14 08:12:00,22.6007,22.74789,16.0544,22.69369,22.68013,20.50682,22.70132,22.45403
2024-05-14 08:17:00,22.60248,22.75152,16.32067,22.69651,22.68192,20.53243,22.70328,22.45682
2024-05-14 08:22:00,22.6081,22.75642,16.1604,22.69789,22.68361,20.52342,22.70577,22.45963
2024-05-14 08:27:00,22.6159,22.7605,16.16558,22.70052,22.68657,20.55032,22.70599,22.45936
2024-05-14 08:32:00,22.62128,22.76552,16.51434,22.70491,22.69136,20.51335,22.71002,22.46145
2024-05-14 08:37:00,22.62686,22.77053,16.49172,22.70874,22.69618,20.51867,22.71231,22.46403
2024-05-14 08:42:00,22.63403,22.77423,16.41141,22.71073,22.6998,20.54584,22.71459,22.46773
2024-05-14 09:02:00,22.64246,22.79349,15.56303,22.73853,22.72552,19.71644,22.74393,22.4862
2024-05-14 09:07:00,22.64718,22.79777,15.68464,22.73995,22.72897,20.38254,22.74551,22.48647
2024-05-14 09:12:00,22.65817,22.80325,16.26975,22.74562,22.73547,20.5208,22.75325,22.49142
2024-05-14 09:17:00,22.67998,22.8156,15.79923,22.75295,22.74144,20.53607,22.76279,22.49971
2024-05-14 09:22:00,22.71214,22.8311,16.07933,22.75745,22.75521,20.53692,22.75615,22.50399
2024-05-14 09:27:00,22.72963,22.84527,16.53863,22.76611,22.77251,20.51785,22.77303,22.51689
2024-05-14 09:32:00,22.7507,22.84855,15.83819,22.76755,22.77517,20.54109,22.77513,22.52799
2024-05-14 09:37:00,22.77819,22.85873,16.1317,22.76744,22.77329,20.54261,22.78028,22.5371
2024-05-14 09:42:00,22.81826,22.85947,15.79881,22.77243,22.77236,20.54193,22.78643,22.54738
2024-05-14 10:02:00,22.85025,22.86282,16.19948,22.81134,22.79263,19.73559,22.83572,22.58005
2024-05-14 10:07:00,22.85264,22.86719,16.14359,22.81343,22.7947,20.38015,22.83564,22.57949
2024-05-14 10:12:00,22.84584,22.87276,15.82693,22.81802,22.79913,20.52613,22.83919,22.58176
2024-05-14 10:17:00,22.846,22.87494,16.59824,22.82211,22.80455,20.50922,22.84418,22.58634
2024-05-14 10:22:00,22.86326,22.88179,16.13249,22.82652,22.80496,20.5322,22.84775,22.59136
2024-05-14 10:27:00,22.8637,22.89081,16.42065,22.83808,22.81616,20.53971,22.85898,22.60396
2024-05-14 10:32:00,22.86939,22.90057,16.17213,22.84589,22.82516,20.5474,22.86765,22.61761
2024-05-14 10:37:00,22.89115,22.91241,16.52841,22.85037,22.83146,20.56286,22.87731,22.63408
2024-05-14 10:42:00,22.9918,22.92578,16.56732,22.85494,22.8387,20.57742,22.89264,22.6419
2024-05-14 11:02:00,23.13101,22.99045,15.83393,22.88629,22.84631,19.86413,22.9418,22.64488
2024-05-14 11:07:00,23.13154,23.00928,16.93108,22.88856,22.84728,20.50072,22.94477,22.64569
2024-05-14 11:12:00,23.1155,23.01968,16.8934,22.89345,22.85339,20.64169,22.95266,22.6625
2024-05-14 11:17:00,23.09048,23.00791,16.41739,22.90139,22.87072,20.66538,22.95522,22.68395
2024-05-14 11:22:00,23.08347,23.04984,16.59088,22.90824,22.88818,20.6794,22.95828,22.69129
2024-05-14 11:27:00,23.08445,23.09929,16.62584,22.91594,22.90674,20.69607,22.96365,22.69553
2024-05-14 11:32:00,23.10555,23.12746,17.08942,22.91466,22.89755,20.66789,22.97084,22.70657
2024-05-14 11:37:00,23.12914,23.21472,16.57657,22.923,22.96508,20.77553,22.99381,22.7208
2024-05-14 11:42:00,23.13706,23.2554,16.67695,22.94203,23.06278,20.81546,23.03621,22.71918
2024-05-14 12:02:00,23.31027,23.44257,16.98494,23.34857,23.35068,20.01976,23.0155,23.03543
2024-05-14 12:07:00,23.30132,23.42869,17.08686,23.34214,23.34275,20.74512,23.03043,23.03328
2024-05-14 12:12:00,23.278,23.39907,17.1738,23.34281,23.32424,20.8732,23.05481,23.05973
2024-05-14 12:17:00,23.24732,23.37416,17.33069,23.31909,23.29709,20.85648,23.1111,23.05529
2024-05-14 12:22:00,23.21264,23.33051,16.68799,23.28843,23.26099,20.90615,23.22538,23.04164
2024-05-14 12:27:00,23.18014,23.30175,16.80322,23.25263,23.2277,20.97934,23.22696,23.00985
2024-05-14 12:32:00,23.15283,23.27576,16.53318,23.22424,23.19987,20.9067,23.21116,22.98571
2024-05-14 12:37:00,23.13445,23.26168,16.30836,23.20363,23.18234,20.8916,23.20917,22.9647
2024-05-14 12:42:00,23.12506,23.2548,16.99347,23.19228,23.17434,20.81732,23.18607,22.95094
2024-05-14 13:02:00,23.10016,23.23749,16.65866,23.18469,23.16266,20.32607,23.16708,22.92807
2024-05-14 13:07:00,23.09752,23.23523,16.71318,23.18281,23.15881,20.8506,23.17376,22.92843
2024-05-14 13:12:00,23.10199,23.23994,16.78403,23.18005,23.159,20.81726,23.17865,22.92731
2024-05-14 13:17:00,23.10436,23.24282,16.49597,23.182,23.16185,21.07249,23.17853,22.93088
2024-05-14 13:22:00,23.10613,23.2451,16.83207,23.18077,23.16247,20.79377,23.16923,22.93081
2024-05-14 13:27:00,23.11345,23.25327,16.68515,23.18372,23.17109,20.99542,23.16943,22.93386
2024-05-14 13:32:00,23.11423,23.24875,16.6871,23.18521,23.17017,21.03931,23.17953,22.93923
2024-05-14 13:37:00,23.1137,23.24874,17.00982,23.18336,23.16873,21.0639,23.17737,22.93851
2024-05-14 13:42:00,23.11337,23.24481,17.06409,23.17678,23.16253,21.01406,23.17376,22.93419
2024-05-14 14:02:00,23.10794,23.24966,17.85619,23.1958,23.16983,20.21903,23.19009,22.93908
2024-05-14 14:07:00,23.10856,23.25008,17.1129,23.19865,23.17363,21.00733,23.19515,22.9414
2024-05-14 14:12:00,23.11548,23.25512,17.17655,23.19852,23.17547,21.04844,23.18848,22.94373
2024-05-14 14:17:00,23.12487,23.26525,17.36722,23.20684,23.18653,21.1228,23.19705,22.95238
2024-05-14 14:22:00,23.13233,23.27226,17.68972,23.20519,23.18966,21.18079,23.20313,22.95259
2024-05-14 14:27:00,23.13615,23.27178,16.88094,23.20871,23.19256,21.83258,23.20234,22.95801
2024-05-14 14:32:00,23.14683,23.28492,17.03208,23.2154,23.20368,21.50922,23.19839,22.96117
2024-05-14 14:37:00,23.14515,23.27585,17.38826,23.21424,23.19868,21.44352,23.20359,22.9645
2024-05-14 14:42:00,23.16304,23.30977,16.82884,23.22595,23.21943,21.26655,23.20103,22.96877
2024-05-14 15:02:00,23.19931,23.33359,16.62532,23.26425,23.25854,19.85446,23.23215,22.99553
2024-05-14 15:07:00,23.20074,23.33137,17.19176,23.25877,23.2507,21.66097,23.22485,22.988
2024-05-14 15:12:00,23.22068,23.35649,17.46052,23.26766,23.26266,21.65398,23.21476,22.99064
2024-05-14 15:17:00,23.2495,23.38239,17.03029,23.29112,23.28578,21.29844,23.21771,23.01521
2024-05-14 15:22:00,23.23426,23.35382,17.46142,23.28635,23.27761,21.28474,23.21209,23.01208
2024-05-14 15:27:00,23.20624,23.32434,18.6577,23.23462,23.23394,21.78364,23.20347,22.96733
2024-05-14 15:32:00,23.20377,23.33258,18.45307,21.00695,23.24376,22.23046,23.19571,22.97799
2024-05-14 15:37:00,23.20563,23.34213,17.53821,23.26785,23.25727,21.64715,23.20271,23.0065
2024-05-14 15:42:00,23.22369,23.36718,18.21811,23.29858,23.28482,21.41423,23.2313,23.03856
2024-05-14 16:02:00,23.24164,23.384,17.22628,23.33536,23.31268,20.57982,23.30331,23.06469
2024-05-14 16:07:00,23.24321,23.38464,16.70439,23.32061,23.30461,21.3388,23.28915,23.0571
2024-05-14 16:12:00,23.25039,23.39587,17.22107,23.33609,23.31837,21.46379,23.30261,23.07265
2024-05-14 16:17:00,23.24786,23.38316,17.02303,23.32583,23.30731,21.6748,23.30189,23.06817
2024-05-14 16:22:00,23.23733,23.37695,18.54238,23.32034,23.29899,21.47358,23.30007,23.07096
2024-05-14 16:27:00,23.24146,23.38584,17.32686,23.32485,23.30568,21.48295,23.29858,23.07509
2024-05-14 16:32:00,23.25348,23.39371,16.62487,23.33002,23.31467,21.35157,23.29891,23.07916
2024-05-14 16:37:00,23.26147,23.39886,18.18949,23.32903,23.31758,21.37934,23.29764,23.07728
2024-05-14 16:42:00,23.262,23.39741,16.97528,23.32747,23.31558,21.26963,23.29212,23.07586
2024-05-14 17:02:00,23.24289,23.39255,17.31497,23.33264,23.31677,20.73355,23.30939,23.07277
2024-05-14 17:07:00,23.23627,23.38207,16.88131,23.32511,23.30502,21.16745,23.31655,23.07138
2024-05-14 17:12:00,23.23825,23.38243,17.07929,23.32997,23.30643,21.27314,23.32622,23.0766
2024-05-14 17:17:00,23.24141,23.38367,16.77269,23.32791,23.30673,21.72524,23.32103,23.07503
2024-05-14 17:22:00,23.23614,23.37604,17.28709,23.3191,23.29942,21.3012,23.3105,23.06893
2024-05-14 17:27:00,23.23356,23.37615,17.06626,23.31992,23.30005,21.23918,23.31467,23.07222
2024-05-14 17:32:00,23.23484,23.3781,16.86071,23.31868,23.30149,21.27296,23.31178,23.07123
2024-05-14 17:37:00,23.23501,23.37689,16.94399,23.31735,23.30078,21.29425,23.31878,23.07271
2024-05-14 17:42:00,23.23395,23.3772,16.75705,23.31699,23.30189,21.32003,23.31567,23.0745
2024-05-14 18:02:00,23.21732,23.36691,16.62843,23.3248,23.29568,20.60901,23.32468,23.0701
2024-05-14 18:07:00,23.21681,23.36647,16.41426,23.32373,23.29573,21.0963,23.32439,23.06974
2024-05-14 18:12:00,23.21655,23.36708,16.89439,23.31674,23.29143,21.16278,23.31679,23.06601
2024-05-14 18:17:00,23.21415,23.36038,16.96708,23.31017,23.28524,21.12946,23.31204,23.06239
2024-05-14 18:22:00,23.21219,23.36222,16.3766,23.30772,23.28458,21.15668,23.30806,23.06012
2024-05-14 18:27:00,23.20943,23.35402,16.52753,23.30157,23.27962,21.13095,23.30557,23.05758
2024-05-14 18:32:00,23.20842,23.35676,16.62455,23.29825,23.27997,21.11179,23.29947,23.05387
2024-05-14 18:37:00,23.21136,23.35684,16.67752,23.29525,23.2776,21.12656,23.2958,23.05398
2024-05-14 18:42:00,23.21046,23.3574,17.30861,23.29939,23.2811,21.16553,23.29849,23.06244
2024-05-14 19:02:00,23.18509,23.33466,17.68596,23.28622,23.26022,20.40594,23.29349,23.03542
2024-05-14 19:07:00,23.18441,23.33358,16.97255,23.28491,23.259,20.97921,23.29008,23.03287
2024-05-14 19:12:00,23.18373,23.33496,16.9706,23.28485,23.25751,21.17455,23.29422,23.03491
2024-05-14 19:17:00,23.18605,23.32892,17.10608,23.2792,23.25378,21.12671,23.28565,23.02894
2024-05-14 19:22:00,23.1824,23.32747,17.05122,23.27103,23.2488,21.23553,23.27929,23.02389
2024-05-14 19:27:00,23.17601,23.32228,17.19784,23.26623,23.24518,21.11904,23.27636,23.02048
2024-05-14 19:32:00,23.17316,23.32176,16.84079,23.25998,23.23996,21.04287,23.27031,23.01485
2024-05-14 19:37:00,23.17259,23.31347,18.12301,23.25632,23.2363,21.14085,23.26576,23.01336
2024-05-14 19:42:00,23.16162,23.30254,18.2032,23.24742,23.22591,21.2434,23.26308,23.00705
2024-05-14 20:02:00,23.14108,23.29559,16.84891,23.2518,23.22507,20.26284,23.2608,22.9963
2024-05-14 20:07:00,23.13776,23.28441,16.68551,16.66659,23.21118,20.88592,23.25491,22.99036
2024-05-14 20:12:00,23.13793,23.28907,17.51167,23.23671,23.21138,21.11081,23.24994,22.98685
2024-05-14 20:17:00,23.13688,23.28345,16.98881,23.23188,23.20701,20.97178,23.24699,22.98526
2024-05-14 20:22:00,23.13707,23.28411,16.65353,23.22877,23.2067,21.07865,23.24115,22.98371
2024-05-14 20:27:00,23.13495,23.27346,17.04392,23.21524,23.19403,21.0389,23.2287,22.97146
2024-05-14 20:32:00,23.12885,23.27087,16.53302,23.20967,23.19082,21.02087,23.21863,22.96682
2024-05-14 20:37:00,23.12535,23.27188,16.54666,23.21321,23.19361,20.99558,23.22309,22.97106
2024-05-14 20:42:00,23.12601,23.27319,17.08707,23.21179,23.19523,20.95422,23.22333,22.97034
2024-05-14 21:02:00,23.10089,23.25732,17.2272,23.20535,23.18051,19.9512,23.21408,22.95444
2024-05-14 21:07:00,23.10203,23.25853,16.81839,23.20591,23.18154,20.89346,23.21415,22.95576
2024-05-14 21:12:00,23.10301,23.24473,16.78114,23.19081,23.16967,20.98233,23.20186,22.9439
2024-05-14 21:17:00,23.09713,23.24368,17.11321,23.18781,23.16422,20.94427,23.19821,22.94062
2024-05-14 21:22:00,23.09246,23.24253,16.71902,23.18605,23.16423,20.97829,23.19188,22.93808
2024-05-14 21:27:00,23.09115,23.24116,16.86037,23.18677,23.16442,21.01423,23.19752,22.94249
2024-05-14 21:32:00,23.08719,23.23364,16.89927,23.17969,23.16056,21.00695,23.18959,22.93665
2024-05-14 21:37:00,23.085,23.23919,17.22702,23.17939,23.1619,20.91957,23.18977,22.93584
2024-05-14 21:42:00,23.08162,23.23317,16.65289,23.17846,23.16138,20.98285,23.17955,22.93337
2024-05-14 22:02:00,23.06839,23.22473,17.80623,23.17535,23.15356,20.13399,23.17773,22.93282
2024-05-14 22:07:00,23.07094,23.21974,17.13814,23.17303,23.14932,20.80883,23.17778,22.92647
2024-05-14 22:12:00,23.0671,23.21264,17.19052,23.16026,23.13857,20.95914,23.16916,22.9203
2024-05-14 22:17:00,23.06681,23.21356,17.03303,23.159,23.13765,21.01684,23.16959,22.91625
2024-05-14 22:22:00,23.0719,23.21711,16.7452,23.15993,23.13961,21.01782,23.167,22.91664
2024-05-14 22:27:00,23.07028,23.2137,17.4421,23.15604,23.13862,20.95684,23.16439,22.91401
2024-05-14 22:32:00,23.0595,23.20165,17.11205,23.14322,23.1258,21.03544,23.15532,22.90416
2024-05-14 22:37:00,23.05969,23.20613,16.79969,23.1463,23.12849,21.09181,23.15783,22.9051
2024-05-14 22:42:00,23.06052,23.20695,17.29828,23.14604,23.12996,21.00675,23.15602,22.90465
2024-05-14 23:02:00,23.03391,23.18524,16.92709,23.13763,23.11084,20.29858,23.14362,22.8893
2024-05-14 23:07:00,23.0303,23.17502,17.38669,23.12565,23.10213,20.92104,23.13144,22.87755
2024-05-14 23:12:00,23.02607,23.17953,17.32989,23.12362,23.1014,21.04566,23.12824,22.87426
2024-05-14 23:17:00,23.03049,23.1811,16.6173,23.12493,23.10219,21.0542,23.13323,22.87709
2024-05-14 23:22:00,23.03047,23.17344,16.50069,23.11843,23.09842,21.02474,23.12762,22.87298
2024-05-14 23:27:00,23.02751,23.17521,16.97831,23.1153,23.09677,21.03148,23.1237,22.87184
2024-05-14 23:32:00,23.02436,23.16523,17.45408,23.10837,23.08982,20.91185,23.12014,22.86739
2024-05-14 23:37:00,23.02394,23.17084,16.67542,23.10909,23.09232,20.95488,23.11915,22.86681
2024-05-14 23:42:00,23.02671,23.17287,16.36919,23.11155,23.09481,20.9448,23.123,22.87009
2024-05-15 00:02:00,22.99203,23.14432,16.80902,23.09842,23.07327,20.04316,23.11829,22.84482
2024-05-15 00:07:00,22.99325,23.148,16.47756,23.09874,23.07355,20.83402,23.10885,22.84775
2024-05-15 00:12:00,23.00054,23.15715,17.08867,23.1037,23.07872,20.91963,23.11059,22.85392
2024-05-15 00:17:00,23.00068,23.1468,16.52027,23.09164,23.07222,20.92904,23.11066,22.85204
2024-05-15 00:22:00,22.99592,23.14412,16.44638,23.08908,23.06774,20.92963,23.09632,22.84398
2024-05-15 00:27:00,22.99478,23.14335,15.7552,23.08281,23.06608,20.96553,23.09156,22.84121
2024-05-15 00:32:00,22.9899,23.13806,15.79051,23.07544,23.06122,20.94133,23.08604,22.83728
2024-05-15 00:37:00,22.98355,23.13471,15.97457,23.07216,23.05705,20.92325,23.08253,22.83589
2024-05-15 00:42:00,22.98155,23.13425,16.36344,23.07208,23.05853,20.90782,23.07929,22.84008
2024-05-15 01:02:00,22.94717,23.11536,16.40124,23.06757,23.04486,20.01044,23.07755,22.82952
2024-05-15 01:07:00,22.94219,23.10461,16.37775,23.05726,23.03577,20.75579,23.06707,22.82137
2024-05-15 01:12:00,22.93869,23.09708,16.06305,23.05046,23.02599,20.97851,23.06384,22.81296
2024-05-15 01:17:00,22.94257,23.11111,16.4307,23.05203,23.03149,20.92942,23.06173,22.81293
2024-05-15 01:22:00,22.93354,23.09123,16.32199,23.03811,23.02038,20.93961,23.04607,22.80171
2024-05-15 01:27:00,22.94282,23.10524,16.46956,23.04155,23.0243,20.97472,23.04925,22.80331
2024-05-15 01:32:00,22.94117,23.09418,16.89713,23.03782,23.0202,20.85473,23.04815,22.80116
2024-05-15 01:37:00,22.93608,23.09053,17.69273,23.03308,23.01558,20.9218,23.0456,22.7966
2024-05-15 01:42:00,22.93613,23.08952,17.48934,23.02639,23.01053,21.00787,23.03873,22.79296
2024-05-15 02:02:00,22.90585,23.05597,17.71641,23.0163,22.99347,20.01926,23.02957,22.77345
2024-05-15 02:07:00,22.90821,23.07477,18.01423,23.02327,22.99731,20.75854,23.03179,22.77483
2024-05-15 02:12:00,22.92587,23.0881,16.3711,23.0329,23.01022,20.95432,23.03555,22.78322
2024-05-15 02:17:00,22.9233,23.0698,17.99338,23.01956,22.99943,20.94386,23.03038,22.77123
2024-05-15 02:22:00,22.8971,23.04455,20.23176,22.99122,22.97156,20.97858,23.00303,22.74655
2024-05-15 02:27:00,22.88456,23.03773,18.30124,22.97863,22.96065,20.83491,22.98588,22.73662
2024-05-15 02:32:00,22.89016,23.04706,19.26755,22.98652,22.96973,20.93795,22.98868,22.7424
2024-05-15 02:37:00,22.88874,23.0379,20.60675,22.98113,22.96384,21.02276,22.99121,22.73822
2024-05-15 02:42:00,22.88651,23.04682,18.14348,22.98218,22.9649,20.96938,22.99589,22.74283
2024-05-15 03:02:00,22.87802,23.04263,16.76825,22.99243,22.96939,20.10798,22.9938,22.73808
2024-05-15 03:07:00,22.87944,23.03197,16.70206,22.97918,22.95905,20.74672,22.9882,22.72942
2024-05-15 03:12:00,22.87744,23.03329,18.85891,22.97472,22.95453,20.87438,22.98134,22.72807
2024-05-15 03:17:00,22.8855,23.03935,17.76578,22.98099,22.9614,20.9017,22.98938,22.7372
2024-05-15 03:22:00,22.88148,23.02805,18.0071,22.97348,22.95469,20.89371,22.98423,22.73013
2024-05-15 03:27:00,22.87556,23.02171,17.88305,22.96354,22.94377,20.95391,22.97819,22.72323
2024-05-15 03:32:00,22.87565,23.01898,17.95736,22.96414,22.94464,20.90595,22.98061,22.72546
2024-05-15 03:37:00,22.86957,23.02025,16.9355,22.96198,22.94209,20.90877,22.97994,22.7236
2024-05-15 03:42:00,22.87442,23.01791,16.98419,22.95809,22.94088,21.1412,22.96342,22.7139
2024-05-15 04:02:00,22.83176,22.98898,17.17309,16.65985,22.90829,20.00442,22.94202,22.67937
2024-05-15 04:07:00,22.83243,22.98426,18.30199,22.93199,22.90951,20.9233,22.93823,22.6809
2024-05-15 04:12:00,22.82628,22.97776,18.96746,22.919,22.90049,21.04094,22.93282,22.67402
2024-05-15 04:17:00,22.82747,22.9749,17.93155,22.91549,22.89838,20.94141,22.92636,22.66908
2024-05-15 04:22:00,22.81979,22.96698,19.38786,22.86241,22.89037,21.32392,22.91817,22.66175
2024-05-15 04:27:00,22.81943,22.96499,18.88867,22.9074,22.88922,20.9038,22.91376,22.66001
2024-05-15 04:32:00,22.79949,22.94518,16.22826,22.88981,22.87164,21.06732,22.90068,22.64521
2024-05-15 04:37:00,22.79076,22.93752,16.51188,22.8796,22.86134,21.10263,22.89008,22.6369
2024-05-15 04:42:00,22.79125,22.93602,16.82722,21.92836,22.85518,21.01648,22.88682,22.62928
2024-05-15 05:02:00,22.78302,22.93594,16.27774,22.88904,22.8616,20.53469,22.90082,22.6356
2024-05-15 05:07:00,22.78691,22.93885,18.61541,22.88824,22.86447,20.75131,22.89694,22.63544
2024-05-15 05:12:00,22.78998,22.93933,16.59786,22.88618,22.86353,20.98204,22.89261,22.63422
2024-05-15 05:17:00,22.78713,22.93437,15.54525,22.87989,22.858,21.84724,22.88682,22.62698
2024-05-15 05:22:00,22.78701,22.93106,15.55113,22.8741,22.8543,20.99968,22.87963,22.62245
2024-05-15 05:27:00,22.78494,22.92864,15.87504,22.87057,22.85183,21.00087,22.87552,22.62131
2024-05-15 05:32:00,22.77966,22.92297,15.62009,22.86335,22.84597,20.99152,22.8686,22.61613
2024-05-15 05:37:00,22.77459,22.91843,16.90091,22.85789,22.84058,20.71417,22.8638,22.61018
2024-05-15 05:42:00,22.77427,22.91433,15.50755,22.85479,22.83818,20.96251,22.86382,22.60874
2024-05-15 06:02:00,22.74805,22.90048,16.37028,22.85208,22.82867,20.13063,22.85886,22.60017
2024-05-15 06:07:00,22.74747,22.89783,16.15599,22.84799,22.82556,20.76777,22.85563,22.59465
2024-05-15 06:12:00,22.74664,22.89419,16.48243,22.84185,22.81993,20.86039,22.84872,22.59151
2024-05-15 06:17:00,22.74132,22.89296,15.85621,22.84016,22.81851,20.80094,22.84561,22.5932
2024-05-15 06:22:00,22.74406,22.89636,16.0998,22.84001,22.82081,20.83959,22.84484,22.5914
2024-05-15 06:27:00,22.74193,22.88948,15.30175,22.83242,22.81373,20.88047,22.83638,22.58538
2024-05-15 06:32:00,22.73741,22.88986,15.55153,22.83516,22.81511,20.83661,22.83941,22.58984
2024-05-15 06:37:00,22.73492,22.8917,16.33092,22.83351,22.81586,20.77077,22.83706,22.59031
2024-05-15 06:42:00,22.7317,22.88223,15.98118,22.8273,22.80939,20.75532,22.83599,22.58399
2024-05-15 07:02:00,22.72049,22.87292,16.40549,22.83511,22.80951,19.83648,22.84219,22.57885
2024-05-15 07:07:00,22.71785,22.87239,16.35667,22.82576,22.80389,20.55326,22.83676,22.57306
2024-05-15 07:12:00,22.71614,22.8822,15.58546,22.82521,22.80592,20.70521,22.83073,22.57119
2024-05-15 07:17:00,22.72272,22.88385,16.03376,22.8297,22.80924,20.67698,22.83473,22.57875
2024-05-15 07:22:00,22.72829,22.88467,16.33152,22.83004,22.81208,20.67978,22.83209,22.58055
2024-05-15 07:27:00,22.7269,22.87855,15.90417,22.82576,22.80753,20.65206,22.83331,22.57845
2024-05-15 07:32:00,22.72271,22.8762,15.38719,22.82187,22.80427,20.67817,22.82994,22.57449
2024-05-15 07:37:00,22.72396,22.87977,16.03483,22.82116,22.80651,20.64905,22.82673,22.5739
2024-05-15 07:42:00,22.72507,22.87283,15.53743,22.81489,22.80094,20.67579,22.81996,22.56747
