Lat,Lon,Boya,Pixel
37.8118,-0.784483,1.2055,0.03345610304839081
37.760617,-0.8078,0.8549,0.01977329235523939
37.761783,-0.78355,0.8559,0.021561751193884347
37.748233,-0.749617,0.6627,0.018162233134110767
37.74045,-0.727117,0.415,0.026924038409358926
37.710417,-0.778383,0.2778,0.02163870001418723
37.718,-0.839783,1.1208,0.03235911267499129
37.694517,-0.8104,0.4573,0.028611400889025793
37.666817,-0.809683,0.145,0.030916962151726086
37.659833,-0.781967,0.2482,0.016049330071028736
37.6518,-0.728883,0.5752,0.02822277032666736
37.68735,-0.783783,0.1752,0.030906245733300846
37.8118,-0.784483,0.6388,0.016828901651832793
37.760617,-0.8078,0.9606,0.0
37.761783,-0.78355,0.905,0.016063533257693052
37.748233,-0.749617,0.5685,0.01823162124492228
37.74045,-0.727117,0.445,0.011385101229987211
37.710417,-0.778383,0.4183,0.015032986748135753
37.718,-0.839783,0.8986,0.0480633390446504
37.694517,-0.8104,0.6498,0.027583030983805656
37.666817,-0.809683,0.6111,0.022612405113048024
37.659833,-0.781967,0.4551,0.01662023448281818
37.6518,-0.728883,0.1782,0.0
37.68735,-0.783783,0.4792,0.020525769227080874
37.74045,-0.727117,0.22,0.02029106802203589
37.8118,-0.784483,0.2661,0.02329118994788991
37.760617,-0.8078,0.4463,0.020461275656190183
37.761783,-0.78355,0.339,0.012508598259753652
37.748233,-0.749617,0.2316,0.022302789406643972
37.74045,-0.727117,0.72,0.034540186118748456
37.710417,-0.778383,0.3462,0.01437018314997355
37.718,-0.839783,0.5733,0.025171579896575876
37.694517,-0.8104,0.5151,0.01892189888490571
37.666817,-0.809683,0.4193,0.023703908133837912
37.659833,-0.781967,0.5274,0.017057624749011464
37.6518,-0.728883,0.3112,0.022119025699794292
37.68735,-0.783783,0.6303,0.015287269165532457
37.8118,-0.784483,0.282,0.019195501614982884
37.760617,-0.8078,0.3873,0.02016561706033018
37.761783,-0.78355,0.3392,0.019409738894965913
37.748233,-0.749617,0.2881,0.018589309313231044
37.74045,-0.727117,0.15,0.02865211396581597
37.710417,-0.778383,0.3093,0.016609633651872475
37.718,-0.839783,0.5096,0.025028875097632408
37.694517,-0.8104,0.4459,0.012243146445446959
37.666817,-0.809683,0.4966,0.03278895519259903
37.659833,-0.781967,0.4527,0.01488371840160754
37.6518,-0.728883,0.3647,0.02478946393562688
37.68735,-0.783783,0.3692,0.026222956056396168
37.8118,-0.784483,0.3713,0.024091802537441254
37.760617,-0.8078,0.9685,0.023233417007658217
37.761783,-0.78355,1.0018,0.019541667024087574
37.748233,-0.749617,0.5543,0.021615082553277414
37.710417,-0.778383,0.3704,0.027538691750831075
37.718,-0.839783,1.2307,0.021664448289407626
37.694517,-0.8104,0.9973,0.028784476324088044
37.666817,-0.809683,1.3542,0.03497719992366102
37.659833,-0.781967,1.1665,0.025247821998265054
37.6518,-0.728883,0.5769,0.020534295692212053
37.68735,-0.783783,0.4939,0.02538071448604266
37.8118,-0.784483,13.3862,0.01747023459109995
37.760617,-0.8078,16.4526,0.020808511103192966
37.761783,-0.78355,14.8515,0.0130163355368293
37.748233,-0.749617,14.4718,0.009370361351304583
37.74045,-0.727117,7.145,9.194225357431505e-05
37.710417,-0.778383,18.1624,0.012839896914859613
37.718,-0.839783,17.2703,0.010835339263495471
37.694517,-0.8104,18.0257,0.016425790265202522
37.666817,-0.809683,16.6669,0.013939694087538455
37.659833,-0.781967,14.565,0.011327113749252425
37.6518,-0.728883,17.6161,0.017285997979342937
37.68735,-0.783783,17.7467,0.02067860019289785
37.74045,-0.727117,0.295,0.020279476884752512
37.74045,-0.727117,0.17,0.02687404863536358
37.8118,-0.784483,0.2386,0.032898670683304466
37.760617,-0.8078,0.3391,0.03340654344194465
37.761783,-0.78355,0.2347,0.03310428435603777
37.748233,-0.749617,0.1737,0.028799646844466526
37.710417,-0.778383,0.2924,0.03222865963147746
37.718,-0.839783,0.4127,0.040129206660721034
37.694517,-0.8104,0.3615,0.049927934176392026
37.666817,-0.809683,0.3693,0.03226260861588849
37.659833,-0.781967,0.347,0.029874145984649658
37.6518,-0.728883,0.3961,0.036172404057449765
37.68735,-0.783783,0.3276,0.037743393745687276
37.8118,-0.784483,0.3049,0.0
37.760617,-0.8078,0.328,0.008066458317140738
37.761783,-0.78355,0.2743,0.029995214194059372
37.748233,-0.749617,0.4799,0.03194906500478586
37.74045,-0.727117,0.585,0.0
37.710417,-0.778383,0.3113,0.000265228684939858
37.718,-0.839783,0.5216,0.005341140346394645
37.694517,-0.8104,0.4698,0.0
37.666817,-0.809683,0.528,0.0
37.659833,-0.781967,0.4646,0.0
37.6518,-0.728883,0.2801,0.0
37.68735,-0.783783,0.4333,0.0
37.8118,-0.784483,0.4446,0.009113738753108514
37.760617,-0.8078,0.3554,0.005584325020511945
37.761783,-0.78355,0.6864,0.016994643904682662
37.748233,-0.749617,0.7599,0.010409700399678614
37.74045,-0.727117,0.54,0.02313151438203123
37.710417,-0.778383,0.4897,0.012803906238534384
37.718,-0.839783,0.3541,0.01648880823308395
37.694517,-0.8104,0.3683,0.014050274156033993
37.666817,-0.809683,0.3683,0.012710490263998508
37.659833,-0.781967,0.5931,0.014490307101772891
37.6518,-0.728883,0.7277,0.0044382202516620355
37.68735,-0.783783,0.3675,0.009968900095878376
37.8118,-0.784483,0.1587,0.014105446610806717
37.760617,-0.8078,0.5263,0.03199644055631426
37.761783,-0.78355,1.051,0.01994819433376607
37.748233,-0.749617,1.427,0.0
37.74045,-0.727117,0.47,0.026216792460117076
37.710417,-0.778383,0.8915,0.033736942129002676
37.718,-0.839783,0.6328,0.030992278622256383
37.694517,-0.8104,0.3806,0.03442478573156728
37.666817,-0.809683,0.2742,0.02681017853319645
37.659833,-0.781967,0.3257,0.03053210944765144
37.6518,-0.728883,0.2891,0.021291619425432548
37.68735,-0.783783,0.4262,0.028062562665177718
37.8118,-0.784483,0.3492,0.013544448340932528
37.760617,-0.8078,1.2258,0.008003517623162933
37.761783,-0.78355,1.2824,0.01009095566243761
37.748233,-0.749617,1.5318,0.01641704633625017
37.74045,-0.727117,1.285,0.017886293431123097
37.710417,-0.778383,2.1163,0.00936205097888079
37.718,-0.839783,1.4272,0.028771895294388134
37.694517,-0.8104,1.6102,0.014275292089829842
37.666817,-0.809683,1.3295,0.01942370656049914
37.659833,-0.781967,1.1708,0.013135689465949932
37.6518,-0.728883,1.441,0.013576212390843365
37.68735,-0.783783,1.6781,0.010373829036123224
37.8118,-0.784483,0.293,0.012311465934746794
37.760617,-0.8078,0.3756,0.008127314866416983
37.761783,-0.78355,0.3101,0.01361439149412844
37.748233,-0.749617,0.3078,0.018341190181672573
37.74045,-0.727117,0.225,0.02431531074560351
37.710417,-0.778383,0.414,0.00921187311824825
37.718,-0.839783,0.6773,0.022781999574767217
37.694517,-0.8104,0.452,0.013061271359523138
37.666817,-0.809683,0.5787,0.030853355303406715
37.659833,-0.781967,0.5945,0.016249729475627344
37.6518,-0.728883,0.5976,0.012066852973981036
37.68735,-0.783783,0.4883,0.010628739992777506
37.8118,-0.784483,0.4078,0.011834526589761177
37.760617,-0.8078,0.2242,0.013765572466784053
37.761783,-0.78355,0.5185,0.0105166875032915
37.748233,-0.749617,0.4291,0.01640659490496748
37.74045,-0.727117,0.49,0.025091658760276105
37.710417,-0.778383,0.1727,0.012636033171373937
37.718,-0.839783,0.2319,0.007785715964726276
37.694517,-0.8104,0.3465,0.02330351910657353
37.666817,-0.809683,0.1184,0.024399218046002917
37.659833,-0.781967,0.3546,0.008679127217166953
37.6518,-0.728883,0.407,0.014308938601364693
37.68735,-0.783783,0.5772,0.013763079781913094
37.8118,-0.784483,1.0901,0.012739191556142436
37.760617,-0.8078,3.1395,0.013076237868517637
37.761783,-0.78355,2.3981,0.01721097394410107
37.748233,-0.749617,1.2203,0.013605693355202675
37.74045,-0.727117,0.275,0.017600858118385077
37.710417,-0.778383,3.0083,0.012563213499055969
37.718,-0.839783,4.4914,0.021115946686930127
37.694517,-0.8104,3.9547,0.0
37.666817,-0.809683,4.0504,0.014313204834858576
37.659833,-0.781967,3.2087,0.009973193829258284
37.6518,-0.728883,1.8089,0.007458260334614251
37.68735,-0.783783,3.1727,0.013552821862200895
37.8118,-0.784483,0.592,0.022906596151491005
37.760617,-0.8078,0.6949,0.019580078932146232
37.761783,-0.78355,0.5961,0.023905756572882336
37.748233,-0.749617,0.4189,0.016685382825218968
37.74045,-0.727117,0.215,0.03341409439841906
37.710417,-0.778383,0.3213,0.02147478848281834
37.718,-0.839783,0.5982,0.02552669019334846
37.694517,-0.8104,0.4286,0.04622619888848729
37.666817,-0.809683,0.3998,0.02222385122958157
37.659833,-0.781967,0.3193,0.02154463457150592
37.6518,-0.728883,0.247,0.02615108775595824
37.68735,-0.783783,0.3207,0.019567516321937244
37.8118,-0.784483,0.5488,0.026660799876683287
37.760617,-0.8078,0.5796,0.015036079954976836
37.761783,-0.78355,0.8339,0.004634574818838801
37.748233,-0.749617,0.9213,0.013536219485104084
37.74045,-0.727117,1.085,0.02527893293235037
37.710417,-0.778383,1.2034,0.013541546598490741
37.718,-0.839783,1.4184,0.017827007428018585
37.694517,-0.8104,1.686,0.017109332140535116
37.666817,-0.809683,1.8337,0.025869805779722
37.659833,-0.781967,1.561,0.013027165524868501
37.6518,-0.728883,0.4611,0.01527250120933685
37.68735,-0.783783,1.8445,0.00951978716895812
37.8118,-0.784483,0.1939,0.015564691585799059
37.760617,-0.8078,0.224,0.013404627537561787
37.761783,-0.78355,0.2098,0.019713647042711575
37.748233,-0.749617,0.1827,0.029765122052696016
37.74045,-0.727117,0.17,0.02767531170199315
37.710417,-0.778383,0.2546,0.017367587114373844
37.718,-0.839783,0.2555,0.02448339408470525
37.694517,-0.8104,0.2812,0.02466452121734619
37.666817,-0.809683,0.4948,0.026748012544380292
37.659833,-0.781967,0.5816,0.02353342343121767
37.6518,-0.728883,0.3994,0.026976281570063695
37.68735,-0.783783,0.3736,0.03169073764648703
37.8118,-0.784483,0.2716,0.028189903539088037
37.760617,-0.8078,0.4676,0.01362399615593151
37.761783,-0.78355,0.1566,0.03042602828807301
37.748233,-0.749617,0.3676,0.02542527997866273
37.74045,-0.727117,0.37,0.027692602559303243
37.710417,-0.778383,0.409,0.020393337019615702
37.718,-0.839783,0.3016,0.028773923197554216
37.694517,-0.8104,0.4096,0.02912427547077338
37.666817,-0.809683,0.13,0.03194140291048421
37.659833,-0.781967,0.6654,0.0291025224659178
37.6518,-0.728883,0.3731,0.025780860231154494
37.68735,-0.783783,0.6138,0.026076762316127617
37.8118,-0.784483,0.3444,0.01725945435464382
37.760617,-0.8078,0.2308,0.022286020633247163
37.761783,-0.78355,0.3324,0.02226191158923838
37.748233,-0.749617,0.6433,0.020658047300659947
37.74045,-0.727117,0.525,0.025743718155556254
37.710417,-0.778383,0.9667,0.016762289839486282
37.718,-0.839783,0.2976,0.024573089244465034
37.694517,-0.8104,0.7369,0.0236445844380392
37.666817,-0.809683,0.1337,0.02716001785463757
37.659833,-0.781967,0.5954,0.01907152361753914
37.6518,-0.728883,0.6023,0.018316831957134936
37.68735,-0.783783,0.9072,0.017336460244324472
37.8118,-0.784483,0.3467,0.008926024091326527
37.760617,-0.8078,0.3056,0.007729328651395109
37.761783,-0.78355,0.2714,0.010215975318310989
37.748233,-0.749617,0.1907,0.01413201561404599
37.74045,-0.727117,0.11,0.029266442482670147
37.710417,-0.778383,0.1859,0.010142474124828974
37.718,-0.839783,0.2827,0.041960840216941304
37.694517,-0.8104,0.2116,0.021653435089521937
37.666817,-0.809683,0.1739,0.0200977029485835
37.659833,-0.781967,0.1284,0.011006358415923186
37.6518,-0.728883,0.0443,0.015829408437841468
37.68735,-0.783783,0.1632,0.02041970095079806
37.8118,-0.784483,0.5227,0.011034719749457307
37.760617,-0.8078,0.432,0.009958367717141906
37.761783,-0.78355,0.4284,0.0070393306151446365
37.748233,-0.749617,0.3749,0.012071147716293732
37.74045,-0.727117,0.11,0.02757689082581136
37.710417,-0.778383,0.2623,0.02054280239260859
37.718,-0.839783,0.4821,0.04277795097894139
37.694517,-0.8104,0.2642,0.017229231384893257
37.666817,-0.809683,0.3221,0.024608411101831332
37.659833,-0.781967,0.3226,0.0164021800737828
37.6518,-0.728883,0.3285,0.010331634587297836
37.68735,-0.783783,0.2577,0.01426490204822686
37.8118,-0.784483,0.5644,0.022622647591763072
37.760617,-0.8078,0.4079,0.020116614488263924
37.761783,-0.78355,0.4446,0.03129740576777193
37.748233,-0.749617,0.3627,0.018314540489680238
37.74045,-0.727117,0.31,0.014966459000586636
37.710417,-0.778383,0.4019,0.0
37.718,-0.839783,0.3325,0.015759476719217166
37.694517,-0.8104,0.5209,0.03765859206517538
37.666817,-0.809683,0.092,0.029839049817787275
37.659833,-0.781967,0.4952,0.027214236971404817
37.6518,-0.728883,0.5495,0.0
37.68735,-0.783783,0.5229,0.028475891177852947
37.74045,-0.727117,0.275,0.024636100460257795
37.8118,-0.784483,0.3571,0.020460278830594487
37.760617,-0.8078,2.3043,0.017457319061375327
37.761783,-0.78355,2.5614,0.016477543239792187
37.748233,-0.749617,2.5976,0.02017075051036146
37.74045,-0.727117,0.53,0.01788806692800588
37.710417,-0.778383,2.7288,0.010767270086540116
37.718,-0.839783,1.8432,0.014315259435938464
37.694517,-0.8104,1.7005,0.013113271858957078
37.666817,-0.809683,0.7968,0.018985052696532674
37.659833,-0.781967,1.8748,0.020820690422422357
37.6518,-0.728883,1.0035,0.01846812168757121
37.68735,-0.783783,2.278,0.013749339152127504
37.8118,-0.784483,0.6576,0.013465496504472362
37.760617,-0.8078,0.947,0.010207573676274883
37.761783,-0.78355,0.9444,0.016656583899425134
37.748233,-0.749617,0.9961,0.014469876807803908
37.710417,-0.778383,1.5416,0.01148625884929465
37.718,-0.839783,1.5136,0.044392025305165186
37.694517,-0.8104,1.7229,0.009354456819386946
37.666817,-0.809683,1.6724,0.01707224439208706
37.659833,-0.781967,1.4288,0.018318778938717313
37.6518,-0.728883,0.8263,0.019137449484939378
37.68735,-0.783783,1.5926,0.014351909902567664
37.8118,-0.784483,1.2762,0.0
37.760617,-0.8078,1.3604,0.0005928287120898151
37.761783,-0.78355,1.079,0.0
37.748233,-0.749617,0.7239,0.0011708637919380432
37.74045,-0.727117,0.325,0.008135692863207724
37.710417,-0.778383,0.8145,0.0
37.718,-0.839783,1.6183,0.0
37.694517,-0.8104,1.033,0.0
37.666817,-0.809683,0.9861,0.0
37.659833,-0.781967,0.8029,0.0
37.6518,-0.728883,0.5879,0.0
37.68735,-0.783783,0.8198,0.0
37.8118,-0.784483,0.4374,0.011809803338514434
37.760617,-0.8078,0.5422,0.004915640986938443
37.761783,-0.78355,0.5865,0.009785975342512958
37.748233,-0.749617,0.8584,0.013384289832578765
37.74045,-0.727117,0.355,0.0216019203265508
37.710417,-0.778383,0.7756,0.013105025721920861
37.718,-0.839783,0.7151,0.017295804029951494
37.694517,-0.8104,0.8103,0.013270966294738982
37.666817,-0.809683,0.9191,0.017044923423479002
37.659833,-0.781967,0.8902,0.01764988283523255
37.6518,-0.728883,0.702,0.018641856395535998
37.68735,-0.783783,0.8159,0.011944044898781512
37.8118,-0.784483,1.1678,0.024204280123942427
37.760617,-0.8078,1.0683,0.0146754859532747
37.761783,-0.78355,0.9882,0.01870297821652558
37.748233,-0.749617,0.1735,0.018054360523819923
37.74045,-0.727117,0.3,0.02063341625034809
37.710417,-0.778383,0.8578,0.023492501841651067
37.718,-0.839783,1.0861,0.03430534733666314
37.694517,-0.8104,0.6625,0.022231438507636387
37.666817,-0.809683,0.2228,0.02847812593811088
37.659833,-0.781967,0.8262,0.029578193090856075
37.6518,-0.728883,0.9743,0.029024715431862406
37.68735,-0.783783,0.6789,0.02583780253512992
37.8118,-0.784483,0.1458,0.024378315028217103
37.760617,-0.8078,0.1603,0.025289005496435694
37.761783,-0.78355,0.9888,0.01309028291143477
37.748233,-0.749617,1.8043,0.02004129946645763
37.74045,-0.727117,0.84,0.024705527557267085
37.710417,-0.778383,3.7031,0.017005286282963224
37.718,-0.839783,2.584,0.02294172305199835
37.694517,-0.8104,2.5689,0.013493627775460482
37.666817,-0.809683,1.4754,0.024299790875779256
37.659833,-0.781967,0.5659,0.015682167580558196
37.6518,-0.728883,0.8689,0.023213905178838305
37.68735,-0.783783,2.8386,0.008770868130442169
37.8118,-0.784483,1.2201,0.014241203407032622
37.760617,-0.8078,1.9654,0.01242362815214114
37.761783,-0.78355,1.9562,0.012347962345100112
37.748233,-0.749617,2.0284,0.017929431206236284
37.74045,-0.727117,0.415,0.016908547116650477
37.710417,-0.778383,2.5606,0.012730854822115766
37.718,-0.839783,4.1182,0.02338033417860667
37.694517,-0.8104,2.5713,0.012112718489434984
37.666817,-0.809683,2.283,0.01674830023613241
37.659833,-0.781967,3.021,0.013510075449529622
37.6518,-0.728883,3.5136,0.007290399348777201
37.68735,-0.783783,2.5403,0.01013052543728716
37.8118,-0.784483,0.6798,0.02030882715351052
37.760617,-0.8078,0.9229,0.018452473346971802
37.761783,-0.78355,1.6864,0.015840577685998544
37.748233,-0.749617,1.9823,0.01687556246502532
37.74045,-0.727117,1.71,0.026690240690691605
37.710417,-0.778383,1.1635,0.020857299988468487
37.718,-0.839783,0.7905,0.032517274013823934
37.694517,-0.8104,1.0737,0.026356463010112446
37.666817,-0.809683,1.2234,0.024963859261737928
37.659833,-0.781967,1.2338,0.020241995962957542
37.6518,-0.728883,0.6441,0.018261986939857405
37.68735,-0.783783,1.0968,0.023409891770117812
37.74045,-0.727117,0.87,0.01598649834179216
37.8118,-0.784483,0.2406,0.014437702872479955
37.760617,-0.8078,0.489,0.010768527889417278
37.761783,-0.78355,0.3895,0.011676598547233475
37.748233,-0.749617,0.2516,0.016933982085902244
37.74045,-0.727117,0.215,0.024274466559290886
37.710417,-0.778383,0.4122,0.002127985945359493
37.718,-0.839783,0.697,0.020602787844836712
37.694517,-0.8104,0.657,0.006436361795446525
37.666817,-0.809683,0.5677,0.022887053795986705
37.659833,-0.781967,0.3918,0.0002089327964414325
37.6518,-0.728883,0.2203,0.022239856680648193
37.68735,-0.783783,0.5538,0.0035968817537650466
37.8118,-0.784483,0.9452,0.011977343664815029
37.760617,-0.8078,0.9442,0.014535497149659527
37.761783,-0.78355,0.9192,0.008104614991073808
37.748233,-0.749617,0.8559,0.013947089306182332
37.74045,-0.727117,0.29,0.04277554733885659
37.710417,-0.778383,0.8435,0.012384595918572612
37.718,-0.839783,0.9212,0.020135884690615866
37.694517,-0.8104,0.8697,0.01657637943410211
37.666817,-0.809683,0.7375,0.024984703813162114
37.659833,-0.781967,0.873,0.01562526193447411
37.6518,-0.728883,0.851,0.011368166318991117
37.68735,-0.783783,0.8229,0.007720857211906049
37.8118,-0.784483,0.3136,0.01380924466583464
37.760617,-0.8078,0.2491,0.015035862827466594
37.761783,-0.78355,0.3375,0.011729125140441788
37.748233,-0.749617,0.189,0.017560480265981622
37.74045,-0.727117,0.29,0.02093740976932976
37.710417,-0.778383,0.2664,0.01576750673767593
37.718,-0.839783,0.1206,0.020311095648341708
37.694517,-0.8104,0.3591,0.02077679398159186
37.666817,-0.809683,0.0826,0.023794913871420756
37.659833,-0.781967,0.3444,0.01626487635076046
37.6518,-0.728883,0.3727,0.018656277201241918
37.68735,-0.783783,0.3484,0.015523547824058268
37.8118,-0.784483,5.9883,0.020690778063403234
37.760617,-0.8078,19.7821,0.0020999727162739467
37.761783,-0.78355,7.4912,0.00798052728512428
37.748233,-0.749617,1.1456,0.0
37.74045,-0.727117,1.15,0.0242879804637697
37.710417,-0.778383,15.5208,0.0
37.718,-0.839783,11.3623,0.02459409160332547
37.694517,-0.8104,18.3286,0.0
37.666817,-0.809683,13.4759,0.01736745114127795
37.659833,-0.781967,11.346,0.006032661508975757
37.6518,-0.728883,8.0193,0.019806916411552165
37.68735,-0.783783,17.0998,0.0
37.8118,-0.784483,0.3116,0.007181184890214354
37.760617,-0.8078,1.1628,0.0
37.761783,-0.78355,0.7534,0.0
37.748233,-0.749617,0.5489,0.027383108312884968
37.74045,-0.727117,0.41,0.03509185649454594
37.710417,-0.778383,0.6753,0.0
37.718,-0.839783,1.2238,0.0
37.694517,-0.8104,0.5518,0.0006425216367157797
37.666817,-0.809683,0.1154,0.0
37.659833,-0.781967,0.5026,0.0
37.6518,-0.728883,0.6139,0.022036325600412156
37.68735,-0.783783,0.7138,0.0
37.8118,-0.784483,0.249,0.018994161290013127
37.760617,-0.8078,0.3891,0.02081989652166764
37.761783,-0.78355,0.3907,0.02374343718919489
37.748233,-0.749617,0.3806,0.02510608272213075
37.74045,-0.727117,0.19,0.031012995582487848
37.710417,-0.778383,0.4878,0.022275151684880257
37.718,-0.839783,0.4338,0.0351181301391787
37.694517,-0.8104,0.5202,0.027179529062575765
37.666817,-0.809683,0.5263,0.027215505225790873
37.659833,-0.781967,0.4958,0.020668652632998094
37.6518,-0.728883,0.5046,0.01635128867605494
37.68735,-0.783783,0.507,0.03586977389123705
37.8118,-0.784483,0.2175,0.008971990137878392
37.760617,-0.8078,0.2612,0.016399133976341948
37.761783,-0.78355,0.289,0.013083879835903645
37.748233,-0.749617,0.3219,0.03631091035074658
37.74045,-0.727117,0.24,0.04506605056424936
37.710417,-0.778383,0.3745,0.015270612461285459
37.718,-0.839783,0.2053,0.04089713220794996
37.694517,-0.8104,0.3759,0.048829281909598246
37.666817,-0.809683,0.2147,0.027115859298242465
37.659833,-0.781967,0.1073,0.016237985756662156
37.6518,-0.728883,0.206,0.024971458440025646
37.68735,-0.783783,0.2733,0.017431265053649742
37.8118,-0.784483,0.4307,0.009682401820706824
37.760617,-0.8078,0.5751,0.017622629490991432
37.761783,-0.78355,0.3669,0.018138998188078403
37.748233,-0.749617,0.3287,0.023649206902417872
37.710417,-0.778383,0.3468,0.019950019506116707
37.718,-0.839783,0.9496,0.04885680435432328
37.694517,-0.8104,0.5869,0.028209349864886865
37.666817,-0.809683,0.5747,0.02270131703052256
37.659833,-0.781967,0.3922,0.010087246023532417
37.6518,-0.728883,0.3048,0.02274762632118331
37.68735,-0.783783,0.3379,0.013802422184704078
37.8118,-0.784483,0.4996,0.01955536815027396
37.760617,-0.8078,0.7165,0.01708468181701998
37.761783,-0.78355,0.6181,0.022797184582385752
37.748233,-0.749617,0.412,0.02654464625649982
37.74045,-0.727117,0.265,0.032103676762845784
37.710417,-0.778383,0.4848,0.01135407890089684
37.718,-0.839783,0.8375,0.017253117584105995
37.694517,-0.8104,0.6909,0.01644485578354862
37.666817,-0.809683,0.6811,0.03409359542032083
37.659833,-0.781967,0.5301,0.013099969002521701
37.6518,-0.728883,0.2963,0.02332336652196116
37.68735,-0.783783,0.5371,0.012868669737751285
37.8118,-0.784483,0.5122,0.016221838718694117
37.760617,-0.8078,0.5131,0.014402079913351271
37.761783,-0.78355,0.5568,0.018722887228553493
37.748233,-0.749617,0.607,0.020746281939662166
37.74045,-0.727117,0.905,0.031133920782142215
37.710417,-0.778383,0.7597,0.01399700423806078
37.718,-0.839783,0.4812,0.01949564026047786
37.694517,-0.8104,0.6655,0.012986810257037481
37.666817,-0.809683,0.7222,0.020783379673957825
37.659833,-0.781967,0.947,0.012342859279467829
37.6518,-0.728883,0.9501,0.0177620278360943
37.68735,-0.783783,0.8139,0.015464059251826257
37.8118,-0.784483,0.2703,0.022176876095020108
37.760617,-0.8078,0.2022,0.022352850375076134
37.761783,-0.78355,0.1914,0.025044061450494662
37.748233,-0.749617,0.1087,0.01664949270586173
37.74045,-0.727117,0.02,0.027821680220464867
37.710417,-0.778383,0.0362,0.028380863989392918
37.718,-0.839783,0.088,0.022539866777757805
37.694517,-0.8104,0.069,0.018092752796494298
37.666817,-0.809683,0.1756,0.03678912379675441
37.659833,-0.781967,0.0624,0.019039145567350917
37.6518,-0.728883,0.0528,0.01916253214908971
37.68735,-0.783783,0.0111,0.029982992137471836
37.8118,-0.784483,0.3673,0.015098535869684484
37.760617,-0.8078,0.3667,0.02385050684420599
37.761783,-0.78355,0.2618,0.025043284106585715
37.748233,-0.749617,0.2453,0.02645000246249967
37.710417,-0.778383,0.2693,0.026856382998327415
37.718,-0.839783,0.5138,0.0344402850088146
37.694517,-0.8104,0.4001,0.043377258711391024
37.666817,-0.809683,0.4172,0.025435487739741802
37.659833,-0.781967,0.3233,0.02337612035787768
37.6518,-0.728883,0.1581,0.0160459039422373
37.68735,-0.783783,0.3041,0.015109230867690511
37.8118,-0.784483,0.803,0.024201357840663858
37.760617,-0.8078,0.914,0.021688972961985402
37.761783,-0.78355,1.169,0.0156391817662451
37.748233,-0.749617,0.686,0.016276857763942745
37.74045,-0.727117,0.145,0.03058997645146317
37.710417,-0.778383,1.0096,0.01939185181011756
37.718,-0.839783,0.9959,0.013049065445860228
37.694517,-0.8104,0.9318,0.01817624746925301
37.666817,-0.809683,0.774,0.028406824088758893
37.659833,-0.781967,0.7283,0.018306461421565876
37.6518,-0.728883,0.5568,0.013076448062848713
37.68735,-0.783783,0.8697,0.023507663669685524
37.8118,-0.784483,0.5861,0.0
37.760617,-0.8078,0.7255,0.0
37.761783,-0.78355,0.4966,0.0
37.748233,-0.749617,0.3365,0.00899059185758233
37.74045,-0.727117,0.22,0.0027976739479021896
37.710417,-0.778383,0.6885,0.032676446355051465
37.718,-0.839783,1.1746,0.0
37.694517,-0.8104,1.048,0.0
37.666817,-0.809683,1.0894,0.023648320283326838
37.659833,-0.781967,0.9067,0.023321659200721316
37.6518,-0.728883,0.9208,0.01654509486009677
37.68735,-0.783783,0.8184,0.0215458610198564
37.8118,-0.784483,0.8121,0.0261244871136215
37.760617,-0.8078,0.8053,0.01990510957936446
37.761783,-0.78355,5.587,0.015020870086219575
37.748233,-0.749617,0.8644,0.009765419151840938
37.74045,-0.727117,1.22,0.018023290102266602
37.710417,-0.778383,2.2266,0.0036341665545478463
37.718,-0.839783,0.4792,0.020308188266224332
37.694517,-0.8104,1.4061,0.009637763348615004
37.666817,-0.809683,0.89,0.018021753678719204
37.659833,-0.781967,0.7618,0.008545304661513202
37.6518,-0.728883,0.7462,0.0
37.68735,-0.783783,2.0619,0.008560885313070483
37.8118,-0.784483,0.549,0.02764005379544364
37.760617,-0.8078,0.4413,0.022668562829494476
37.761783,-0.78355,0.6173,0.023422644680572882
37.748233,-0.749617,0.6288,0.024220547535353236
37.74045,-0.727117,0.265,0.02890830197268062
37.710417,-0.778383,0.2688,0.023283248560296163
37.718,-0.839783,0.9673,0.03408314432534906
37.694517,-0.8104,0.4471,0.027474779532187514
37.666817,-0.809683,0.1151,0.03229729479385747
37.659833,-0.781967,0.3996,0.02736475318670273
37.6518,-0.728883,0.5361,0.017890495067048404
37.68735,-0.783783,0.3835,0.034962845138377614
37.8118,-0.784483,0.4114,0.0
37.760617,-0.8078,0.2577,0.0
37.761783,-0.78355,0.2379,0.0
37.748233,-0.749617,0.3017,0.0
37.74045,-0.727117,0.445,0.00019401941810631089
37.710417,-0.778383,0.2417,0.0
37.718,-0.839783,0.3059,0.0
37.694517,-0.8104,0.2601,0.004990930791892525
37.666817,-0.809683,0.2412,0.028600558017690975
37.659833,-0.781967,0.2273,0.014119617330531279
37.6518,-0.728883,0.3425,0.010913303018444113
37.68735,-0.783783,0.2433,0.006567427785032325
37.8118,-0.784483,3.3428,0.03163583286934429
37.760617,-0.8078,2.9746,0.011940397632618746
37.761783,-0.78355,2.7189,0.006785321178742581
37.748233,-0.749617,2.038,0.009389517815887101
37.74045,-0.727117,2.185,0.007034412274758021
37.710417,-0.778383,2.3446,0.006993630073136753
37.718,-0.839783,3.4173,0.012309729276845852
37.694517,-0.8104,2.323,0.008205809733933873
37.666817,-0.809683,2.4923,0.01110820523980591
37.659833,-0.781967,2.83,0.004905746020894084
37.6518,-0.728883,2.5271,0.011517803909050094
37.68735,-0.783783,2.1057,0.005010462573005093
37.8118,-0.784483,1.3965,0.02030179587503274
37.760617,-0.8078,1.5398,0.0
37.761783,-0.78355,1.8764,0.0
37.748233,-0.749617,1.7277,0.0
37.74045,-0.727117,0.965,0.0
37.710417,-0.778383,2.3476,0.0
37.718,-0.839783,1.9418,0.0
37.694517,-0.8104,2.3132,0.0
37.666817,-0.809683,2.0554,0.0
37.659833,-0.781967,1.8967,0.0
37.6518,-0.728883,0.7063,0.0
37.68735,-0.783783,2.5987,0.0
37.8118,-0.784483,0.1892,0.025123056955635548
37.760617,-0.8078,0.3196,0.01895608494265212
37.761783,-0.78355,0.1899,0.024527056297908228
37.748233,-0.749617,0.0865,0.020743047404620383
37.710417,-0.778383,0.2519,0.026181192551222112
37.718,-0.839783,0.579,0.03691161858538786
37.694517,-0.8104,0.4143,0.028582203822831314
37.666817,-0.809683,0.4971,0.02599947527050972
37.659833,-0.781967,0.4272,0.02099914381849683
37.6518,-0.728883,0.2816,0.02682817096097602
37.68735,-0.783783,0.3364,0.024128530071013503
37.8118,-0.784483,0.1103,0.0
37.760617,-0.8078,0.3987,0.02884097004102336
37.761783,-0.78355,0.3651,0.02481614239513874
37.748233,-0.749617,0.3295,0.02861418968273534
37.74045,-0.727117,0.225,0.03201021481719282
37.710417,-0.778383,0.6572,0.027010597055777907
37.718,-0.839783,0.5106,0.02850723649478621
37.694517,-0.8104,0.5678,0.03067575591719813
37.666817,-0.809683,0.5289,0.022811960325472884
37.659833,-0.781967,0.5258,0.023294486829804048
37.6518,-0.728883,0.4466,0.02860244611899058
37.68735,-0.783783,0.6122,0.023231589338845678
37.8118,-0.784483,0.2935,0.020883275402916804
37.760617,-0.8078,0.3037,0.019654130873580773
37.761783,-0.78355,0.3208,0.02044727477348513
37.748233,-0.749617,0.283,0.016589234479599528
37.74045,-0.727117,0.315,0.019923053371409576
37.710417,-0.778383,0.4528,0.020828111200696893
37.718,-0.839783,0.4142,0.024081377622981865
37.694517,-0.8104,0.5064,0.002917925730192413
37.666817,-0.809683,0.0949,0.02632924210694101
37.659833,-0.781967,0.6405,0.01888986790759696
37.6518,-0.728883,0.4448,0.025349581717616983
37.68735,-0.783783,0.4247,0.023454528715875413
37.8118,-0.784483,0.2015,0.0310739456779427
37.760617,-0.8078,0.3568,0.02087719039991498
37.761783,-0.78355,0.304,0.029913284298446443
37.748233,-0.749617,0.281,0.03118047397583723
37.74045,-0.727117,0.145,0.029204172392686207
37.710417,-0.778383,0.418,0.020443537789914343
37.718,-0.839783,0.5489,0.0408711222310861
37.694517,-0.8104,0.5639,0.03260438247687287
37.666817,-0.809683,0.6209,0.036934581067827016
37.659833,-0.781967,0.6082,0.024205062641865678
37.6518,-0.728883,0.6607,0.033596389616529145
37.68735,-0.783783,0.5172,0.027681579813361168
37.8118,-0.784483,0.3045,0.026874044703112707
37.760617,-0.8078,0.3215,0.018337209864209097
37.761783,-0.78355,0.375,0.02144077192578051
37.748233,-0.749617,0.2962,0.01730359588853187
37.74045,-0.727117,0.23,0.030109566118982103
37.710417,-0.778383,0.3746,0.01703134580101404
37.718,-0.839783,0.4647,0.04146643645233578
37.694517,-0.8104,0.4753,0.029720415878627036
37.666817,-0.809683,0.4839,0.025669531068868108
37.659833,-0.781967,0.4789,0.02223150111320946
37.6518,-0.728883,0.4326,0.014581756899133325
37.68735,-0.783783,0.428,0.0256564494015442
37.8118,-0.784483,0.5232,0.013695586731450425
37.760617,-0.8078,0.3654,0.007741494569927454
37.761783,-0.78355,0.3554,0.014532520487490628
37.748233,-0.749617,0.3114,0.004735281768565376
37.74045,-0.727117,0.24,0.008647837055226168
37.710417,-0.778383,0.2883,0.015709485263667174
37.718,-0.839783,0.295,0.04447868466377258
37.694517,-0.8104,0.3044,0.03372903892563449
37.666817,-0.809683,0.2719,0.016146999266412523
37.659833,-0.781967,0.2593,0.010593618059323894
37.6518,-0.728883,0.1845,0.012383699158413542
37.68735,-0.783783,0.3284,0.02096260380413797
37.8118,-0.784483,2.3884,0.022096226198805705
37.760617,-0.8078,0.45,0.032468542663587466
37.761783,-0.78355,0.2398,0.02114627142954204
37.748233,-0.749617,0.1577,0.011752997809607122
37.74045,-0.727117,0.655,0.0
37.710417,-0.778383,0.2247,0.023278591947423086
37.718,-0.839783,0.6136,0.04884110680884785
37.694517,-0.8104,0.5915,0.050449152373605304
37.666817,-0.809683,0.2602,0.031126630595988698
37.659833,-0.781967,0.5179,0.024737113983266883
37.6518,-0.728883,0.618,0.029566407307154603
37.68735,-0.783783,0.5555,0.028805440291762352
37.8118,-0.784483,0.3283,0.007546672228878985
37.760617,-0.8078,0.3456,0.019615752454329696
37.761783,-0.78355,0.3562,0.018100874912407663
37.748233,-0.749617,0.2563,0.04045094259911113
37.74045,-0.727117,0.29,0.04819177505042818
37.710417,-0.778383,0.2207,0.018031557814942464
37.718,-0.839783,0.265,0.033439290813273854
37.694517,-0.8104,0.2132,0.0518793947994709
37.666817,-0.809683,0.172,0.024823888515432675
37.659833,-0.781967,0.1557,0.027098554290003248
37.6518,-0.728883,0.1492,0.030693579672111407
37.68735,-0.783783,0.186,0.022961041579643886
37.8118,-0.784483,0.1698,0.022421744962533314
37.760617,-0.8078,0.2005,0.03193758117655913
37.761783,-0.78355,0.1575,0.020380579866468906
37.748233,-0.749617,0.0496,0.011715503196076801
37.74045,-0.727117,0.035,0.031940518154038325
37.710417,-0.778383,0.3195,0.020525971324079566
37.718,-0.839783,0.0452,0.01688611910988887
37.694517,-0.8104,0.3058,0.028018435877230432
37.666817,-0.809683,0.0,0.03849778282973501
37.659833,-0.781967,0.3488,0.024608256709244516
37.6518,-0.728883,0.295,0.02576327810270919
37.68735,-0.783783,0.2921,0.026669843329323664
37.8118,-0.784483,0.7706,0.008222488091430731
37.760617,-0.8078,0.8256,0.007876019252257215
37.761783,-0.78355,0.8716,0.003261108339453737
37.748233,-0.749617,0.7776,0.013796686867458953
37.74045,-0.727117,0.515,0.029030522745516565
37.710417,-0.778383,0.7732,0.011022196306536594
37.718,-0.839783,0.7184,0.0407745691223277
37.694517,-0.8104,0.7638,0.02488611690286133
37.666817,-0.809683,0.5911,0.01867192414485746
37.659833,-0.781967,0.5396,0.009993190592568781
37.6518,-0.728883,0.3811,0.01745297180281745
37.68735,-0.783783,0.6841,0.009423993579629395
37.8118,-0.784483,0.2688,0.0
37.760617,-0.8078,0.3787,0.017471586767998006
37.761783,-0.78355,0.321,0.019710204253594082
37.748233,-0.749617,0.2926,0.021972311867607966
37.710417,-0.778383,0.3644,0.014451061944580741
37.718,-0.839783,0.5924,0.032656915899780065
37.694517,-0.8104,0.5316,0.027036809879872534
37.666817,-0.809683,0.6073,0.0
37.659833,-0.781967,0.5393,0.014194117289864354
37.6518,-0.728883,0.5429,0.01903948529313008
37.68735,-0.783783,0.4397,0.02065846448143323
37.8118,-0.784483,0.0655,0.025273430678579543
37.760617,-0.8078,0.1634,0.02221256484174066
37.761783,-0.78355,0.243,0.02382867017553912
37.748233,-0.749617,0.1996,0.014144392658231987
37.74045,-0.727117,0.19,0.033444704280959234
37.710417,-0.778383,0.1895,0.02219633147534397
37.718,-0.839783,0.1506,0.02019922983729177
37.694517,-0.8104,0.1167,0.021404848744471867
37.666817,-0.809683,0.1957,0.03587078758411937
37.659833,-0.781967,0.1424,0.012386593088093732
37.6518,-0.728883,0.2422,0.015702239858607452
37.68735,-0.783783,0.1579,0.030374424221614998
37.8118,-0.784483,1.1262,0.03391085109776921
37.760617,-0.8078,1.285,0.022868939571910434
37.761783,-0.78355,0.1965,0.028532501724031236
37.748233,-0.749617,0.9094,0.02524759599732028
37.74045,-0.727117,0.64,0.025550644637809858
37.710417,-0.778383,1.3554,0.015063888031161494
37.718,-0.839783,0.8349,0.018275314165900152
37.694517,-0.8104,0.9635,0.019377080102761585
37.666817,-0.809683,0.1581,0.029377733564211264
37.659833,-0.781967,0.9966,0.018470133809993666
37.6518,-0.728883,0.5343,0.020353935865892306
37.68735,-0.783783,1.0288,0.016971935311125383
37.8118,-0.784483,1.5965,0.0035256978363678274
37.760617,-0.8078,1.5696,0.011017745955743723
37.761783,-0.78355,1.0492,0.012074521897981564
37.748233,-0.749617,0.6526,0.012989819774197208
37.74045,-0.727117,0.19,0.020457787956628535
37.710417,-0.778383,2.6416,0.01611242029401991
37.718,-0.839783,0.8111,0.01579048505259885
37.694517,-0.8104,0.8966,0.012159700971096754
37.666817,-0.809683,0.1621,0.028353957873251703
37.659833,-0.781967,1.8545,0.02005254218561782
37.6518,-0.728883,1.7967,0.018062057697938547
37.68735,-0.783783,2.0247,0.011850484776207142
37.8118,-0.784483,1.1658,0.03697324440711074
37.760617,-0.8078,2.1706,0.01658288353226251
37.761783,-0.78355,2.7011,0.01946344764696227
37.748233,-0.749617,1.8076,0.020010519514067307
37.710417,-0.778383,0.7737,0.01963160280138254
37.718,-0.839783,2.0995,0.018157852710121207
37.694517,-0.8104,1.8902,0.025435528200533655
37.666817,-0.809683,2.9142,0.016867791923383873
37.659833,-0.781967,0.4493,0.015426525897863839
37.6518,-0.728883,2.5024,0.020275332344075043
37.68735,-0.783783,1.4332,0.026416143195496664
37.8118,-0.784483,2.0083,0.007100578604473008
37.760617,-0.8078,1.5223,0.006040336797013879
37.761783,-0.78355,0.8638,0.010334470309317112
37.748233,-0.749617,0.9043,0.01141484904413422
37.74045,-0.727117,0.39,0.026627229009237554
37.710417,-0.778383,1.0275,0.018470930297755532
37.718,-0.839783,0.4022,0.021259565837681293
37.694517,-0.8104,1.2445,0.013019579048785899
37.666817,-0.809683,0.1607,0.01887377941360076
37.659833,-0.781967,1.8379,0.02126263330380122
37.6518,-0.728883,1.8391,0.011601627804338932
37.68735,-0.783783,1.4325,0.009758096240046952
37.8118,-0.784483,0.7134,0.013754160350395573
37.760617,-0.8078,0.3676,0.021750827526880637
37.761783,-0.78355,0.4368,0.02076225034478638
37.748233,-0.749617,0.2389,0.023412560319734946
37.74045,-0.727117,0.295,0.021641859629501898
37.710417,-0.778383,0.3129,0.02142057888623741
37.718,-0.839783,0.16,0.028522380938132603
37.694517,-0.8104,0.3916,0.025315979081723426
37.666817,-0.809683,0.1153,0.02810773563881715
37.659833,-0.781967,0.8554,0.02365979500528839
37.6518,-0.728883,0.2835,0.007172670965600345
37.68735,-0.783783,0.6397,0.027689999383356836
37.74045,-0.727117,4.335,0.01768477266240451
