Bands,Chl
Chl,1.0
index_NIR1_NIR2,0.5
index_dg_UltraBlue_Green_NIR1,0.44
two_div_dif_Green_UltraBlue_Blue_Red,0.44
index_dg_UltraBlue_Green_Red,0.43
two_div_dif_NIR1_UltraBlue_Red_Green,0.43
two_div_dif_Red_UltraBlue_Blue_Green,0.43
two_div_dif_Green_UltraBlue_Red_NIR1,0.42
two_div_dif_NIR1_UltraBlue_Blue_Green,0.42
two_div_dif_Red_UltraBlue_NIR1_Green,0.42
dif_NIR1_NIR2,0.41
index_dg_UltraBlue_Green_Blue,0.41
index_dg_UltraBlue_Blue_NIR1,0.4
index_Red_NIR2,0.4
two_div_dif_Green_UltraBlue_Blue_NIR1,0.4
two_div_dif_Green_UltraBlue_NIR1_Red,0.4
two_div_dif_Red_Blue_UltraBlue_Green,0.4
index_dg_Blue_Green_Red,0.39
index_dg_UltraBlue_Red_NIR1,0.39
two_div_dif_Green_Blue_UltraBlue_Red,0.39
index_dg_UltraBlue_Blue_Red,0.38
index_4_bands_Green_UltraBlue_Blue_NIR1,0.37
index_4_bands_Green_UltraBlue_Blue_Red,0.37
index_4_bands_Green_UltraBlue_NIR1_Blue,0.37
index_4_bands_Green_UltraBlue_Red_Blue,0.37
two_div_dif_NIR1_UltraBlue_Red_Blue,0.37
two_div_dif_Red_UltraBlue_NIR1_Blue,0.37
index_dg_Blue_Green_NIR1,0.36
index_dg_UltraBlue_Blue_Green,0.36
index_dg_UltraBlue_Red_Blue,0.36
index_dg_UltraBlue_Red_Green,0.36
two_div_dif_Green_UltraBlue_NIR1_Blue,0.36
two_div_dif_Green_UltraBlue_Red_Blue,0.36
two_div_dif_NIR1_Blue_UltraBlue_Green,0.36
two_div_dif_Red_Blue_NIR1_Green,0.36
index_4_bands_Green_Blue_NIR1_UltraBlue,0.35
index_4_bands_Green_Blue_Red_UltraBlue,0.35
index_4_bands_Green_Blue_UltraBlue_NIR1,0.35
index_4_bands_Green_Blue_UltraBlue_Red,0.35
index_4_bands_Red_UltraBlue_Blue_Green,0.35
index_4_bands_Red_UltraBlue_Blue_NIR1,0.35
index_4_bands_Red_UltraBlue_Green_Blue,0.35
index_4_bands_Red_UltraBlue_Green_NIR1,0.35
index_4_bands_Red_UltraBlue_NIR1_Blue,0.35
index_4_bands_Red_UltraBlue_NIR1_Green,0.35
index_dg_UltraBlue_NIR1_Red,0.34
two_div_dif_Green_Blue_UltraBlue_NIR1,0.34
two_div_dif_NIR1_Red_UltraBlue_Green,0.34
inv_dif_UltraBlue_Green,0.33
dif_Red_NIR2,0.32
two_div_dif_Blue_UltraBlue_NIR1_Red,0.32
two_div_dif_Blue_UltraBlue_Red_NIR1,0.32
index_4_bands_NIR1_UltraBlue_Green_Red,0.31
index_4_bands_NIR1_UltraBlue_Red_Green,0.31
two_div_dif_Green_Blue_NIR1_Red,0.31
index_4_bands_NIR1_UltraBlue_Blue_Green,0.3
index_4_bands_NIR1_UltraBlue_Blue_Red,0.3
index_4_bands_NIR1_UltraBlue_Green_Blue,0.3
index_4_bands_NIR1_UltraBlue_Red_Blue,0.3
index_dg_UltraBlue_NIR1_Blue,0.3
inv_dif_UltraBlue_Blue,0.3
inv_dif_UltraBlue_Red,0.3
two_div_dif_Blue_UltraBlue_NIR1_Green,0.3
two_div_dif_Blue_UltraBlue_Red_Green,0.3
index_dg_UltraBlue_NIR1_Green,0.29
two_div_dif_NIR1_UltraBlue_Blue_Red,0.28
two_div_dif_NIR1_Blue_Red_Green,0.27
two_div_dif_NIR1_Blue_UltraBlue_Red,0.27
two_div_dif_Red_UltraBlue_Blue_NIR1,0.27
index_4_bands_Green_Blue_NIR1_Red,0.26
index_4_bands_Green_Blue_Red_NIR1,0.26
two_div_dif_Green_Blue_Red_NIR1,0.26
two_div_dif_NIR1_Red_Blue_Green,0.26
two_div_dif_Red_NIR1_UltraBlue_Green,0.26
index_dg_Blue_Green_UltraBlue,0.25
inv_dif_UltraBlue_NIR1,0.25
two_div_dif_Red_Blue_UltraBlue_NIR1,0.25
index_4_bands_Green_NIR1_Blue_UltraBlue,0.23
index_4_bands_Green_NIR1_UltraBlue_Blue,0.23
index_4_bands_Green_UltraBlue_NIR1_Red,0.23
index_4_bands_Green_UltraBlue_Red_NIR1,0.23
index_4_bands_Red_Blue_Green_NIR1,0.23
index_4_bands_Red_Blue_NIR1_Green,0.23
two_div_dif_NIR1_Green_UltraBlue_Red,0.23
index_4_bands_Green_Red_Blue_UltraBlue,0.22
index_4_bands_Green_Red_UltraBlue_Blue,0.22
index_dg_Blue_Red_UltraBlue,0.22
index_Green_NIR2,0.22
two_div_dif_Green_Red_UltraBlue_NIR1,0.22
two_div_dif_Red_NIR1_Blue_Green,0.22
two_div_dif_Blue_Green_UltraBlue_Red,0.21
two_div_dif_NIR1_Red_UltraBlue_Blue,0.21
two_div_dif_Red_Green_UltraBlue_NIR1,0.21
index_4_bands_NIR1_Blue_Green_Red,0.2
index_4_bands_NIR1_Blue_Red_Green,0.2
index_4_bands_Red_Blue_Green_UltraBlue,0.2
index_4_bands_Red_Blue_UltraBlue_Green,0.2
two_div_dif_Blue_UltraBlue_Green_Red,0.2
two_div_dif_Red_UltraBlue_Green_Blue,0.2
index_dg_Blue_NIR1_UltraBlue,0.19
two_div_dif_Green_Red_Blue_NIR1,0.19
two_div_dif_Red_Green_UltraBlue_Blue,0.19
inv_dif_Blue_Green,0.18
two_div_dif_Blue_Green_UltraBlue_NIR1,0.18
index_dg_Blue_Red_NIR1,0.17
index_dg_Green_Red_UltraBlue,0.17
two_div_dif_NIR1_Green_UltraBlue_Blue,0.17
two_div_dif_Red_NIR1_UltraBlue_Blue,0.17
index_4_bands_NIR1_Blue_Green_UltraBlue,0.16
index_4_bands_NIR1_Blue_UltraBlue_Green,0.16
two_div_dif_Green_NIR1_Blue_Red,0.16
two_div_dif_Green_NIR1_UltraBlue_Red,0.16
two_div_dif_NIR1_UltraBlue_Green_Red,0.16
index_dg_Green_NIR1_UltraBlue,0.15
two_div_dif_NIR1_UltraBlue_Green_Blue,0.15
index_4_bands_Blue_UltraBlue_Green_NIR1,0.14
index_4_bands_Blue_UltraBlue_Green_Red,0.14
index_4_bands_Blue_UltraBlue_NIR1_Green,0.14
index_4_bands_Blue_UltraBlue_Red_Green,0.14
index_4_bands_Green_Red_NIR1_UltraBlue,0.14
index_4_bands_Green_Red_UltraBlue_NIR1,0.14
index_4_bands_Red_Blue_NIR1_UltraBlue,0.14
index_4_bands_Red_Blue_UltraBlue_NIR1,0.14
two_div_dif_Blue_UltraBlue_Green_NIR1,0.14
two_div_dif_NIR1_Green_Blue_Red,0.14
two_div_dif_Red_UltraBlue_Green_NIR1,0.14
index_4_bands_Green_NIR1_Red_UltraBlue,0.13
index_4_bands_Green_NIR1_UltraBlue_Red,0.13
index_dg_Blue_Red_Green,0.13
two_div_dif_Red_Green_Blue_NIR1,0.13
dif_Green_NIR2,0.12
index_4_bands_Red_NIR1_Blue_UltraBlue,0.12
index_4_bands_Red_NIR1_UltraBlue_Blue,0.12
index_4_bands_NIR1_Blue_Red_UltraBlue,0.11
index_4_bands_NIR1_Blue_UltraBlue_Red,0.11
index_Blue_NIR2,0.11
index_dg_Green_Red_Blue,0.11
inv_dif_Blue_Red,0.11
index_4_bands_Green_NIR1_Blue_Red,0.1
index_4_bands_Green_NIR1_Red_Blue,0.1
index_4_bands_Green_Red_Blue_NIR1,0.1
index_4_bands_Green_Red_NIR1_Blue,0.1
index_dg_Blue_NIR1_Red,0.1
index_dg_Green_NIR1_Blue,0.1
index_dg_Blue_NIR1_Green,0.09
inv_dif_Blue_NIR1,0.09
two_div_dif_Blue_Red_UltraBlue_NIR1,0.09
two_div_dif_UltraBlue_Green_Blue_Red,0.08
index_4_bands_Blue_UltraBlue_NIR1_Red,0.07
index_4_bands_Blue_UltraBlue_Red_NIR1,0.07
index_4_bands_Red_NIR1_Green_UltraBlue,0.07
index_4_bands_Red_NIR1_UltraBlue_Green,0.07
two_div_dif_UltraBlue_Green_Blue_NIR1,0.07
index_4_bands_Red_NIR1_Blue_Green,0.06
index_4_bands_Red_NIR1_Green_Blue,0.06
index_dg_Red_NIR1_UltraBlue,0.06
inv_dif_Green_Red,0.05
two_div_dif_NIR1_Blue_Green_Red,0.05
dif_Red_NIR1,0.04
inv_dif_Green_NIR1,0.04
inv_dif_NIR2_NIR3,0.04
two_div_dif_Red_Blue_Green_NIR1,0.04
index_dg_NIR1_Green_Red,0.03
index_dg_Red_NIR1_Blue,0.03
index_Red_NIR1,0.03
two_div_dif_Green_NIR1_UltraBlue_Blue,0.03
two_div_dif_Green_Red_UltraBlue_Blue,0.03
index_dg_NIR1_Red_Green,0.02
index_dg_Red_Green_NIR1,0.02
index_Green_NIR1,0.02
inv_dif_UltraBlue_NIR3,0.02
two_div_dif_Blue_NIR1_UltraBlue_Red,0.02
index_Green_Red,0.01
index_dg_Green_UltraBlue_NIR1,-0.44
index_UltraBlue_Green,-0.44
two_div_dif_Blue_Red_Green_UltraBlue,-0.44
index_dg_Green_UltraBlue_Red,-0.43
two_div_dif_Blue_Green_Red_UltraBlue,-0.43
two_div_dif_Red_Green_NIR1_UltraBlue,-0.43
two_div_dif_Blue_Green_NIR1_UltraBlue,-0.42
two_div_dif_NIR1_Green_Red_UltraBlue,-0.42
two_div_dif_Red_NIR1_Green_UltraBlue,-0.42
index_dg_Green_UltraBlue_Blue,-0.41
index_dg_Blue_UltraBlue_NIR1,-0.4
two_div_dif_Blue_NIR1_Green_UltraBlue,-0.4
two_div_dif_NIR1_Red_Green_UltraBlue,-0.4
two_div_dif_UltraBlue_Green_Red_Blue,-0.4
index_Blue_Green,-0.39
index_dg_Green_Blue_Red,-0.39
index_dg_Red_UltraBlue_NIR1,-0.39
two_div_dif_UltraBlue_Red_Green_Blue,-0.39
index_dg_Blue_UltraBlue_Red,-0.38
index_UltraBlue_Red,-0.38
inv_dif_NIR1_NIR3,-0.38
index_4_bands_UltraBlue_Green_Blue_NIR1,-0.37
index_4_bands_UltraBlue_Green_Blue_Red,-0.37
index_4_bands_UltraBlue_Green_NIR1_Blue,-0.37
index_4_bands_UltraBlue_Green_Red_Blue,-0.37
inv_dif_NIR1_NIR2,-0.37
two_div_dif_NIR1_Blue_Red_UltraBlue,-0.37
two_div_dif_Red_Blue_NIR1_UltraBlue,-0.37
index_dg_Blue_UltraBlue_Green,-0.36
index_dg_Green_Blue_NIR1,-0.36
index_dg_Red_UltraBlue_Blue,-0.36
index_dg_Red_UltraBlue_Green,-0.36
two_div_dif_NIR1_Blue_Green_UltraBlue,-0.36
two_div_dif_NIR1_Green_Red_Blue,-0.36
two_div_dif_Red_Blue_Green_UltraBlue,-0.36
two_div_dif_UltraBlue_Green_NIR1_Blue,-0.36
index_4_bands_Blue_Green_NIR1_UltraBlue,-0.35
index_4_bands_Blue_Green_Red_UltraBlue,-0.35
index_4_bands_Blue_Green_UltraBlue_NIR1,-0.35
index_4_bands_Blue_Green_UltraBlue_Red,-0.35
index_4_bands_UltraBlue_Red_Blue_Green,-0.35
index_4_bands_UltraBlue_Red_Blue_NIR1,-0.35
index_4_bands_UltraBlue_Red_Green_Blue,-0.35
index_4_bands_UltraBlue_Red_Green_NIR1,-0.35
index_4_bands_UltraBlue_Red_NIR1_Blue,-0.35
index_4_bands_UltraBlue_Red_NIR1_Green,-0.35
index_dg_NIR1_UltraBlue_Red,-0.34
two_div_dif_UltraBlue_Green_NIR1_Red,-0.34
two_div_dif_UltraBlue_NIR1_Green_Blue,-0.34
index_UltraBlue_NIR1,-0.33
index_UltraBlue_Blue,-0.32
two_div_dif_NIR1_Red_Blue_UltraBlue,-0.32
two_div_dif_Red_NIR1_Blue_UltraBlue,-0.32
index_4_bands_UltraBlue_NIR1_Green_Red,-0.31
index_4_bands_UltraBlue_NIR1_Red_Green,-0.31
two_div_dif_NIR1_Red_Green_Blue,-0.31
index_4_bands_UltraBlue_NIR1_Blue_Green,-0.3
index_4_bands_UltraBlue_NIR1_Blue_Red,-0.3
index_4_bands_UltraBlue_NIR1_Green_Blue,-0.3
index_4_bands_UltraBlue_NIR1_Red_Blue,-0.3
index_dg_NIR1_UltraBlue_Blue,-0.3
inv_dif_Red_NIR3,-0.3
two_div_dif_NIR1_Green_Blue_UltraBlue,-0.3
two_div_dif_Red_Green_Blue_UltraBlue,-0.3
dif_Blue_Green,-0.29
index_dg_NIR1_UltraBlue_Green,-0.29
inv_dif_Red_NIR2,-0.29
two_div_dif_Blue_Red_NIR1_UltraBlue,-0.28
two_div_dif_Blue_NIR1_Red_UltraBlue,-0.27
two_div_dif_Red_Green_NIR1_Blue,-0.27
two_div_dif_UltraBlue_Red_NIR1_Blue,-0.27
index_4_bands_Blue_Green_NIR1_Red,-0.26
index_4_bands_Blue_Green_Red_NIR1,-0.26
two_div_dif_Blue_Green_NIR1_Red,-0.26
two_div_dif_Red_NIR1_Green_Blue,-0.26
two_div_dif_UltraBlue_Green_Red_NIR1,-0.26
UltraBlue,-0.26
dif_Blue_Red,-0.25
dif_UltraBlue_Red,-0.25
index_dg_Green_Blue_UltraBlue,-0.25
two_div_dif_UltraBlue_NIR1_Red_Blue,-0.25
Blue,-0.23
index_4_bands_Blue_Red_Green_NIR1,-0.23
index_4_bands_Blue_Red_NIR1_Green,-0.23
index_4_bands_NIR1_Green_Blue_UltraBlue,-0.23
index_4_bands_NIR1_Green_UltraBlue_Blue,-0.23
index_4_bands_UltraBlue_Green_NIR1_Red,-0.23
index_4_bands_UltraBlue_Green_Red_NIR1,-0.23
two_div_dif_UltraBlue_Red_NIR1_Green,-0.23
dif_UltraBlue_NIR1,-0.22
index_4_bands_Red_Green_Blue_UltraBlue,-0.22
index_4_bands_Red_Green_UltraBlue_Blue,-0.22
index_dg_Red_Blue_UltraBlue,-0.22
two_div_dif_Blue_Green_Red_NIR1,-0.22
two_div_dif_UltraBlue_NIR1_Green_Red,-0.22
dif_UltraBlue_Green,-0.21
NIR3,-0.21
two_div_dif_UltraBlue_Blue_NIR1_Red,-0.21
two_div_dif_UltraBlue_NIR1_Red_Green,-0.21
two_div_dif_UltraBlue_Red_Blue_Green,-0.21
dif_Blue_NIR1,-0.2
index_4_bands_Blue_NIR1_Green_Red,-0.2
index_4_bands_Blue_NIR1_Red_Green,-0.2
index_4_bands_Blue_Red_Green_UltraBlue,-0.2
index_4_bands_Blue_Red_UltraBlue_Green,-0.2
NIR2,-0.2
two_div_dif_Green_Blue_Red_UltraBlue,-0.2
two_div_dif_Green_Red_Blue_UltraBlue,-0.2
index_Blue_Red,-0.19
index_dg_NIR1_Blue_UltraBlue,-0.19
two_div_dif_Blue_NIR1_Green_Red,-0.19
two_div_dif_UltraBlue_Blue_Red_Green,-0.19
two_div_dif_UltraBlue_NIR1_Blue_Green,-0.18
index_dg_Red_Blue_NIR1,-0.17
index_dg_Red_Green_UltraBlue,-0.17
two_div_dif_UltraBlue_Blue_NIR1_Green,-0.17
two_div_dif_UltraBlue_Blue_Red_NIR1,-0.17
index_4_bands_Blue_NIR1_Green_UltraBlue,-0.16
index_4_bands_Blue_NIR1_UltraBlue_Green,-0.16
inv_dif_Green_NIR2,-0.16
two_div_dif_Blue_Red_Green_NIR1,-0.16
two_div_dif_Green_Red_NIR1_UltraBlue,-0.16
two_div_dif_UltraBlue_Red_Green_NIR1,-0.16
index_Blue_NIR1,-0.15
index_dg_NIR1_Green_UltraBlue,-0.15
inv_dif_Green_NIR3,-0.15
two_div_dif_Green_Blue_NIR1_UltraBlue,-0.15
Green,-0.14
index_4_bands_Blue_Red_NIR1_UltraBlue,-0.14
index_4_bands_Blue_Red_UltraBlue_NIR1,-0.14
index_4_bands_Red_Green_NIR1_UltraBlue,-0.14
index_4_bands_Red_Green_UltraBlue_NIR1,-0.14
index_4_bands_UltraBlue_Blue_Green_NIR1,-0.14
index_4_bands_UltraBlue_Blue_Green_Red,-0.14
index_4_bands_UltraBlue_Blue_NIR1_Green,-0.14
index_4_bands_UltraBlue_Blue_Red_Green,-0.14
NIR1,-0.14
Red,-0.14
two_div_dif_Blue_Red_NIR1_Green,-0.14
two_div_dif_Green_NIR1_Blue_UltraBlue,-0.14
two_div_dif_Green_NIR1_Red_UltraBlue,-0.14
index_4_bands_NIR1_Green_Red_UltraBlue,-0.13
index_4_bands_NIR1_Green_UltraBlue_Red,-0.13
index_dg_Red_Blue_Green,-0.13
inv_dif_Blue_NIR2,-0.13
two_div_dif_Blue_NIR1_Red_Green,-0.13
index_4_bands_NIR1_Red_Blue_UltraBlue,-0.12
index_4_bands_NIR1_Red_UltraBlue_Blue,-0.12
inv_dif_Blue_NIR3,-0.12
index_4_bands_Blue_NIR1_Red_UltraBlue,-0.11
index_4_bands_Blue_NIR1_UltraBlue_Red,-0.11
index_dg_Red_Green_Blue,-0.11
index_4_bands_NIR1_Green_Blue_Red,-0.1
index_4_bands_NIR1_Green_Red_Blue,-0.1
index_4_bands_Red_Green_Blue_NIR1,-0.1
index_4_bands_Red_Green_NIR1_Blue,-0.1
index_dg_NIR1_Blue_Red,-0.1
index_dg_NIR1_Green_Blue,-0.1
dif_UltraBlue_NIR2,-0.09
index_dg_NIR1_Blue_Green,-0.09
two_div_dif_UltraBlue_NIR1_Blue_Red,-0.09
two_div_dif_Blue_Red_UltraBlue_Green,-0.08
index_4_bands_NIR1_Red_Green_UltraBlue,-0.07
index_4_bands_NIR1_Red_UltraBlue_Green,-0.07
index_4_bands_UltraBlue_Blue_NIR1_Red,-0.07
index_4_bands_UltraBlue_Blue_Red_NIR1,-0.07
two_div_dif_Blue_NIR1_UltraBlue_Green,-0.07
dif_UltraBlue_Blue,-0.06
index_4_bands_NIR1_Red_Blue_Green,-0.06
index_4_bands_NIR1_Red_Green_Blue,-0.06
index_dg_NIR1_Red_UltraBlue,-0.06
index_UltraBlue_NIR2,-0.06
dif_Blue_NIR2,-0.05
two_div_dif_Green_Red_NIR1_Blue,-0.05
dif_Green_Red,-0.04
two_div_dif_Green_NIR1_Red_Blue,-0.04
index_dg_Green_NIR1_Red,-0.03
index_dg_NIR1_Red_Blue,-0.03
two_div_dif_UltraBlue_Blue_Green_NIR1,-0.03
two_div_dif_UltraBlue_Blue_Green_Red,-0.03
dif_Green_NIR1,-0.02
index_dg_Green_Red_NIR1,-0.02
index_dg_Red_NIR1_Green,-0.02
two_div_dif_UltraBlue_Red_Blue_NIR1,-0.02
inv_dif_Red_NIR1,-0.01
inv_dif_UltraBlue_NIR2,-0.0
