Date,Buoy,Latitude,Longitude,Band_1,Band_2,Band_3,Band_4,Band_5,Band_6,Band_7,Band_8,Band_9,Band_10,Band_11,Band_12,Band_13,Chl
2017-06-30,CTD1,37.8118,-0.784483,0.038,0.0486,0.0527,0.0259,0.0225,0.0164,0.0163,0.0169,0.015,0.0121,0.0149,0.0125,6.0,0.9915965333333334
2017-06-30,CTD2,37.760617,-0.8078,0.0605,0.0771,0.082,0.0608,0.0544,0.0515,0.0493,0.0547,0.0462,0.0411,0.0462,0.0415,6.0,1.1955854125
2017-06-30,CTD3,37.761783,-0.78355,0.0623,0.0749,0.0759,0.0594,0.0577,0.0544,0.0558,0.0616,0.0526,0.0446,0.0501,0.0457,6.0,1.5234733125
2017-06-30,CTD4,37.748233,-0.749617,0.0601,0.0736,0.078,0.0569,0.0567,0.0503,0.0501,0.054,0.0486,0.0416,0.048,0.0428,6.0,1.5401894875
2017-06-30,CTD6,37.710417,-0.778383,0.0723,0.0842,0.0898,0.0703,0.0671,0.0629,0.0639,0.0673,0.0629,0.0534,0.0582,0.0534,6.0,1.7752051875000001
2017-06-30,CTD7,37.718,-0.839783,0.0764,0.0974,0.1052,0.0762,0.0715,0.066,0.0657,0.0688,0.0619,0.0546,0.0582,0.0526,6.0,2.620511
2017-06-30,CTD8,37.694517,-0.8104,0.074,0.0884,0.0935,0.072,0.0704,0.0647,0.0661,0.0665,0.0627,0.0551,0.0606,0.0548,6.0,1.27311476125
2017-06-30,CTD10,37.659833,-0.781967,0.0735,0.0884,0.0875,0.0699,0.0712,0.0679,0.0671,0.0688,0.0643,0.0551,0.0627,0.0557,6.0,0.8001469842857142
2017-06-30,CTD11,37.6518,-0.728883,0.1002,0.0987,0.1036,0.0878,0.0893,0.0857,0.0863,0.0821,0.085,0.0849,0.0816,0.0773,6.0,1.1225326566666667
2017-06-30,CTD12,37.68735,-0.783783,0.0747,0.0872,0.0942,0.0754,0.0727,0.0637,0.066,0.0672,0.0631,0.0547,0.0602,0.0563,6.0,1.4179599875
2018-01-31,CTD1,37.8118,-0.784483,0.0,0.0117,0.0243,0.0124,0.0055,0.0015,0.0039,0.0118,0.0068,0.0,0.012,0.0111,6.0,3.472369366666667
2018-01-31,CTD2,37.760617,-0.8078,0.0038,0.0203,0.0352,0.0171,0.01,0.0099,0.0101,0.0159,0.0123,0.0053,0.0119,0.01,6.0,4.8366668624999996
2018-01-31,CTD3,37.761783,-0.78355,0.0042,0.0186,0.0324,0.0151,0.0095,0.0062,0.0078,0.0127,0.0102,0.0016,0.0089,0.0076,6.0,2.8638288624999997
2018-01-31,CTD4,37.748233,-0.749617,0.0,0.0162,0.0304,0.0151,0.0053,0.0035,0.004,0.0106,0.0056,0.0,0.0099,0.0088,6.0,2.75181135
2018-01-31,CTD6,37.710417,-0.778383,0.0056,0.0214,0.0386,0.0178,0.0113,0.0037,0.004,0.0105,0.0059,0.001,0.0091,0.0068,6.0,6.416264062500001
2018-01-31,CTD7,37.718,-0.839783,0.0061,0.0262,0.0417,0.0196,0.0131,0.0106,0.0117,0.0174,0.0117,0.0064,0.0121,0.0097,6.0,3.527518642857143
2018-01-31,CTD8,37.694517,-0.8104,0.0141,0.03,0.0544,0.0266,0.0157,0.005,0.0047,0.0123,0.0077,0.0016,0.0099,0.0094,6.0,5.403203749999999
2018-01-31,CTD10,37.659833,-0.781967,0.0178,0.0402,0.0727,0.0418,0.0321,0.0146,0.0162,0.019,0.0161,0.0093,0.0139,0.0108,6.0,6.559120514285714
2018-01-31,CTD11,37.6518,-0.728883,0.0289,0.0361,0.0477,0.0286,0.0261,0.0188,0.0179,0.0218,0.018,0.0213,0.0139,0.0118,6.0,6.169494933333333
2018-01-31,CTD12,37.68735,-0.783783,0.0079,0.0175,0.0351,0.0146,0.0092,0.004,0.0047,0.0086,0.0075,0.0068,0.0102,0.0093,6.0,5.8740794
2018-02-20,CTD1,37.8118,-0.784483,0.0663,0.0586,0.0722,0.0634,0.0705,0.0694,0.0743,0.0696,0.0768,0.1406,0.0927,0.0986,10.0,3.2437423333333335
2018-02-20,CTD2,37.760617,-0.8078,0.0502,0.051,0.0621,0.0426,0.044,0.042,0.0428,0.0472,0.0437,0.0782,0.0533,0.0522,10.0,4.962618299999999
2018-02-20,CTD3,37.761783,-0.78355,0.0308,0.0351,0.0454,0.0198,0.0173,0.0145,0.0128,0.0145,0.0107,0.009,0.0128,0.0096,10.0,3.602579375
2018-02-20,CTD4,37.748233,-0.749617,0.0164,0.02,0.031,0.0083,0.0061,0.0027,0.0031,0.0036,0.0042,0.0,0.0023,0.0016,6.0,2.8460452125
2018-02-20,CTD6,37.710417,-0.778383,0.0205,0.0233,0.0351,0.0115,0.0081,0.0042,0.0048,0.0046,0.0053,0.0,0.0022,0.0024,6.0,7.1322925
2018-02-20,CTD7,37.718,-0.839783,0.029,0.0304,0.0454,0.0196,0.0184,0.015,0.0152,0.0139,0.0149,0.0149,0.0148,0.0127,10.0,2.5621985857142855
2018-02-20,CTD8,37.694517,-0.8104,0.0256,0.0291,0.0435,0.0156,0.0123,0.0089,0.0074,0.0093,0.0081,0.0119,0.0091,0.0078,10.0,3.4682006375000003
2018-02-20,CTD10,37.659833,-0.781967,0.019,0.0208,0.0384,0.0118,0.0091,0.0029,0.0053,0.0044,0.0048,0.0,0.0021,0.0019,6.0,7.096297942857142
2018-02-20,CTD11,37.6518,-0.728883,0.0234,0.0268,0.0392,0.0128,0.0087,0.005,0.0042,0.0046,0.0035,0.0,0.0026,0.0025,6.0,6.498268383333333
2018-02-20,CTD12,37.68735,-0.783783,0.0225,0.0233,0.037,0.0126,0.0121,0.0069,0.0065,0.0045,0.007,0.0,0.0034,0.0032,6.0,7.3308715875
2018-03-07,CTD1,37.8118,-0.784483,0.0199,0.0343,0.0484,0.0139,0.0065,0.0,0.0006,0.0007,0.0,0.0,0.0027,0.0019,6.0,3.0205596333333333
2018-03-07,CTD2,37.760617,-0.8078,0.0146,0.0251,0.0362,0.0106,0.0079,0.0038,0.0049,0.0047,0.0032,0.0006,0.0034,0.0028,6.0,5.773905
2018-03-07,CTD3,37.761783,-0.78355,0.0156,0.027,0.0407,0.0123,0.0098,0.0032,0.0048,0.0054,0.0031,0.0,0.0027,0.003,6.0,4.887773699999999
2018-03-07,CTD4,37.748233,-0.749617,0.0152,0.029,0.0469,0.013,0.0069,0.0012,0.0026,0.0019,0.0014,0.0,0.0027,0.0032,6.0,2.9695149
2018-03-07,CTD6,37.710417,-0.778383,0.01,0.0192,0.0298,0.0074,0.0043,0.0008,0.0016,0.0013,0.0012,0.0,0.0016,0.0016,6.0,5.639642574999999
2018-03-07,CTD7,37.718,-0.839783,0.0139,0.0243,0.0361,0.0091,0.0049,0.003,0.0031,0.0035,0.0017,0.0,0.0016,0.0012,6.0,3.0781605285714284
2018-03-07,CTD8,37.694517,-0.8104,0.0144,0.0278,0.0394,0.0096,0.0058,0.0018,0.003,0.0028,0.0023,0.0,0.0023,0.0025,6.0,3.6452480625
2018-03-07,CTD10,37.659833,-0.781967,0.0087,0.0176,0.0281,0.0056,0.0023,0.0,0.0008,0.0,0.0003,0.0,0.0005,0.0008,6.0,4.026286057142857
2018-03-07,CTD11,37.6518,-0.728883,0.0254,0.0334,0.0416,0.0125,0.0084,0.0038,0.0034,0.0041,0.0032,0.0,0.0017,0.0013,6.0,3.0737193
2018-03-07,CTD12,37.68735,-0.783783,0.012,0.0204,0.0293,0.0065,0.004,0.0,0.0009,0.0013,0.001,1e-04,0.0017,0.0024,6.0,4.5158408625
2018-05-11,CTD1,37.8118,-0.784483,0.0437,0.0432,0.0513,0.0292,0.028,0.0215,0.0216,0.021,0.0203,0.0109,0.0224,0.019,6.0,2.1870085
2018-05-11,CTD2,37.760617,-0.8078,0.0527,0.0517,0.0588,0.038,0.0373,0.0331,0.0333,0.0341,0.0332,0.0209,0.03,0.0253,6.0,2.2458482
2018-05-11,CTD3,37.761783,-0.78355,0.0517,0.0536,0.0565,0.0374,0.0354,0.0318,0.0324,0.0322,0.0303,0.0209,0.0284,0.0247,6.0,2.0123725875
2018-05-11,CTD4,37.748233,-0.749617,0.0335,0.0324,0.0387,0.0184,0.0188,0.0155,0.0151,0.0148,0.0156,0.0077,0.0177,0.0157,6.0,1.0231668412500001
2018-05-11,CTD6,37.710417,-0.778383,0.0518,0.0546,0.06,0.0376,0.0379,0.0314,0.0306,0.0318,0.0302,0.0201,0.0294,0.024,6.0,1.5384380000000002
2018-05-11,CTD7,37.718,-0.839783,0.062,0.0677,0.0759,0.0443,0.0421,0.0369,0.0372,0.0362,0.0339,0.0224,0.0295,0.0244,6.0,2.2560995714285714
2018-05-11,CTD8,37.694517,-0.8104,0.0531,0.0556,0.0643,0.0356,0.0353,0.0308,0.0293,0.0313,0.0294,0.0195,0.026,0.0222,6.0,1.7778881625
2018-05-11,CTD10,37.659833,-0.781967,0.0551,0.0565,0.0675,0.0405,0.0404,0.0355,0.036,0.035,0.0331,0.0236,0.031,0.0278,6.0,3.1918908
2018-05-11,CTD11,37.6518,-0.728883,0.0596,0.0532,0.0632,0.0356,0.0367,0.0316,0.0305,0.0258,0.0294,0.0278,0.0257,0.0227,6.0,2.9669850000000006
2018-05-11,CTD12,37.68735,-0.783783,0.0569,0.0581,0.0646,0.0395,0.0408,0.0349,0.0344,0.0344,0.0345,0.024,0.0303,0.0263,6.0,1.4437591625
2018-05-16,CTD1,37.8118,-0.784483,0.0373,0.0514,0.0562,0.0293,0.0265,0.0207,0.0209,0.0239,0.0187,0.0139,0.0222,0.0195,6.0,2.5342984000000004
2018-05-16,CTD2,37.760617,-0.8078,0.0492,0.0597,0.0648,0.0423,0.0392,0.0367,0.0377,0.0402,0.0347,0.0288,0.0345,0.0309,6.0,2.7156462
2018-05-16,CTD3,37.761783,-0.78355,0.0474,0.0567,0.0602,0.0424,0.041,0.039,0.0384,0.0402,0.0365,0.0298,0.0357,0.0319,6.0,2.72794495
2018-05-16,CTD4,37.748233,-0.749617,0.0377,0.0505,0.0529,0.0352,0.0332,0.0301,0.0313,0.0332,0.0296,0.0231,0.031,0.0282,6.0,1.8666676999999998
2018-05-16,CTD6,37.710417,-0.778383,0.0521,0.0673,0.0661,0.0462,0.0444,0.0408,0.0428,0.0443,0.0415,0.0322,0.0387,0.0355,6.0,1.08121731
2018-05-16,CTD7,37.718,-0.839783,0.057,0.074,0.0898,0.0532,0.0479,0.0406,0.0405,0.041,0.0372,0.031,0.0351,0.0305,6.0,2.926159928571429
2018-05-16,CTD8,37.694517,-0.8104,0.0536,0.0693,0.0753,0.0475,0.0478,0.0428,0.0435,0.0447,0.0409,0.0329,0.0397,0.0353,6.0,1.2304433499999998
2018-05-16,CTD10,37.659833,-0.781967,0.0524,0.0664,0.0714,0.0509,0.0485,0.0438,0.0422,0.0469,0.0417,0.034,0.0413,0.0376,6.0,2.1774001514285715
2018-05-16,CTD11,37.6518,-0.728883,0.064,0.0648,0.0712,0.0471,0.0449,0.042,0.0436,0.0381,0.0423,0.0404,0.0413,0.0389,6.0,1.3788271566666666
2018-05-16,CTD12,37.68735,-0.783783,0.0575,0.0725,0.0728,0.0504,0.049,0.046,0.046,0.0508,0.0433,0.0362,0.0427,0.0393,6.0,1.10284812
2018-06-20,CTD1,37.8118,-0.784483,0.0588,0.0672,0.0718,0.0581,0.0558,0.0489,0.0489,0.0519,0.0455,0.033,0.0471,0.0408,6.0,1.2129813666666667
2018-06-20,CTD2,37.760617,-0.8078,0.0656,0.0703,0.078,0.0572,0.0568,0.0538,0.0541,0.0526,0.0511,0.0388,0.0493,0.0432,6.0,0.88071802125
2018-06-20,CTD3,37.761783,-0.78355,0.0678,0.0734,0.0781,0.0612,0.0629,0.0578,0.0581,0.0583,0.0567,0.0429,0.053,0.0477,6.0,1.22353660625
2018-06-20,CTD4,37.748233,-0.749617,0.0477,0.0508,0.0543,0.037,0.0386,0.0343,0.0343,0.0374,0.033,0.022,0.0329,0.0305,6.0,0.63218678875
2018-06-20,CTD6,37.710417,-0.778383,0.0648,0.072,0.0776,0.058,0.0569,0.0537,0.0517,0.0525,0.0519,0.0384,0.0493,0.0425,6.0,0.9026360900000001
2018-06-20,CTD7,37.718,-0.839783,0.0639,0.0714,0.0755,0.0593,0.0583,0.0534,0.0548,0.0572,0.0523,0.0417,0.0489,0.0437,6.0,0.520464372857143
2018-06-20,CTD8,37.694517,-0.8104,0.069,0.0768,0.0888,0.0622,0.0611,0.0569,0.0568,0.0569,0.0551,0.0409,0.0516,0.0464,6.0,0.99961378125
2018-06-20,CTD10,37.659833,-0.781967,0.0672,0.0758,0.0782,0.0642,0.0635,0.0567,0.0568,0.0573,0.0562,0.0421,0.052,0.0461,6.0,2.2157062
2018-06-20,CTD11,37.6518,-0.728883,0.0684,0.0604,0.0727,0.055,0.0552,0.0531,0.0521,0.0442,0.0539,0.0425,0.053,0.0469,6.0,0.525397805
2018-06-20,CTD12,37.68735,-0.783783,0.0747,0.0832,0.0879,0.0673,0.0701,0.0652,0.0649,0.0662,0.064,0.0471,0.0579,0.0535,6.0,1.6731360499999997
2018-07-10,CTD1,37.8118,-0.784483,0.0687,0.0724,0.0838,0.0691,0.0692,0.0641,0.0644,0.0644,0.0617,0.0491,0.06,0.0532,6.0,0.4136301466666667
2018-07-10,CTD2,37.760617,-0.8078,0.076,0.0878,0.0916,0.0702,0.0698,0.0646,0.065,0.0644,0.0621,0.05,0.0584,0.0513,6.0,0.37181550999999996
2018-07-10,CTD3,37.761783,-0.78355,0.0735,0.0814,0.0869,0.0701,0.0707,0.0661,0.0647,0.0666,0.0657,0.0512,0.0591,0.0535,6.0,0.7225374649999999
2018-07-10,CTD4,37.748233,-0.749617,0.07,0.0764,0.0814,0.0692,0.0705,0.0642,0.0647,0.0646,0.0622,0.0472,0.0615,0.0535,6.0,1.8832843125
2018-07-10,CTD6,37.710417,-0.778383,0.0668,0.0708,0.0811,0.0646,0.064,0.0598,0.0588,0.059,0.0585,0.0437,0.0532,0.0479,6.0,2.7959851374999998
2018-07-10,CTD7,37.718,-0.839783,0.0634,0.0679,0.0734,0.0614,0.0616,0.0549,0.0562,0.0576,0.0546,0.0408,0.0491,0.043,6.0,0.6080472614285714
2018-07-10,CTD8,37.694517,-0.8104,0.0719,0.0786,0.094,0.0714,0.0708,0.0631,0.0631,0.0682,0.0616,0.0473,0.0577,0.0499,6.0,2.02616845
2018-07-10,CTD10,37.659833,-0.781967,0.0713,0.0736,0.0826,0.0702,0.0709,0.0658,0.0658,0.0638,0.0647,0.0527,0.0602,0.0544,6.0,1.7062142428571427
2018-07-10,CTD11,37.6518,-0.728883,0.064,0.0641,0.0731,0.0589,0.0586,0.0552,0.0543,0.053,0.0546,0.0483,0.0558,0.0498,6.0,1.89906415
2018-07-10,CTD12,37.68735,-0.783783,0.0735,0.08,0.09,0.0719,0.0713,0.0677,0.0682,0.0664,0.0654,0.0513,0.062,0.0553,6.0,2.501200075
2018-08-09,CTD1,37.8118,-0.784483,0.0582,0.0626,0.07,0.0516,0.0504,0.0441,0.0445,0.0461,0.0405,0.0329,0.0368,0.0309,6.0,0.5854753333333333
2018-08-09,CTD2,37.760617,-0.8078,0.0623,0.0622,0.0636,0.0459,0.0452,0.0418,0.0406,0.0394,0.0375,0.0352,0.0301,0.0252,6.0,0.65330499125
2018-08-09,CTD3,37.761783,-0.78355,0.0571,0.0574,0.06,0.0432,0.0402,0.0357,0.0362,0.0344,0.0343,0.0322,0.0264,0.0222,6.0,0.8468037125000001
2018-08-09,CTD4,37.748233,-0.749617,0.0517,0.0462,0.0459,0.0306,0.0292,0.0257,0.0265,0.0226,0.0227,0.0268,0.0215,0.0174,6.0,0.7594264737499998
2018-08-09,CTD6,37.710417,-0.778383,0.059,0.0604,0.0616,0.0426,0.0404,0.0366,0.0363,0.0348,0.0337,0.0304,0.025,0.0203,6.0,0.8298935000000001
2018-08-09,CTD7,37.718,-0.839783,0.0621,0.0626,0.0662,0.0493,0.0479,0.0437,0.0428,0.0405,0.0398,0.0352,0.0288,0.023,6.0,0.8701237428571428
2018-08-09,CTD8,37.694517,-0.8104,0.1518,0.1432,0.1356,0.1034,0.1054,0.1078,0.1066,0.12,0.1161,0.3358,0.1115,0.0966,10.0,1.1452998675000001
2018-08-09,CTD10,37.659833,-0.781967,0.0749,0.0748,0.074,0.0547,0.0511,0.0474,0.0462,0.0424,0.0431,0.0364,0.0322,0.0254,6.0,1.5871915
2018-08-09,CTD11,37.6518,-0.728883,0.0692,0.0698,0.069,0.0509,0.0473,0.0411,0.0415,0.0389,0.0397,0.0328,0.0309,0.0251,6.0,0.9670664800000001
2018-08-09,CTD12,37.68735,-0.783783,0.0704,0.0724,0.0754,0.0521,0.0484,0.0439,0.0431,0.0424,0.0407,0.0346,0.0306,0.0249,6.0,0.9826620737499999
2018-08-14,CTD1,37.8118,-0.784483,0.0381,0.0421,0.0456,0.0236,0.0214,0.0158,0.0159,0.0149,0.0133,0.0048,0.0147,0.0127,6.0,0.6146987866666667
2018-08-14,CTD2,37.760617,-0.8078,0.0777,0.0608,0.059,0.0444,0.0395,0.0366,0.0386,0.0311,0.0354,0.0446,0.0339,0.0294,6.0,0.89466458625
2018-08-14,CTD3,37.761783,-0.78355,0.045,0.0517,0.048,0.0279,0.0256,0.0222,0.0233,0.019,0.019,0.0126,0.0162,0.013,6.0,0.6263670487499999
2018-08-14,CTD4,37.748233,-0.749617,0.0373,0.0396,0.0361,0.0198,0.0175,0.0141,0.0168,0.012,0.0122,0.0051,0.0123,0.0097,6.0,0.7438253787499999
2018-08-14,CTD6,37.710417,-0.778383,0.039,0.044,0.0422,0.0212,0.0183,0.0155,0.0161,0.0132,0.013,0.0066,0.0099,0.0073,6.0,0.9628211387499999
2018-08-14,CTD7,37.718,-0.839783,0.0377,0.0422,0.0418,0.0255,0.0248,0.0197,0.0224,0.0192,0.0191,0.0077,0.0153,0.0116,6.0,0.59070775
2018-08-14,CTD8,37.694517,-0.8104,0.039,0.0447,0.0461,0.021,0.0201,0.0163,0.0164,0.0139,0.0142,0.0067,0.0112,0.0089,6.0,1.1434267249999999
2018-08-14,CTD10,37.659833,-0.781967,0.0458,0.0464,0.0458,0.029,0.0253,0.0215,0.023,0.0205,0.0191,0.0132,0.0162,0.015,6.0,1.4953742714285714
2018-08-14,CTD11,37.6518,-0.728883,0.0622,0.0613,0.0569,0.0374,0.0392,0.0336,0.0343,0.0277,0.0299,0.0297,0.021,0.0162,6.0,0.6610352883333334
2018-08-14,CTD12,37.68735,-0.783783,0.0414,0.0474,0.0481,0.0246,0.0226,0.0198,0.0179,0.0162,0.0154,0.0044,0.0129,0.0106,6.0,1.311126075
2018-08-29,CTD1,37.8118,-0.784483,0.0078,0.0128,0.0279,0.0132,0.0125,0.0097,0.0108,0.0119,0.012,0.011,0.0174,0.0148,6.0,0.50530142
2018-08-29,CTD2,37.760617,-0.8078,0.0199,0.0239,0.0332,0.0174,0.0168,0.0144,0.0162,0.0155,0.0159,0.0135,0.0148,0.0129,6.0,0.589946295
2018-08-29,CTD3,37.761783,-0.78355,0.0188,0.0233,0.0308,0.0157,0.0145,0.0131,0.0131,0.0133,0.0128,0.0143,0.0119,0.0105,6.0,0.6664346325
2018-08-29,CTD4,37.748233,-0.749617,0.0115,0.013,0.0189,0.0104,0.01,0.0075,0.0095,0.0089,0.0094,0.0106,0.0128,0.012,6.0,0.57188567625
2018-08-29,CTD6,37.710417,-0.778383,0.0176,0.0236,0.0322,0.017,0.0144,0.0125,0.0129,0.0122,0.013,0.0115,0.0128,0.0112,6.0,0.99434498375
2018-08-29,CTD7,37.718,-0.839783,0.0187,0.0236,0.0346,0.0206,0.0187,0.0174,0.0192,0.0179,0.0175,0.0174,0.0161,0.0133,6.0,0.8099967428571428
2018-08-29,CTD8,37.694517,-0.8104,0.0158,0.022,0.0334,0.0166,0.0146,0.011,0.0112,0.0124,0.0113,0.009,0.0115,0.0097,6.0,1.2770826875
2018-08-29,CTD10,37.659833,-0.781967,0.0131,0.0174,0.0268,0.013,0.0129,0.0104,0.0117,0.0113,0.0119,0.0107,0.0129,0.0113,6.0,1.3173321857142857
2018-08-29,CTD11,37.6518,-0.728883,0.0041,0.0101,0.0184,0.0065,0.0054,0.0018,0.0029,0.0046,0.0048,0.0056,0.0118,0.0105,6.0,0.8669731500000001
2018-08-29,CTD12,37.68735,-0.783783,0.0163,0.0225,0.0361,0.0152,0.0133,0.0104,0.0097,0.0102,0.01,0.008,0.011,0.0093,6.0,1.2403527875
2018-10-03,CTD1,37.8118,-0.784483,0.0191,0.0206,0.0246,0.0073,0.0054,0.0032,0.0054,0.003,0.0041,0.0,0.0051,0.0053,6.0,0.2947052866666667
2018-10-03,CTD2,37.760617,-0.8078,0.0228,0.0254,0.0239,0.0084,0.0061,0.005,0.0067,0.0048,0.004,0.0,0.0036,0.0027,6.0,0.43363636375000003
2018-10-03,CTD3,37.761783,-0.78355,0.022,0.0268,0.0241,0.0073,0.0055,0.0054,0.0049,0.004,0.0033,0.0,0.0033,0.0031,6.0,0.34605891624999996
2018-10-03,CTD4,37.748233,-0.749617,0.0292,0.0202,0.0177,0.0063,0.0058,0.0026,0.0011,0.0028,0.0048,0.0,0.004,0.0033,6.0,0.22515016
2018-10-03,CTD6,37.710417,-0.778383,0.0222,0.0278,0.0285,0.0087,0.0052,0.0045,0.0046,0.0038,0.0035,0.0,0.0028,0.0028,6.0,0.9975275662499999
2018-10-03,CTD7,37.718,-0.839783,0.0211,0.0233,0.0231,0.0079,0.0066,0.0058,0.0062,0.0046,0.0043,0.0,0.0029,0.0024,6.0,0.28188255285714287
2018-10-03,CTD8,37.694517,-0.8104,0.0282,0.0356,0.0437,0.0154,0.0107,0.0056,0.0061,0.0043,0.0042,0.0,0.0028,0.003,6.0,1.2624633375
2018-10-03,CTD10,37.659833,-0.781967,0.0229,0.0265,0.0263,0.0101,0.0073,0.0046,0.0062,0.0043,0.0044,0.0,0.0038,0.0038,6.0,0.9806198142857142
2018-10-03,CTD11,37.6518,-0.728883,0.028,0.0311,0.0281,0.0115,0.0089,0.0054,0.0069,0.0059,0.0061,0.0,0.0049,0.0043,6.0,0.538486705
2018-10-03,CTD12,37.68735,-0.783783,0.0242,0.0322,0.0364,0.0113,0.0079,0.0046,0.0058,0.0037,0.0039,0.0,0.0026,0.0027,6.0,1.18961145
2018-11-07,CTD1,37.8118,-0.784483,0.0078,0.0051,0.0121,0.0,0.0,0.0,0.0,0.0,0.0,0.0,0.0013,0.0026,6.0,0.6876681766666666
2018-11-07,CTD2,37.760617,-0.8078,0.0108,0.0124,0.0176,0.0009,0.0004,0.0005,0.0,0.0,0.0,0.0,0.0002,0.001,6.0,0.573987055
2018-11-07,CTD3,37.761783,-0.78355,0.0104,0.012,0.0159,0.001,0.0003,0.0,0.0,0.0,0.0,0.0,0.0,0.0008,6.0,1.1214591875
2018-11-07,CTD4,37.748233,-0.749617,0.0053,0.0036,0.0072,0.0,0.0,0.0,0.0,0.0,0.0,0.0,0.0,0.0002,6.0,1.3138959625
2018-11-07,CTD6,37.710417,-0.778383,0.0126,0.0179,0.0256,0.0023,0.0009,0.0,0.0,0.0,1e-04,0.0,0.0,0.0002,6.0,1.3955628375
2018-11-07,CTD7,37.718,-0.839783,0.0077,0.0074,0.0124,0.001,0.0013,0.0005,0.0,0.0,0.0003,0.0,0.0003,0.0012,6.0,0.4246370157142857
2018-11-07,CTD8,37.694517,-0.8104,0.0192,0.0256,0.0357,0.0067,0.0035,0.0,0.0,0.0,0.0,0.0,0.0,0.0003,6.0,1.0407392624999998
2018-11-07,CTD10,37.659833,-0.781967,0.007,0.007,0.0127,1e-04,0.0,0.0,0.0,0.0,0.0,0.0,0.0003,0.0004,6.0,0.8486244342857142
2018-11-07,CTD11,37.6518,-0.728883,0.0,0.0039,0.0084,0.0,0.0,0.0,0.0,0.0,0.0,0.0,0.0,0.0008,6.0,0.8175045533333334
2018-11-07,CTD12,37.68735,-0.783783,0.0087,0.0138,0.0202,0.0004,0.0,0.0,0.0,0.0,0.0,0.0,0.0,0.0008,6.0,0.9376495687499999
2019-02-20,CTD1,37.8118,-0.784483,0.0155,0.0259,0.025,0.0117,0.0067,0.0029,0.0067,0.0103,0.0078,0.0,0.0118,0.0096,6.0,0.6344745566666666
2019-02-20,CTD2,37.760617,-0.8078,0.0241,0.0347,0.0338,0.0153,0.0088,0.0092,0.0108,0.0128,0.0105,0.0035,0.0102,0.0082,6.0,0.5955837987499999
2019-02-20,CTD3,37.761783,-0.78355,0.0232,0.039,0.036,0.0143,0.0094,0.009,0.0105,0.0112,0.0095,0.0014,0.008,0.007,6.0,0.50312076375
2019-02-20,CTD4,37.748233,-0.749617,0.0046,0.0161,0.0132,0.0061,0.0,0.0,0.0012,0.0047,0.0026,0.0,0.0062,0.0054,6.0,0.20999882925
2019-02-20,CTD6,37.710417,-0.778383,0.0185,0.0342,0.0326,0.0124,0.0057,0.0044,0.0066,0.0085,0.0061,0.0005,0.0067,0.0058,6.0,0.14324602875
2019-02-20,CTD7,37.718,-0.839783,0.0236,0.0348,0.0302,0.0173,0.0134,0.0126,0.0137,0.0161,0.0133,0.0068,0.0108,0.0079,6.0,0.2163288985714286
2019-02-20,CTD8,37.694517,-0.8104,0.0123,0.0244,0.0218,0.0113,0.0079,0.0067,0.0076,0.0098,0.008,0.0005,0.0078,0.0065,6.0,0.1768742975
2019-02-20,CTD10,37.659833,-0.781967,0.0133,0.0271,0.0258,0.0124,0.0079,0.0071,0.0085,0.0115,0.0086,0.0022,0.0096,0.0076,6.0,0.17652760000000003
2019-02-20,CTD11,37.6518,-0.728883,0.0402,0.0494,0.0454,0.0283,0.0243,0.0208,0.0219,0.0234,0.0201,0.022,0.0158,0.0133,6.0,0.0681824285
2019-02-20,CTD12,37.68735,-0.783783,0.0229,0.0381,0.0377,0.0147,0.0099,0.0065,0.0084,0.0113,0.0088,0.0004,0.0084,0.0073,6.0,0.16459871125000003
2019-03-12,CTD1,37.8118,-0.784483,0.0163,0.0187,0.0201,0.0062,0.0033,0.0005,0.0027,0.0019,0.0016,0.0,0.0036,0.0044,6.0,0.22978409666666666
2019-03-12,CTD2,37.760617,-0.8078,0.0233,0.0307,0.03,0.0081,0.0051,0.005,0.0052,0.0044,0.0039,0.0,0.0033,0.003,6.0,0.5178119775
2019-03-12,CTD3,37.761783,-0.78355,0.0237,0.032,0.0311,0.0087,0.0061,0.0034,0.0048,0.0047,0.0049,0.0,0.0034,0.003,6.0,0.5056623825
2019-03-12,CTD4,37.748233,-0.749617,0.0122,0.0163,0.0126,0.0011,0.0003,0.0,0.0,0.0,0.0,0.0,0.0026,0.0021,6.0,0.35301379125
2019-03-12,CTD6,37.710417,-0.778383,0.0192,0.0272,0.0275,0.0049,0.003,0.0027,0.0031,0.0025,0.0023,0.0,0.0028,0.0027,6.0,0.31419262125
2019-03-12,CTD7,37.718,-0.839783,0.0158,0.0188,0.0171,0.0058,0.0042,0.003,0.0041,0.003,0.0032,0.0,0.0027,0.0027,6.0,0.29470836142857143
2019-03-12,CTD8,37.694517,-0.8104,0.0142,0.0182,0.018,0.0029,0.0012,0.0,0.0009,0.0006,0.0016,0.0,0.002,0.0018,6.0,0.29918352
2019-03-12,CTD10,37.659833,-0.781967,0.0148,0.0192,0.0187,0.0047,0.0033,0.0025,0.0033,0.0031,0.0047,0.0,0.0046,0.006,6.0,0.30746479000000004
2019-03-12,CTD11,37.6518,-0.728883,0.0358,0.032,0.0281,0.0117,0.0092,0.0084,0.0092,0.0072,0.0062,0.0044,0.006,0.0056,6.0,0.26293936833333337
2019-03-12,CTD12,37.68735,-0.783783,0.022,0.0356,0.0369,0.0073,0.0036,0.0016,0.0032,0.0018,0.0027,0.0,0.003,0.0029,6.0,0.292848035
2019-06-25,CTD1,37.8118,-0.784483,0.0826,0.0912,0.0968,0.0853,0.0904,0.0822,0.0833,0.0849,0.0827,0.0695,0.0811,0.0726,6.0,1.4840893333333334
2019-06-25,CTD2,37.760617,-0.8078,0.0855,0.089,0.0992,0.0893,0.0912,0.0842,0.0821,0.0832,0.0833,0.0699,0.0795,0.0678,6.0,2.890545525
2019-06-25,CTD3,37.761783,-0.78355,0.0813,0.0831,0.0915,0.0803,0.0843,0.0784,0.0782,0.0768,0.0759,0.0685,0.074,0.0648,6.0,3.1055951375
2019-06-25,CTD4,37.748233,-0.749617,0.073,0.0785,0.0832,0.0741,0.0749,0.0698,0.0699,0.0719,0.0689,0.0604,0.068,0.0599,6.0,3.0063605375
2019-06-25,CTD6,37.710417,-0.778383,0.08,0.0852,0.0908,0.0803,0.0823,0.0758,0.0744,0.0756,0.0735,0.0634,0.0715,0.0614,6.0,3.4068223124999997
2019-06-25,CTD7,37.718,-0.839783,0.0863,0.0869,0.0951,0.0842,0.0868,0.0823,0.08,0.0812,0.0803,0.0697,0.0759,0.0677,6.0,1.9954295142857144
2019-06-25,CTD8,37.694517,-0.8104,0.0867,0.092,0.0973,0.0859,0.0876,0.0829,0.082,0.0834,0.0805,0.0688,0.0771,0.0678,6.0,2.1110157875
2019-06-25,CTD10,37.659833,-0.781967,0.0834,0.0872,0.0944,0.0807,0.0812,0.0769,0.0744,0.0758,0.0736,0.0654,0.072,0.0611,6.0,1.9274159857142859
2019-06-25,CTD11,37.6518,-0.728883,0.0873,0.0824,0.0924,0.0847,0.084,0.0814,0.0815,0.0762,0.0828,0.0775,0.0809,0.0748,6.0,2.0759962
2019-06-25,CTD12,37.68735,-0.783783,0.0829,0.087,0.096,0.083,0.0856,0.0792,0.0775,0.079,0.0751,0.0667,0.0744,0.0664,6.0,2.4404346625
2019-07-10,CTD1,37.8118,-0.784483,0.0404,0.0446,0.0483,0.0344,0.0358,0.0296,0.0328,0.0315,0.0313,0.0258,0.0316,0.0269,6.0,0.7995476
2019-07-10,CTD2,37.760617,-0.8078,0.0596,0.069,0.0706,0.0568,0.0578,0.0534,0.0542,0.0531,0.0522,0.0422,0.049,0.0434,6.0,1.01374933
2019-07-10,CTD3,37.761783,-0.78355,0.06,0.07,0.0728,0.0596,0.0579,0.0537,0.0542,0.0538,0.052,0.0439,0.0493,0.0441,6.0,1.3747885549999999
2019-07-10,CTD4,37.748233,-0.749617,0.0436,0.0515,0.0527,0.0381,0.0375,0.0336,0.0344,0.0367,0.0338,0.0304,0.0347,0.0297,6.0,1.2659403599999999
2019-07-10,CTD6,37.710417,-0.778383,0.0609,0.0736,0.0759,0.0587,0.0596,0.0551,0.0551,0.0554,0.0528,0.0444,0.0509,0.0458,6.0,0.7116542887499999
2019-07-10,CTD7,37.718,-0.839783,0.0568,0.0634,0.0682,0.0527,0.0526,0.0501,0.0518,0.0498,0.0469,0.0425,0.0453,0.0403,6.0,1.3885422714285713
2019-07-10,CTD8,37.694517,-0.8104,0.0604,0.0744,0.0808,0.0598,0.0588,0.0543,0.0556,0.0542,0.0516,0.0442,0.0503,0.0444,6.0,1.0671962662499999
2019-07-10,CTD10,37.659833,-0.781967,0.0648,0.078,0.082,0.0663,0.0648,0.0624,0.0624,0.0623,0.0577,0.05,0.0574,0.0515,6.0,1.630659157142857
2019-07-10,CTD11,37.6518,-0.728883,0.0694,0.0626,0.0672,0.0443,0.0449,0.0411,0.0422,0.0386,0.04,0.052,0.0401,0.0365,6.0,1.0253849666666666
2019-07-10,CTD12,37.68735,-0.783783,0.0635,0.075,0.0774,0.0624,0.0629,0.0574,0.0573,0.0587,0.0556,0.0484,0.0552,0.0485,6.0,0.9440728875
2019-08-14,CTD1,37.8118,-0.784483,0.0437,0.0458,0.0537,0.035,0.0327,0.0272,0.0276,0.0287,0.026,0.0185,0.0271,0.0237,6.0,2.1766305999999997
2019-08-14,CTD2,37.760617,-0.8078,0.046,0.0492,0.0582,0.039,0.0367,0.0309,0.0293,0.03,0.0278,0.021,0.0237,0.0215,6.0,3.4269524500000004
2019-08-14,CTD3,37.761783,-0.78355,0.0417,0.0426,0.048,0.0306,0.0293,0.0239,0.024,0.0244,0.0224,0.0166,0.0195,0.0167,6.0,4.3472120499999996
2019-08-14,CTD4,37.748233,-0.749617,0.0332,0.0354,0.0433,0.0255,0.0205,0.0165,0.0161,0.0167,0.0139,0.0084,0.0177,0.0151,6.0,4.319235025
2019-08-14,CTD6,37.710417,-0.778383,0.0399,0.0418,0.051,0.0306,0.0281,0.0222,0.022,0.0208,0.021,0.0145,0.0177,0.0146,6.0,3.7191130249999995
2019-08-14,CTD7,37.718,-0.839783,0.0462,0.0518,0.0632,0.0347,0.033,0.0277,0.0288,0.0265,0.0262,0.0174,0.0219,0.0175,6.0,3.4482128142857142
2019-08-14,CTD8,37.694517,-0.8104,0.0469,0.0556,0.0758,0.0393,0.0343,0.0273,0.0258,0.0273,0.0249,0.0186,0.0218,0.0185,6.0,3.7912250624999997
2019-08-14,CTD10,37.659833,-0.781967,0.039,0.0414,0.0488,0.0309,0.0299,0.0246,0.0231,0.0245,0.0216,0.0163,0.0209,0.0184,6.0,2.775392685714286
2019-08-14,CTD11,37.6518,-0.728883,0.0502,0.0414,0.0492,0.031,0.0296,0.0242,0.0228,0.0223,0.0226,0.0236,0.0222,0.0207,6.0,2.9010181
2019-08-14,CTD12,37.68735,-0.783783,0.0385,0.0415,0.0496,0.0286,0.0262,0.0211,0.0199,0.021,0.0204,0.0146,0.0175,0.0153,6.0,3.38373525
2019-09-18,CTD1,37.8118,-0.784483,0.0238,0.036,0.0528,0.0343,0.0402,0.019,0.0204,0.0221,0.0175,0.0021,0.0152,0.0126,6.0,18.424093333333335
2019-09-18,CTD2,37.760617,-0.8078,0.0163,0.0302,0.0526,0.0296,0.0345,0.0132,0.0151,0.0192,0.0109,0.0006,0.0107,0.0096,6.0,12.612419999999998
2019-09-18,CTD3,37.761783,-0.78355,0.0039,0.0275,0.0579,0.0544,0.0403,0.0154,0.0101,0.0296,0.0085,0.0,0.0208,0.0096,10.0,11.31035505
2019-09-18,CTD4,37.748233,-0.749617,0.0043,0.0205,0.0324,0.0216,0.0234,0.0038,0.0044,0.0072,0.0051,0.0164,0.0154,0.0138,6.0,12.430343462500002
2019-09-18,CTD6,37.710417,-0.778383,0.0129,0.0259,0.0342,0.0215,0.0248,0.0074,0.0084,0.0107,0.0073,0.0,0.0085,0.008,6.0,14.363758187500002
2019-09-18,CTD7,37.718,-0.839783,0.0199,0.0304,0.0445,0.03,0.0371,0.0175,0.0191,0.0182,0.014,0.002,0.0108,0.0077,6.0,7.756056471428573
2019-09-18,CTD8,37.694517,-0.8104,0.0255,0.0377,0.0465,0.0326,0.0363,0.0151,0.017,0.0216,0.0166,0.0456,0.0223,0.0223,10.0,10.820155775
2019-09-18,CTD10,37.659833,-0.781967,0.0164,0.0285,0.0402,0.0248,0.0273,0.0136,0.0132,0.0144,0.0104,0.0,0.0103,0.0087,6.0,15.693482185714286
2019-09-18,CTD11,37.6518,-0.728883,0.0083,0.032,0.0415,0.026,0.0271,0.0127,0.014,0.0172,0.0117,0.0,0.0121,0.0103,6.0,21.01925533333333
2019-09-18,CTD12,37.68735,-0.783783,0.09,0.1016,0.0976,0.0802,0.0893,0.0669,0.0661,0.0744,0.0605,0.2291,0.0854,0.0682,10.0,13.0479581
2019-10-03,CTD1,37.8118,-0.784483,0.0413,0.0534,0.092,0.0596,0.0558,0.0196,0.0203,0.0188,0.0143,0.0096,0.0094,0.0087,6.0,3.6439805666666665
2019-10-03,CTD2,37.760617,-0.8078,0.0226,0.0223,0.0273,0.0167,0.0136,0.0103,0.0104,0.0101,0.0099,0.0073,0.0054,0.0049,6.0,5.438363675
2019-10-03,CTD3,37.761783,-0.78355,0.024,0.0233,0.0274,0.0165,0.0146,0.0108,0.0106,0.0101,0.0083,0.0065,0.006,0.0051,6.0,4.292157749999999
2019-10-03,CTD4,37.748233,-0.749617,0.014,0.0147,0.022,0.0139,0.0109,0.0074,0.007,0.0075,0.0067,0.0042,0.0053,0.0049,6.0,2.9218469125
2019-10-03,CTD6,37.710417,-0.778383,0.0198,0.0176,0.0246,0.0136,0.0116,0.0074,0.0073,0.0067,0.0064,0.0043,0.0035,0.0033,6.0,5.441725775
2019-10-03,CTD7,37.718,-0.839783,0.0243,0.024,0.0323,0.0185,0.0159,0.012,0.0116,0.0103,0.0093,0.0059,0.0044,0.0044,6.0,8.252757285714285
2019-10-03,CTD8,37.694517,-0.8104,0.0193,0.0186,0.0241,0.0134,0.0107,0.007,0.0068,0.0066,0.0056,0.0022,0.0033,0.0034,6.0,5.52340455
2019-10-03,CTD10,37.659833,-0.781967,0.0174,0.0155,0.0205,0.0126,0.0109,0.007,0.0069,0.0068,0.0061,0.002,0.0038,0.0026,6.0,6.436157657142857
2019-10-03,CTD11,37.6518,-0.728883,0.0119,0.0128,0.018,0.0094,0.0066,0.0028,0.0032,0.0034,0.0025,0.0005,0.0029,0.0028,6.0,4.90889035
2019-10-03,CTD12,37.68735,-0.783783,0.0182,0.0156,0.0197,0.011,0.0086,0.0064,0.0059,0.0057,0.0046,0.0021,0.0031,0.0025,6.0,5.1183528
2019-11-27,CTD1,37.8118,-0.784483,0.0,0.0081,0.0096,0.0,0.0,0.0,0.0,0.0,0.0,0.0,0.0015,0.0013,6.0,5.206739
2019-11-27,CTD2,37.760617,-0.8078,0.0051,0.0151,0.0262,0.01,0.0069,0.0,0.0024,0.0004,0.0009,0.0,0.0013,0.0024,6.0,16.1985167125
2019-11-27,CTD3,37.761783,-0.78355,0.0059,0.0159,0.0287,0.0108,0.0082,0.0009,0.0009,0.0014,0.0,0.0,0.0014,0.0024,6.0,15.45191975
2019-11-27,CTD4,37.748233,-0.749617,0.0018,0.0112,0.0212,0.0053,0.0023,0.0,0.0,0.0,0.0,0.0,0.0023,0.0025,6.0,10.961762749999998
2019-11-27,CTD6,37.710417,-0.778383,0.0045,0.0131,0.0248,0.0119,0.0098,0.0,1e-04,0.0,1e-04,0.0045,0.0048,0.0049,10.0,11.63898695
2019-11-27,CTD7,37.718,-0.839783,0.0053,0.0147,0.0236,0.0113,0.0107,0.005,0.0077,0.0054,0.0059,0.0041,0.0043,0.0047,6.0,15.826358342857144
2019-11-27,CTD8,37.694517,-0.8104,0.001,0.013,0.022,0.0099,0.0065,0.0,0.0,1e-04,0.0,0.0016,0.0046,0.0054,10.0,11.609807412499999
2019-11-27,CTD10,37.659833,-0.781967,0.0046,0.0167,0.0253,0.013,0.0084,0.0,0.0026,0.0,1e-04,0.0045,0.0051,0.0057,10.0,7.3415937
2019-11-27,CTD11,37.6518,-0.728883,0.0049,0.0242,0.041,0.0134,0.0085,0.0,0.0,0.0,0.0,0.0006,0.0043,0.0054,10.0,8.580980833333333
2019-11-27,CTD12,37.68735,-0.783783,0.0069,0.0204,0.031,0.0147,0.0125,0.001,0.0016,0.0022,0.0003,0.0077,0.0065,0.0069,10.0,9.383922875
2019-12-02,CTD1,37.8118,-0.784483,0.0,0.0081,0.0096,0.0,0.0,0.0,0.0,0.0,0.0,0.0,0.0015,0.0013,6.0,6.811920433333333
2019-12-02,CTD2,37.760617,-0.8078,0.0051,0.0151,0.0262,0.01,0.0069,0.0,0.0024,0.0004,0.0009,0.0,0.0013,0.0024,6.0,8.87492525
2019-12-02,CTD3,37.761783,-0.78355,0.0059,0.0159,0.0287,0.0108,0.0082,0.0009,0.0009,0.0014,0.0,0.0,0.0014,0.0024,6.0,8.653749525
2019-12-02,CTD4,37.748233,-0.749617,0.0018,0.0112,0.0212,0.0053,0.0023,0.0,0.0,0.0,0.0,0.0,0.0023,0.0025,6.0,7.9942773375
2019-12-02,CTD6,37.710417,-0.778383,0.0045,0.0131,0.0248,0.0119,0.0098,0.0,1e-04,0.0,1e-04,0.0045,0.0048,0.0049,10.0,9.7220294375
2019-12-02,CTD7,37.718,-0.839783,0.0053,0.0147,0.0236,0.0113,0.0107,0.005,0.0077,0.0054,0.0059,0.0041,0.0043,0.0047,6.0,9.083602271428573
2019-12-02,CTD8,37.694517,-0.8104,0.001,0.013,0.022,0.0099,0.0065,0.0,0.0,1e-04,0.0,0.0016,0.0046,0.0054,10.0,7.673276225
2019-12-02,CTD10,37.659833,-0.781967,0.0046,0.0167,0.0253,0.013,0.0084,0.0,0.0026,0.0,1e-04,0.0045,0.0051,0.0057,10.0,6.509338642857143
2019-12-02,CTD11,37.6518,-0.728883,0.0049,0.0242,0.041,0.0134,0.0085,0.0,0.0,0.0,0.0,0.0006,0.0043,0.0054,10.0,6.2950405499999995
2019-12-02,CTD12,37.68735,-0.783783,0.0069,0.0204,0.031,0.0147,0.0125,0.001,0.0016,0.0022,0.0003,0.0077,0.0065,0.0069,10.0,6.6537105875
2020-02-20,CTD1,37.8118,-0.784483,0.0072,0.0094,0.0146,0.0004,0.0,0.0,0.0,0.0,0.0,0.0,0.0014,0.0026,6.0,2.3856259133333335
2020-02-20,CTD2,37.760617,-0.8078,0.0104,0.0095,0.0182,0.0033,0.0007,0.0,0.0,0.0002,0.0,0.0,0.0008,0.0013,6.0,3.9806233000000004
2020-02-20,CTD3,37.761783,-0.78355,0.0098,0.0093,0.0192,0.0055,0.0021,0.0006,0.0002,0.0004,0.0002,0.0,0.0013,0.0022,6.0,4.506185575
2020-02-20,CTD4,37.748233,-0.749617,0.0055,0.0068,0.0172,0.0024,0.0,0.0,0.0,0.0,0.0,0.0,0.0005,0.0022,6.0,4.953226750000001
2020-02-20,CTD6,37.710417,-0.778383,0.0086,0.0077,0.0154,0.0045,0.0009,0.0,0.0,0.0004,0.0009,0.0,0.0006,0.0012,6.0,5.011367225
2020-02-20,CTD7,37.718,-0.839783,0.0205,0.0282,0.0464,0.0168,0.0109,0.0023,0.0031,0.0022,0.0019,0.0,0.0009,0.0012,6.0,3.492289271428571
2020-02-20,CTD8,37.694517,-0.8104,0.0126,0.0127,0.0249,0.0081,0.0048,0.0009,0.0013,0.0011,0.0007,0.0,0.0012,0.0017,6.0,3.69503675
2020-02-20,CTD10,37.659833,-0.781967,0.0128,0.0162,0.028,0.009,0.0049,0.0016,0.0014,0.0017,0.0016,0.0,0.0019,0.0018,6.0,3.120285814285714
2020-02-20,CTD11,37.6518,-0.728883,0.038,0.0305,0.0372,0.0164,0.013,0.0093,0.0084,0.008,0.0083,0.0046,0.0047,0.0034,6.0,3.1498204333333333
2020-02-20,CTD12,37.68735,-0.783783,0.0091,0.0097,0.0168,0.0042,0.0016,0.0,0.0,0.0,0.0,0.0,0.0007,0.0023,6.0,3.31274625
2020-02-25,CTD1,37.8118,-0.784483,0.0022,0.0091,0.0111,0.0,0.0,0.0,0.0,0.0,0.0,0.0,0.0018,0.0025,6.0,3.0149075666666665
2020-02-25,CTD2,37.760617,-0.8078,0.0052,0.0128,0.0188,0.0029,0.0007,0.0,0.0,0.0,0.0,0.0,0.0006,0.0015,6.0,2.2740424624999998
2020-02-25,CTD3,37.761783,-0.78355,0.0076,0.015,0.0212,0.0093,0.0073,0.0061,0.0065,0.0072,0.0052,0.0021,0.0078,0.005,6.0,11.19447875
2020-02-25,CTD4,37.748233,-0.749617,0.0,0.0,0.0008,0.0,0.0,0.0,0.0,0.0,0.0,0.0,0.0,0.0013,6.0,5.6829379
2020-02-25,CTD6,37.710417,-0.778383,0.0,0.0,0.0,0.0,0.0,0.0,0.0,0.0,0.0,0.0,0.0,0.0002,6.0,6.419182575
2020-02-25,CTD7,37.718,-0.839783,0.0086,0.0193,0.0316,0.0106,0.0069,0.0017,0.0025,0.0024,0.0,0.0,0.0003,0.001,6.0,1.9730936557142857
2020-02-25,CTD8,37.694517,-0.8104,0.0,0.0,0.0008,0.0,0.0,0.0,0.0,0.0,0.0,0.0,0.0,0.0008,6.0,3.6593990874999998
2020-02-25,CTD10,37.659833,-0.781967,0.0,0.0073,0.0232,0.0092,0.007,0.0071,0.0098,0.0081,0.0123,0.012,0.0215,0.0198,10.0,2.3749865857142853
2020-02-25,CTD11,37.6518,-0.728883,0.1192,0.1324,0.1334,0.1166,0.1218,0.1211,0.1245,0.141,0.1271,0.1984,0.1629,0.193,8.0,1.47419606
2020-02-25,CTD12,37.68735,-0.783783,0.0,0.0,0.0,0.0,0.0,0.0,0.0,0.0,0.0,0.0,0.0,0.0,6.0,4.4913486
2020-03-11,CTD1,37.8118,-0.784483,0.0114,0.0184,0.0309,0.0046,0.0015,0.0,0.0,0.0,0.0,0.0,0.0021,0.0024,6.0,4.220102
2020-03-11,CTD2,37.760617,-0.8078,0.0104,0.0157,0.0323,0.0102,0.006,0.0,0.0,0.0,0.0,0.0,0.0008,0.0016,6.0,9.445795187500002
2020-03-11,CTD3,37.761783,-0.78355,0.0059,0.0085,0.02,0.0049,0.0036,0.0,0.0,0.0,0.0,0.0,0.0003,0.0009,6.0,9.993392212499998
2020-03-11,CTD4,37.748233,-0.749617,0.0,0.0029,0.0163,0.0,0.0,0.0,0.0,0.0,0.0,0.0,0.0,0.0006,6.0,10.075244099999999
2020-03-11,CTD6,37.710417,-0.778383,0.0048,0.007,0.0238,0.0076,0.0071,0.0,0.0,0.0,0.0,0.0,0.0,0.0005,6.0,10.938850525000001
2020-03-11,CTD7,37.718,-0.839783,0.0128,0.0209,0.0456,0.0166,0.0118,0.0028,0.0024,0.0009,0.0002,0.0,0.0009,0.0011,6.0,8.294193485714285
2020-03-11,CTD8,37.694517,-0.8104,0.0051,0.008,0.0249,0.0084,0.0066,0.0,0.0,0.0,0.0,0.0,0.0007,0.0011,6.0,7.6438224875000005
2020-03-11,CTD10,37.659833,-0.781967,0.0034,0.007,0.0231,0.0048,0.0022,0.0,0.0,0.0,0.0,0.0,0.0003,0.0015,6.0,4.456201342857143
2020-03-11,CTD11,37.6518,-0.728883,0.0,0.0047,0.022,0.0037,0.0007,0.0,0.0,0.0,0.0,0.0,0.0011,0.0019,6.0,4.421660966666667
2020-03-11,CTD12,37.68735,-0.783783,0.0048,0.0068,0.0214,0.0042,0.0018,0.0,0.0,0.0,0.0,0.0,0.0,0.0,6.0,5.026922212500001
2020-05-05,CTD1,37.8118,-0.784483,0.0491,0.0588,0.068,0.0514,0.0556,0.0505,0.0541,0.0526,0.0544,0.0653,0.0553,0.051,6.0,0.6126580500000001
2020-05-05,CTD2,37.760617,-0.8078,0.0482,0.0552,0.0632,0.0526,0.0536,0.0541,0.056,0.0552,0.0547,0.0717,0.0498,0.0437,6.0,0.6375719099999999
2020-05-05,CTD3,37.761783,-0.78355,0.0512,0.0636,0.0719,0.0545,0.0566,0.0539,0.0552,0.0571,0.0521,0.0671,0.0486,0.0424,6.0,1.19625308125
2020-05-05,CTD4,37.748233,-0.749617,0.0404,0.045,0.049,0.0358,0.0397,0.0368,0.0367,0.0371,0.0382,0.0586,0.0377,0.0338,6.0,1.3001660400000001
2020-05-05,CTD6,37.710417,-0.778383,0.0453,0.0596,0.0662,0.0547,0.0536,0.0472,0.0485,0.0489,0.0457,0.0783,0.0481,0.043,10.0,1.8198769449999999
2020-05-05,CTD7,37.718,-0.839783,0.0558,0.076,0.0942,0.06,0.0575,0.0534,0.0548,0.056,0.052,0.0623,0.046,0.0388,6.0,1.4295674628571429
2020-05-05,CTD8,37.694517,-0.8104,0.0417,0.0525,0.0584,0.0467,0.0501,0.0481,0.0488,0.0502,0.0458,0.0653,0.0427,0.0372,6.0,1.8192929875
2020-05-05,CTD10,37.659833,-0.781967,0.0375,0.0456,0.0541,0.04,0.0445,0.0406,0.0422,0.0426,0.042,0.0893,0.0467,0.042,10.0,1.5666599914285715
2020-05-05,CTD11,37.6518,-0.728883,0.0774,0.0844,0.0958,0.0742,0.0768,0.0683,0.0687,0.0618,0.0685,0.129,0.0694,0.065,10.0,0.66441166
2020-05-05,CTD12,37.68735,-0.783783,0.0436,0.059,0.064,0.0522,0.0519,0.0453,0.0453,0.0462,0.0452,0.0806,0.0475,0.0443,10.0,1.8202295499999999
2020-05-20,CTD1,37.8118,-0.784483,0.0445,0.0489,0.0606,0.0346,0.0383,0.0281,0.0279,0.0262,0.0258,0.0186,0.0255,0.0211,6.0,0.7981276200000001
2020-05-20,CTD2,37.760617,-0.8078,0.0294,0.0236,0.0265,0.0104,0.0085,0.0069,0.0068,0.0063,0.005,0.0097,0.0043,0.0043,6.0,1.25752008
2020-05-20,CTD3,37.761783,-0.78355,0.0334,0.0282,0.0367,0.0183,0.02,0.0142,0.0135,0.0168,0.0122,0.0126,0.0125,0.0102,6.0,3.13245935
2020-05-20,CTD4,37.748233,-0.749617,0.0652,0.0714,0.0774,0.0664,0.0635,0.0615,0.0584,0.0614,0.0567,0.0488,0.0566,0.0506,6.0,3.1161260625
2020-05-20,CTD6,37.710417,-0.778383,0.0388,0.0416,0.0432,0.0341,0.0324,0.0297,0.0281,0.0311,0.0266,0.0214,0.0249,0.0219,6.0,4.1264880250000004
2020-05-20,CTD7,37.718,-0.839783,0.0499,0.0414,0.0622,0.031,0.0346,0.0339,0.0309,0.0303,0.0304,0.0354,0.0311,0.0231,6.0,3.6817853
2020-05-20,CTD8,37.694517,-0.8104,0.0604,0.0658,0.07,0.0569,0.0586,0.0533,0.053,0.0561,0.0496,0.0421,0.0463,0.0411,6.0,4.818866262499999
2020-05-20,CTD10,37.659833,-0.781967,0.0282,0.0282,0.0344,0.0206,0.0185,0.0145,0.0142,0.0172,0.0131,0.0073,0.0089,0.0101,6.0,4.621256114285714
2020-05-20,CTD11,37.6518,-0.728883,0.0528,0.0392,0.044,0.0266,0.0271,0.0245,0.0259,0.0178,0.0249,0.0245,0.0184,0.02,6.0,1.2165177916666667
2020-05-20,CTD12,37.68735,-0.783783,0.0559,0.0574,0.0646,0.0502,0.053,0.0441,0.0417,0.0478,0.0402,0.0368,0.0402,0.0351,6.0,4.8712912875
2020-08-13,CTD1,37.8118,-0.784483,0.0205,0.035,0.0416,0.0282,0.0285,0.0273,0.0285,0.0272,0.0299,0.0173,0.0364,0.0323,6.0,0.6222133933333334
2020-08-13,CTD2,37.760617,-0.8078,0.0477,0.0542,0.054,0.0461,0.0452,0.0423,0.0447,0.0431,0.042,0.0323,0.0393,0.0336,6.0,1.0406128125
2020-08-13,CTD3,37.761783,-0.78355,0.0453,0.0523,0.0514,0.042,0.0401,0.0382,0.0386,0.0381,0.0369,0.0301,0.0334,0.0285,6.0,0.6825016112500001
2020-08-13,CTD4,37.748233,-0.749617,0.0409,0.0475,0.0487,0.0384,0.0367,0.0348,0.0377,0.036,0.0339,0.0258,0.0332,0.0285,6.0,0.39687354125
2020-08-13,CTD6,37.710417,-0.778383,0.0398,0.0492,0.0478,0.0367,0.0354,0.0338,0.0328,0.0334,0.0316,0.0246,0.0278,0.0238,6.0,0.9309419375000001
2020-08-13,CTD7,37.718,-0.839783,0.0456,0.0563,0.0593,0.0414,0.0406,0.0378,0.037,0.0369,0.0354,0.0285,0.032,0.026,6.0,2.116720128571429
2020-08-13,CTD8,37.694517,-0.8104,0.0428,0.0531,0.057,0.0408,0.0387,0.0349,0.0342,0.0331,0.0326,0.0245,0.029,0.0243,6.0,2.0680938125
2020-08-13,CTD10,37.659833,-0.781967,0.0391,0.0479,0.05,0.0382,0.0375,0.0347,0.036,0.0366,0.034,0.0279,0.0318,0.0267,6.0,1.2973504857142857
2020-08-13,CTD11,37.6518,-0.728883,0.0366,0.0428,0.0466,0.0293,0.0291,0.0267,0.0298,0.0248,0.0268,0.0242,0.0255,0.0224,6.0,0.73974449
2020-08-13,CTD12,37.68735,-0.783783,0.0345,0.0408,0.0418,0.0316,0.0305,0.0264,0.0281,0.0271,0.0264,0.0234,0.0225,0.02,6.0,1.6789971375000001
2020-12-21,CTD1,37.8118,-0.784483,0.0063,0.0118,0.012,0.0,0.0,0.0,0.0,0.0,0.0,0.0,1e-04,0.0033,6.0,0.6747100766666666
2020-12-21,CTD2,37.760617,-0.8078,0.0091,0.0152,0.0112,0.0004,0.0,0.0,0.0,0.0,0.0,0.0,0.0003,0.0009,6.0,0.89111487875
2020-12-21,CTD3,37.761783,-0.78355,0.008,0.0131,0.0117,0.0004,0.0,0.0,0.0006,0.0,0.0,0.0,0.0003,0.0007,6.0,0.9933206324999999
2020-12-21,CTD4,37.748233,-0.749617,0.004,0.01,0.011,0.0,0.0,0.0,0.0,0.0,0.0,0.0,0.0,0.0002,6.0,1.184502765
2020-12-21,CTD6,37.710417,-0.778383,0.0065,0.0115,0.0109,0.0,0.0,0.0,0.0,0.0,0.0,0.0,0.0,0.0006,6.0,1.51148484625
2020-12-21,CTD7,37.718,-0.839783,0.0078,0.016,0.0129,0.0009,0.0,0.0,0.0009,0.0,0.0,0.0,0.001,0.0,6.0,0.9140678628571429
2020-12-21,CTD8,37.694517,-0.8104,0.0076,0.012,0.0123,0.0005,0.0,0.0,0.0,0.0,0.0,0.0,1e-04,0.0004,6.0,1.2214582950000001
2020-12-21,CTD10,37.659833,-0.781967,0.0043,0.0108,0.0115,0.0,0.0,0.0,0.0,0.0,0.0,0.0,0.0,0.0,6.0,1.5894216571428572
2020-12-21,CTD11,37.6518,-0.728883,0.0013,0.0155,0.0227,0.0,0.0,0.0,0.0,0.0,0.0,0.0,0.0,0.0005,6.0,2.181638283333333
2020-12-21,CTD12,37.68735,-0.783783,0.0052,0.0107,0.0104,0.0,0.0,0.0,0.0,0.0,0.0,0.0,0.0,0.0004,6.0,1.2503442624999999
2021-01-05,CTD1,37.8118,-0.784483,0.0072,0.008,0.0184,0.0006,0.0012,0.0,0.0,0.0,0.0,0.0,0.0008,0.0022,6.0,0.43058145333333336
2021-01-05,CTD2,37.760617,-0.8078,0.0097,0.0101,0.012,0.0032,0.0022,0.0012,0.0002,0.0006,0.001,0.0,0.0005,0.0015,6.0,0.60899271
2021-01-05,CTD3,37.761783,-0.78355,0.0154,0.016,0.0167,0.0043,0.003,0.0013,0.0011,0.0005,0.0002,0.0,0.0003,0.0019,6.0,0.96786862625
2021-01-05,CTD4,37.748233,-0.749617,0.0085,0.0113,0.0147,0.0,0.0,0.0,0.0,0.0,0.0,0.0,0.0006,0.0011,6.0,0.62385831625
2021-01-05,CTD6,37.710417,-0.778383,0.009,0.0113,0.0166,0.0026,0.0006,0.0002,0.0002,0.0,0.0,0.0,0.0,0.0006,6.0,0.4850914075
2021-01-05,CTD7,37.718,-0.839783,0.0116,0.0129,0.0174,0.0028,0.0032,0.0013,0.0016,0.0009,0.0005,0.0,0.0009,0.0014,6.0,0.4164456857142857
2021-01-05,CTD8,37.694517,-0.8104,0.0086,0.0091,0.0138,0.0027,0.0,0.0,0.0,0.0,0.0,0.0,0.0003,0.0005,6.0,0.7007862675000001
2021-01-05,CTD10,37.659833,-0.781967,0.0083,0.0119,0.0213,0.0034,0.0024,0.0,0.0,0.0,0.0,0.0,0.0,0.0006,6.0,0.90284212
2021-01-05,CTD11,37.6518,-0.728883,0.0,0.0,0.0,0.0,0.0,0.0,0.0,0.0,0.0,0.0,0.0,0.0,6.0,0.39395443999999996
2021-01-05,CTD12,37.68735,-0.783783,0.0058,0.006,0.0118,0.0012,0.0,0.0,0.0,0.0,0.0,0.0,0.0,0.001,6.0,0.5530722575
2021-04-20,CTD1,37.8118,-0.784483,0.04,0.0417,0.0404,0.0224,0.0245,0.0211,0.0214,0.0186,0.016,0.0121,0.0127,0.0106,6.0,0.61997672
2021-04-20,CTD2,37.760617,-0.8078,0.0393,0.0411,0.0368,0.0256,0.0237,0.0227,0.0229,0.0213,0.0201,0.0146,0.0143,0.0117,6.0,0.8688032112500002
2021-04-20,CTD3,37.761783,-0.78355,0.0431,0.0428,0.0378,0.0252,0.0257,0.0228,0.0242,0.0219,0.0229,0.0201,0.0161,0.0144,6.0,0.80305364375
2021-04-20,CTD4,37.748233,-0.749617,0.0331,0.0357,0.0338,0.014,0.0134,0.0105,0.0119,0.0091,0.0086,0.0104,0.0087,0.0073,6.0,0.6150903212500001
2021-04-20,CTD6,37.710417,-0.778383,0.0331,0.0344,0.0302,0.018,0.0176,0.0164,0.0153,0.0154,0.013,0.0103,0.0111,0.0093,6.0,0.6333371825
2021-04-20,CTD7,37.718,-0.839783,0.0387,0.0417,0.0412,0.0238,0.0232,0.0232,0.0231,0.0202,0.0199,0.0124,0.0143,0.0107,6.0,1.200846142857143
2021-04-20,CTD8,37.694517,-0.8104,0.0325,0.0344,0.0324,0.0172,0.0158,0.0148,0.0152,0.0128,0.0129,0.0089,0.0094,0.0073,6.0,0.9932469537499999
2021-04-20,CTD10,37.659833,-0.781967,0.0276,0.0272,0.025,0.0112,0.0103,0.0114,0.011,0.0089,0.0089,0.0058,0.0042,0.0029,6.0,0.7308828714285714
2021-04-20,CTD11,37.6518,-0.728883,0.0278,0.0327,0.0333,0.0081,0.0064,0.0052,0.0054,0.003,0.0035,0.001,0.0031,0.0023,6.0,0.40924283083333335
2021-04-20,CTD12,37.68735,-0.783783,0.0307,0.033,0.0298,0.0151,0.0165,0.0148,0.0146,0.0125,0.0111,0.0077,0.0095,0.0069,6.0,0.75738093625
2021-06-14,CTD1,37.8118,-0.784483,0.0217,0.0358,0.0573,0.0522,0.0572,0.0561,0.057,0.0628,0.0591,0.0708,0.0673,0.0561,6.0,0.3463882833333334
2021-06-14,CTD2,37.760617,-0.8078,0.0468,0.0586,0.0704,0.0656,0.0708,0.0708,0.0722,0.072,0.0716,0.0811,0.0699,0.06,6.0,0.44614036625
2021-06-14,CTD3,37.761783,-0.78355,0.0471,0.0602,0.0724,0.0636,0.0689,0.067,0.0667,0.0672,0.0666,0.0774,0.0627,0.0548,6.0,0.58747254625
2021-06-14,CTD4,37.748233,-0.749617,0.0376,0.0522,0.0656,0.06,0.0612,0.0587,0.0575,0.0597,0.0578,0.0737,0.0623,0.0552,6.0,0.46820949500000003
2021-06-14,CTD6,37.710417,-0.778383,0.0467,0.0602,0.0718,0.0656,0.0682,0.0677,0.065,0.067,0.0649,0.0773,0.0634,0.0562,6.0,0.51587200625
2021-06-14,CTD7,37.718,-0.839783,0.0494,0.0686,0.0888,0.0716,0.0752,0.0727,0.0746,0.0749,0.0743,0.083,0.0674,0.0584,6.0,1.1744372142857142
2021-06-14,CTD8,37.694517,-0.8104,0.048,0.062,0.075,0.0679,0.072,0.0703,0.0713,0.07,0.0703,0.0796,0.0661,0.0571,6.0,0.55535169
2021-06-14,CTD10,37.659833,-0.781967,0.0459,0.0628,0.0811,0.0708,0.0739,0.0728,0.0753,0.0756,0.0752,0.0841,0.0717,0.0622,6.0,0.8022821571428572
2021-06-14,CTD11,37.6518,-0.728883,0.0689,0.06,0.0792,0.0622,0.0655,0.0666,0.0669,0.0628,0.0673,0.0803,0.071,0.0628,6.0,0.7269037116666667
2021-06-14,CTD12,37.68735,-0.783783,0.0464,0.0604,0.0741,0.0687,0.0704,0.0691,0.0694,0.0682,0.0684,0.0808,0.0662,0.0577,6.0,0.7430151062499999
2021-07-14,CTD1,37.8118,-0.784483,0.062,0.0643,0.0714,0.0546,0.0582,0.0516,0.0499,0.0497,0.0508,0.0415,0.0494,0.0443,6.0,0.3902679166666667
2021-07-14,CTD2,37.760617,-0.8078,0.0668,0.0677,0.0709,0.0584,0.0588,0.0558,0.0552,0.0551,0.0552,0.0434,0.0504,0.0446,6.0,0.4669484012499999
2021-07-14,CTD3,37.761783,-0.78355,0.0648,0.0654,0.0706,0.0566,0.0578,0.0539,0.0538,0.0533,0.0518,0.0414,0.0487,0.0422,6.0,0.62756503625
2021-07-14,CTD4,37.748233,-0.749617,0.0623,0.062,0.0654,0.0525,0.0561,0.0532,0.051,0.0479,0.0519,0.0408,0.0514,0.045,6.0,0.831045865
2021-07-14,CTD6,37.710417,-0.778383,0.0595,0.0588,0.0646,0.0538,0.0531,0.0494,0.0474,0.0482,0.0463,0.0381,0.0436,0.0387,6.0,1.02882817125
2021-07-14,CTD7,37.718,-0.839783,0.0814,0.0939,0.1222,0.0824,0.0762,0.0581,0.0564,0.0554,0.0542,0.0435,0.0481,0.0428,6.0,1.05233701
2021-07-14,CTD8,37.694517,-0.8104,0.0627,0.066,0.07,0.0582,0.0578,0.0529,0.0518,0.0521,0.0505,0.0411,0.0474,0.0421,6.0,1.19192441625
2021-07-14,CTD10,37.659833,-0.781967,0.063,0.0637,0.0685,0.057,0.0572,0.0501,0.0517,0.0514,0.0511,0.0405,0.0481,0.0417,6.0,1.0873227385714286
2021-07-14,CTD11,37.6518,-0.728883,0.0842,0.0832,0.0934,0.077,0.0773,0.0737,0.0747,0.0666,0.0745,0.0613,0.0715,0.0666,6.0,0.693428295
2021-07-14,CTD12,37.68735,-0.783783,0.0634,0.0647,0.068,0.0594,0.0601,0.0546,0.0539,0.055,0.0519,0.0426,0.0507,0.0452,6.0,1.2528288575
2021-08-03,CTD1,37.8118,-0.784483,0.0329,0.0335,0.0406,0.0236,0.0247,0.0194,0.0196,0.0199,0.0185,0.0179,0.0198,0.0181,6.0,0.5125386900000001
2021-08-03,CTD2,37.760617,-0.8078,0.0425,0.0412,0.047,0.0362,0.0354,0.0309,0.0302,0.0303,0.0289,0.0268,0.0254,0.023,6.0,1.1759747999999999
2021-08-03,CTD3,37.761783,-0.78355,0.0459,0.0487,0.0539,0.0397,0.0386,0.0358,0.0345,0.0354,0.0311,0.0305,0.0286,0.0248,6.0,1.5983045624999999
2021-08-03,CTD4,37.748233,-0.749617,0.0307,0.0312,0.0362,0.0268,0.0257,0.0201,0.0209,0.021,0.0193,0.0171,0.0201,0.0184,6.0,2.3607603375
2021-08-03,CTD6,37.710417,-0.778383,0.0383,0.0404,0.0445,0.0372,0.0362,0.0317,0.0317,0.0303,0.0288,0.0261,0.0268,0.0246,6.0,3.5666522375
2021-08-03,CTD7,37.718,-0.839783,0.0494,0.0584,0.0826,0.0568,0.0545,0.0383,0.0367,0.0382,0.0339,0.0278,0.0289,0.0257,6.0,6.243331057142858
2021-08-03,CTD8,37.694517,-0.8104,0.0398,0.0399,0.0474,0.0378,0.0363,0.0315,0.0307,0.0304,0.0292,0.0259,0.0264,0.0232,6.0,3.9609315749999996
2021-08-03,CTD10,37.659833,-0.781967,0.0406,0.0425,0.0522,0.0412,0.0411,0.0349,0.0339,0.0345,0.0308,0.0277,0.0308,0.0265,6.0,5.7125007285714275
2021-08-03,CTD11,37.6518,-0.728883,0.0374,0.0347,0.0389,0.0304,0.029,0.0252,0.0251,0.0233,0.0223,0.0236,0.0206,0.019,6.0,5.290434383333333
2021-08-03,CTD12,37.68735,-0.783783,0.0428,0.0445,0.051,0.0412,0.0425,0.0385,0.0377,0.0362,0.0347,0.0289,0.0322,0.0274,6.0,4.065272150000001
2021-08-13,CTD1,37.8118,-0.784483,0.0117,0.0263,0.0458,0.0352,0.0365,0.0322,0.0332,0.0368,0.0348,0.0305,0.043,0.0364,6.0,1.9763367000000003
2021-08-13,CTD2,37.760617,-0.8078,0.0239,0.0352,0.05,0.0451,0.0437,0.0402,0.0414,0.042,0.0408,0.0362,0.0413,0.0338,6.0,3.4403848
2021-08-13,CTD3,37.761783,-0.78355,0.0215,0.0326,0.047,0.0421,0.0411,0.0359,0.037,0.0376,0.0358,0.0324,0.0346,0.0293,6.0,2.9221787874999996
2021-08-13,CTD4,37.748233,-0.749617,0.0039,0.0197,0.0326,0.0294,0.025,0.0238,0.0254,0.0293,0.0246,0.0235,0.0309,0.0265,6.0,1.9433515499999998
2021-08-13,CTD6,37.710417,-0.778383,0.0212,0.0352,0.0468,0.0418,0.042,0.0357,0.0369,0.0368,0.0352,0.0333,0.0358,0.0294,6.0,4.7717140375
2021-08-13,CTD7,37.718,-0.839783,0.0276,0.0427,0.0698,0.0544,0.0533,0.0449,0.0461,0.044,0.0452,0.0374,0.0401,0.033,6.0,5.792006714285714
2021-08-13,CTD8,37.694517,-0.8104,0.2034,0.312,0.3042,0.268,0.2853,0.2616,0.2509,0.271,0.2442,0.213,0.239,0.1659,8.0,5.885601025000001
2021-08-13,CTD10,37.659833,-0.781967,0.0238,0.0345,0.0488,0.0462,0.0495,0.0421,0.0425,0.043,0.0418,0.0389,0.0417,0.0351,6.0,5.857466742857142
2021-08-13,CTD11,37.6518,-0.728883,0.0213,0.0336,0.0472,0.0455,0.0445,0.0406,0.0414,0.0411,0.0428,0.0442,0.0423,0.0357,6.0,3.8058646166666663
2021-08-13,CTD12,37.68735,-0.783783,0.0232,0.0371,0.052,0.0456,0.0468,0.0393,0.0382,0.0404,0.0364,0.0329,0.0373,0.0333,6.0,5.4260422875
2021-11-11,CTD1,37.8118,-0.784483,0.0055,0.0054,0.0159,0.0,0.0,0.0,0.0,0.0,0.0,0.0,0.0011,0.0023,6.0,1.2893283
2021-11-11,CTD2,37.760617,-0.8078,0.0084,0.0087,0.0111,0.0013,0.0,0.0,0.0,0.0,0.0,0.0,0.0008,0.0017,6.0,1.6323295
2021-11-11,CTD3,37.761783,-0.78355,0.0093,0.0098,0.012,0.0011,0.0,0.0,0.0,0.0,0.0,0.0,0.0013,0.0009,6.0,1.3926151375
2021-11-11,CTD4,37.748233,-0.749617,0.0088,0.0109,0.016,0.0006,0.0,0.0,0.0,0.0,0.0,0.0,0.0,0.0005,6.0,1.1709705824999999
2021-11-11,CTD6,37.710417,-0.778383,0.0094,0.0115,0.0204,0.0035,0.0016,0.0,0.0,0.0,1e-04,0.0,0.0005,0.0011,6.0,1.714464375
2021-11-11,CTD7,37.718,-0.839783,0.0162,0.0248,0.0452,0.0125,0.0071,0.0024,0.0022,0.0012,0.0016,0.0,0.0007,0.001,6.0,2.0235185714285717
2021-11-11,CTD8,37.694517,-0.8104,0.0139,0.0202,0.0345,0.0093,0.0057,0.0007,0.0004,0.0006,0.0003,0.0,0.0005,0.001,6.0,1.844501875
2021-11-11,CTD10,37.659833,-0.781967,0.007,0.011,0.0193,0.0023,0.0,0.0,0.0,0.0,0.0,0.0,0.0005,0.0017,6.0,1.8057202714285714
2021-11-11,CTD11,37.6518,-0.728883,0.0,0.0066,0.0123,0.0,0.0,0.0,0.0,0.0,0.0,0.0,0.0006,0.0008,6.0,1.084849405
2021-11-11,CTD12,37.68735,-0.783783,0.0094,0.0109,0.0211,0.0032,0.0003,0.0,0.0,0.0,0.0005,0.0,1e-04,0.0017,6.0,1.6462287962500002
2021-12-01,CTD1,37.8118,-0.784483,0.0089,0.0066,0.0135,0.0014,0.0005,0.0,0.0006,0.0,0.0,0.0,0.0013,0.001,6.0,0.5225825233333333
2021-12-01,CTD2,37.760617,-0.8078,0.0123,0.0102,0.013,0.0018,0.0014,0.0016,0.0009,0.0,0.0005,0.0,0.0007,0.0009,6.0,0.6234373925
2021-12-01,CTD3,37.761783,-0.78355,0.0118,0.0085,0.0123,0.0027,0.0029,0.0,0.0008,0.0,0.0003,0.0,0.0004,0.0005,6.0,0.7325687675000001
2021-12-01,CTD4,37.748233,-0.749617,0.0075,0.0078,0.0135,0.0,0.0,0.0,0.0,0.0,0.0,0.0,0.0005,0.0012,6.0,0.9689106587499999
2021-12-01,CTD6,37.710417,-0.778383,0.0119,0.0169,0.026,0.0045,0.0018,0.0008,0.0009,0.0,0.0,0.0,0.0008,0.0014,6.0,1.32627510625
2021-12-01,CTD7,37.718,-0.839783,0.0181,0.0277,0.0441,0.0086,0.0068,0.0031,0.0025,0.0017,0.0022,0.0,0.0006,0.0008,6.0,0.9908933428571428
2021-12-01,CTD8,37.694517,-0.8104,0.0122,0.0172,0.0263,0.0051,0.0028,0.0011,0.0008,0.0,0.0,0.0,0.0,0.0002,6.0,1.5062762625
2021-12-01,CTD10,37.659833,-0.781967,0.0184,0.0249,0.0442,0.0144,0.0109,0.0052,0.0056,0.0038,0.0042,0.0,0.0019,0.0029,6.0,2.8092339714285717
2021-12-01,CTD11,37.6518,-0.728883,0.0057,0.0134,0.0214,0.0009,0.0,0.0,0.0,0.0,0.0,0.0,1e-04,0.0009,6.0,1.8921142483333335
2021-12-01,CTD12,37.68735,-0.783783,0.0136,0.0177,0.0276,0.0055,0.0038,0.0023,0.0014,0.0008,0.0,0.0,0.0012,0.0023,6.0,1.61740885
2022-02-24,CTD1,37.8118,-0.784483,0.0,0.0,0.0,0.0,0.0,0.0,0.0004,0.0003,0.0019,0.0,0.0135,0.0127,6.0,0.6547592299999999
2022-02-24,CTD2,37.760617,-0.8078,0.0,0.0,0.004,0.0003,0.0022,0.0046,0.006,0.0064,0.0066,0.0,0.0121,0.0107,6.0,0.85111334875
2022-02-24,CTD3,37.761783,-0.78355,0.0,0.0014,0.0047,0.0,0.001,0.002,0.0027,0.0033,0.0044,0.0,0.0091,0.0078,6.0,0.7276017537499999
2022-02-24,CTD4,37.748233,-0.749617,0.0,0.0,0.0,0.0,0.0,0.0,0.0,0.0,0.0,0.0,0.0072,0.0074,6.0,0.4738252025
2022-02-24,CTD6,37.710417,-0.778383,0.0,0.0015,0.0117,0.0,0.0,0.0,0.0037,0.0023,0.0029,0.0,0.0089,0.008,6.0,0.39465410125
2022-02-24,CTD7,37.718,-0.839783,0.0184,0.0517,0.0749,0.0205,0.0145,0.0096,0.0123,0.0117,0.0112,0.0037,0.0128,0.01,6.0,1.2581517285714285
2022-02-24,CTD8,37.694517,-0.8104,0.0,0.0077,0.0191,0.0,0.0004,0.0017,0.0035,0.0038,0.0035,0.0,0.0094,0.0089,6.0,0.46256282375
2022-02-24,CTD10,37.659833,-0.781967,0.0,0.0094,0.0228,0.0031,0.0048,0.004,0.0057,0.0065,0.0073,0.0,0.0124,0.0102,6.0,0.5081835142857143
2022-02-24,CTD11,37.6518,-0.728883,0.0043,0.014,0.0196,0.0077,0.0088,0.0085,0.0104,0.0094,0.0119,0.0069,0.0136,0.0113,6.0,0.35989593499999994
2022-02-24,CTD12,37.68735,-0.783783,0.0,0.0051,0.0125,0.0,0.0006,0.0009,0.0019,0.0032,0.0045,0.0,0.0093,0.0084,6.0,0.3760647875
2022-06-24,CTD1,37.8118,-0.784483,0.1533,0.1158,0.1354,0.1334,0.1544,0.1552,0.1633,0.119,0.1673,0.2603,0.1643,0.1738,10.0,0.33975074666666666
2022-06-24,CTD2,37.760617,-0.8078,0.063,0.0624,0.0624,0.0538,0.0545,0.0506,0.052,0.0493,0.0497,0.0525,0.0443,0.0412,6.0,0.357057915
2022-06-24,CTD3,37.761783,-0.78355,0.1014,0.1136,0.1052,0.0902,0.0881,0.0803,0.0782,0.0854,0.0756,0.0984,0.0775,0.0719,10.0,0.30082849125
2022-06-24,CTD4,37.748233,-0.749617,0.0445,0.0638,0.0536,0.0441,0.0397,0.0327,0.0327,0.0479,0.0281,0.0801,0.0297,0.0278,10.0,0.42276981
2022-06-24,CTD6,37.710417,-0.778383,0.2198,0.0963,0.122,0.1234,0.1485,0.173,0.1931,0.1098,0.1833,0.5023,0.103,0.1127,8.0,0.44660661749999997
2022-06-24,CTD7,37.718,-0.839783,0.1202,0.1378,0.1528,0.1124,0.1093,0.1001,0.1049,0.0996,0.1004,0.1554,0.0929,0.0886,10.0,0.6409721342857143
2022-06-24,CTD8,37.694517,-0.8104,0.3246,0.232,0.2364,0.248,0.2776,0.2579,0.2543,0.212,0.2467,0.7549,0.1217,0.1219,9.0,0.6425014925
2022-06-24,CTD10,37.659833,-0.781967,1.3147,1.14,1.036,0.9688,1.0261,0.9752,0.9574,0.9664,0.9139,1.5957,0.2396,0.2843,8.0,0.3552704371428571
2022-06-24,CTD11,37.6518,-0.728883,1.0595,0.9952,0.9088,0.8464,0.8905,0.8377,0.8037,0.8512,0.7637,1.5957,0.2121,0.2476,8.0,0.22985221166666667
2022-06-24,CTD12,37.68735,-0.783783,0.9701,0.8552,0.7864,0.7408,0.803,0.7657,0.7366,0.7408,0.6985,1.5957,0.2111,0.2365,8.0,0.6637559725
2022-07-14,CTD1,37.8118,-0.784483,0.0457,0.0644,0.0676,0.0487,0.0505,0.0407,0.0427,0.0471,0.038,0.022,0.0368,0.0332,6.0,0.31931181666666664
2022-07-14,CTD2,37.760617,-0.8078,0.0562,0.0686,0.0684,0.0543,0.0514,0.0486,0.047,0.0498,0.0442,0.0292,0.0376,0.0322,6.0,0.33187518625
2022-07-14,CTD3,37.761783,-0.78355,0.0353,0.0332,0.031,0.0134,0.0132,0.0115,0.0126,0.0086,0.0101,0.0065,0.0046,0.004,6.0,0.47292315249999994
2022-07-14,CTD4,37.748233,-0.749617,0.0277,0.0223,0.0223,0.0042,0.0068,0.0028,0.0029,0.0013,0.0016,0.0028,0.0044,0.0025,6.0,0.31699756749999997
2022-07-14,CTD6,37.710417,-0.778383,0.0505,0.0606,0.0581,0.0377,0.0363,0.0348,0.0345,0.0354,0.0297,0.0273,0.0281,0.0249,6.0,0.6717043975
2022-07-14,CTD7,37.718,-0.839783,0.0615,0.0808,0.0918,0.0504,0.047,0.0404,0.044,0.0404,0.0363,0.0302,0.0302,0.0253,6.0,0.7083358585714287
2022-07-14,CTD8,37.694517,-0.8104,0.0578,0.0696,0.073,0.0515,0.0508,0.0463,0.0467,0.0486,0.0448,0.0369,0.0411,0.0365,6.0,0.7885989174999999
2022-07-14,CTD10,37.659833,-0.781967,0.0547,0.0657,0.0692,0.0521,0.0502,0.0483,0.0493,0.0485,0.046,0.0342,0.0424,0.0377,6.0,0.8520869585714286
2022-07-14,CTD11,37.6518,-0.728883,0.0379,0.0319,0.0314,0.0133,0.0156,0.0163,0.0164,0.0088,0.0142,0.0154,0.0147,0.0136,6.0,0.8738292916666667
2022-07-14,CTD12,37.68735,-0.783783,0.0569,0.0686,0.0672,0.0475,0.0461,0.0412,0.0409,0.0424,0.037,0.0291,0.0357,0.0314,6.0,0.68601372375
2022-08-03,CTD1,37.8118,-0.784483,0.0336,0.0357,0.0362,0.019,0.0199,0.0154,0.0155,0.0156,0.0139,0.0081,0.0132,0.0106,6.0,0.33725970999999993
2022-08-03,CTD2,37.760617,-0.8078,0.0383,0.0417,0.0387,0.0227,0.0213,0.0188,0.0192,0.018,0.0168,0.0097,0.0132,0.0112,6.0,0.46040211125
2022-08-03,CTD3,37.761783,-0.78355,0.0317,0.0312,0.0293,0.015,0.0136,0.012,0.012,0.0092,0.0093,0.0074,0.0054,0.0045,6.0,0.510042035
2022-08-03,CTD4,37.748233,-0.749617,0.0299,0.0302,0.0276,0.0156,0.0143,0.0108,0.0127,0.0111,0.0094,0.0078,0.0092,0.0084,6.0,0.69158225875
2022-08-03,CTD6,37.710417,-0.778383,0.0325,0.0351,0.0338,0.0186,0.0161,0.0131,0.0136,0.013,0.0125,0.0077,0.0091,0.0072,6.0,0.76006255375
2022-08-03,CTD7,37.718,-0.839783,0.048,0.0596,0.0722,0.032,0.0261,0.021,0.0219,0.0198,0.0182,0.0135,0.0138,0.0112,6.0,0.5167507114285714
2022-08-03,CTD8,37.694517,-0.8104,0.0421,0.0483,0.0538,0.032,0.0282,0.0216,0.0223,0.0216,0.0197,0.0128,0.0161,0.0143,6.0,0.75769162
2022-08-03,CTD10,37.659833,-0.781967,0.0392,0.0452,0.0462,0.0298,0.0293,0.0256,0.0263,0.0245,0.0232,0.0171,0.0216,0.0181,6.0,0.7715488028571428
2022-08-03,CTD11,37.6518,-0.728883,0.0355,0.0319,0.0328,0.0207,0.0214,0.0184,0.0193,0.0151,0.019,0.0138,0.0179,0.0172,6.0,1.0392465333333334
2022-08-03,CTD12,37.68735,-0.783783,0.0444,0.0528,0.0554,0.0289,0.0248,0.0174,0.0193,0.0175,0.0145,0.0096,0.012,0.0119,6.0,0.7848932737500001
2022-09-07,CTD1,37.8118,-0.784483,0.02,0.0237,0.0325,0.0192,0.0182,0.013,0.0151,0.0169,0.0157,0.0065,0.0175,0.0159,6.0,3.9395033
2022-09-07,CTD2,37.760617,-0.8078,0.0232,0.0271,0.0309,0.0187,0.0151,0.0133,0.0133,0.016,0.0138,0.0051,0.0127,0.0109,6.0,1.2257402387499998
2022-09-07,CTD3,37.761783,-0.78355,0.0224,0.0259,0.0289,0.016,0.013,0.0116,0.013,0.0137,0.0113,0.0053,0.0105,0.0099,6.0,0.98130469
2022-09-07,CTD4,37.748233,-0.749617,0.014,0.0183,0.0216,0.0109,0.0061,0.0046,0.0045,0.0081,0.006,0.0,0.0076,0.0071,6.0,0.5421130375000001
2022-09-07,CTD6,37.710417,-0.778383,0.0192,0.0233,0.0265,0.0122,0.0083,0.0054,0.0065,0.0071,0.0052,0.0,0.0057,0.0047,6.0,0.6526238799999999
2022-09-07,CTD7,37.718,-0.839783,0.0645,0.088,0.114,0.0542,0.0362,0.0145,0.0158,0.0157,0.0123,0.0041,0.0094,0.0069,6.0,1.0797645714285715
2022-09-07,CTD8,37.694517,-0.8104,0.0318,0.0454,0.0637,0.0249,0.0165,0.0085,0.0093,0.0092,0.0077,0.0022,0.0064,0.0057,6.0,0.8496958075000001
2022-09-07,CTD10,37.659833,-0.781967,0.0167,0.0199,0.0255,0.0124,0.0084,0.0062,0.0069,0.0086,0.0079,0.0021,0.0071,0.0064,6.0,0.6431161571428572
2022-09-07,CTD11,37.6518,-0.728883,0.0084,0.0144,0.019,0.0079,0.0029,0.001,0.0023,0.0056,0.0034,0.0,0.0064,0.0067,6.0,0.19742449666666664
2022-09-07,CTD12,37.68735,-0.783783,0.0238,0.0306,0.036,0.0151,0.0096,0.0067,0.0077,0.008,0.0067,0.0,0.0057,0.0061,6.0,0.707771355
2023-01-10,CTD1,37.8118,-0.784483,0.0048,0.0098,0.0067,0.0011,0.0,0.0,0.0,0.0,0.0,0.0,0.0015,0.002,6.0,1.5595447
2023-01-10,CTD2,37.760617,-0.8078,0.0085,0.013,0.01,0.0011,0.0007,0.0002,0.0011,0.0,0.0002,0.0,0.0011,0.0005,6.0,1.1078225687499998
2023-01-10,CTD3,37.761783,-0.78355,0.0076,0.0141,0.0102,0.0012,0.0,0.0002,0.0,0.0,0.0,0.0,0.0005,0.0,6.0,1.2156244625000001
2023-01-10,CTD4,37.748233,-0.749617,0.0047,0.015,0.0158,0.0,0.0,0.0,0.0,0.0,0.0,0.0,1e-04,0.0,6.0,1.3452172249999998
2023-01-10,CTD6,37.710417,-0.778383,0.0086,0.0153,0.0115,0.0014,0.0,0.0,0.0,0.0,0.0009,0.0,0.0008,0.0012,6.0,1.3688927874999999
2023-01-10,CTD7,37.718,-0.839783,0.0232,0.0474,0.0613,0.0109,0.0049,0.0004,0.0018,0.0,0.0006,0.0,0.0,0.0007,6.0,1.474480957142857
2023-01-10,CTD8,37.694517,-0.8104,0.0133,0.0258,0.03,0.0047,0.0029,0.0002,0.0025,0.0,0.0004,0.0,0.0004,0.0006,6.0,1.6016360424999998
2023-01-10,CTD10,37.659833,-0.781967,0.0038,0.0081,0.008,0.0,0.0,0.0,0.0,0.0,0.0,0.0,0.0,0.0015,6.0,1.2742693999999999
2023-01-10,CTD11,37.6518,-0.728883,0.024,0.0258,0.024,0.0042,0.0,0.0,0.0004,0.0,0.0006,0.0,0.0005,0.0009,6.0,0.6425207733333332
2023-01-10,CTD12,37.68735,-0.783783,0.0066,0.0126,0.0116,0.0012,0.0,0.0,0.0009,0.0,0.0,0.0,0.0004,0.0012,6.0,1.38733644375
2023-01-20,CTD1,37.8118,-0.784483,0.0068,0.0115,0.0101,0.0,0.0003,0.0,0.0,0.0,0.0,0.0,0.0011,0.0021,6.0,1.5524919
2023-01-20,CTD2,37.760617,-0.8078,0.1404,0.1816,0.1698,0.1588,0.164,0.1734,0.1738,0.188,0.1689,0.1703,0.1593,0.1304,8.0,1.2893497375
2023-01-20,CTD3,37.761783,-0.78355,0.012,0.0191,0.0154,0.0048,0.0016,0.0018,0.0021,0.0028,0.0018,0.0,0.0018,0.0021,6.0,1.209868525
2023-01-20,CTD4,37.748233,-0.749617,0.0237,0.0292,0.0278,0.0087,0.0077,0.0084,0.0142,0.0054,0.017,0.0193,0.0242,0.022,6.0,0.84885686
2023-01-20,CTD6,37.710417,-0.778383,0.0127,0.0203,0.0201,0.0065,0.0057,0.0029,0.0042,0.004,0.006,0.0044,0.0063,0.0101,6.0,0.5380261687500001
2023-01-20,CTD7,37.718,-0.839783,0.0395,0.0672,0.0826,0.0206,0.0134,0.0049,0.0053,0.0044,0.0036,0.0,0.0025,0.0033,6.0,1.2091946285714283
2023-01-20,CTD8,37.694517,-0.8104,0.0174,0.034,0.0403,0.009,0.0045,0.0006,0.0018,0.0014,0.0002,0.0,0.0009,0.0016,6.0,0.8627425599999999
2023-01-20,CTD10,37.659833,-0.781967,0.0063,0.0144,0.0134,0.0021,0.0,0.0,0.0012,0.0003,1e-04,0.0,0.0009,0.0023,6.0,0.6521958171428571
2023-01-20,CTD11,37.6518,-0.728883,0.4573,0.4,0.3756,0.3496,0.3624,0.3519,0.3446,0.3556,0.3262,0.6666,0.2494,0.1821,9.0,0.38194900233333334
2023-01-20,CTD12,37.68735,-0.783783,0.0103,0.0185,0.0168,0.0031,0.0009,0.0009,0.0031,0.0013,0.0005,0.0,0.0018,0.0025,6.0,0.6715616225
2023-03-01,CTD1,37.8118,-0.784483,0.0215,0.0238,0.0213,0.0094,0.0091,0.0075,0.0074,0.0058,0.0056,0.0031,0.0041,0.0036,6.0,0.44034839333333337
2023-03-01,CTD2,37.760617,-0.8078,0.0251,0.026,0.0214,0.0094,0.0072,0.0069,0.0079,0.0074,0.005,0.0026,0.0028,0.0022,6.0,0.4335919825
2023-03-01,CTD3,37.761783,-0.78355,0.0256,0.0295,0.0266,0.0095,0.008,0.006,0.007,0.0066,0.0051,0.0022,0.003,0.002,6.0,0.51716060625
2023-03-01,CTD4,37.748233,-0.749617,0.0371,0.046,0.0462,0.0164,0.0123,0.0052,0.0068,0.0057,0.0051,0.0011,0.0025,0.0027,6.0,0.4939439025
2023-03-01,CTD6,37.710417,-0.778383,0.0275,0.0324,0.0267,0.0091,0.0066,0.0059,0.0051,0.0059,0.0048,0.0014,0.0025,0.0022,6.0,0.30024501249999996
2023-03-01,CTD7,37.718,-0.839783,0.0387,0.0552,0.0586,0.0128,0.0091,0.0079,0.0089,0.0077,0.0078,0.0031,0.0026,0.0018,6.0,0.22926669142857142
2023-03-01,CTD8,37.694517,-0.8104,0.0498,0.0682,0.0732,0.0209,0.0144,0.0074,0.0084,0.0071,0.0062,0.001,0.0023,0.0021,6.0,0.20511201062499998
2023-03-01,CTD10,37.659833,-0.781967,0.0311,0.0378,0.0361,0.0118,0.0078,0.007,0.0079,0.007,0.0056,0.0025,0.0022,0.002,6.0,0.13656265757142858
2023-03-01,CTD11,37.6518,-0.728883,0.0371,0.0467,0.0448,0.0178,0.0127,0.0084,0.0081,0.0074,0.0056,0.0031,0.0025,0.0026,6.0,0.15118878116666667
2023-03-01,CTD12,37.68735,-0.783783,0.0266,0.0313,0.0274,0.0096,0.0073,0.0062,0.0065,0.0057,0.0052,0.001,0.0019,0.002,6.0,0.21036570625
2023-03-16,CTD1,37.8118,-0.784483,0.0035,0.0014,0.0061,0.0,0.0,0.0,0.0,0.0,0.0,0.0,0.0014,0.003,6.0,0.42099605
2023-03-16,CTD2,37.760617,-0.8078,0.0115,0.0104,0.0135,0.0028,0.0008,0.0017,0.0013,0.0013,0.0012,0.0,0.002,0.0024,6.0,0.56164402
2023-03-16,CTD3,37.761783,-0.78355,0.0135,0.0146,0.0186,0.003,0.0019,0.0015,0.0008,0.0018,0.0017,0.0,0.0016,0.0015,6.0,0.49237176375
2023-03-16,CTD4,37.748233,-0.749617,0.0097,0.0154,0.0214,0.0,0.0,0.0,0.0,0.0,0.0,0.0,0.0009,0.0015,6.0,0.3771388875
2023-03-16,CTD6,37.710417,-0.778383,0.0111,0.0097,0.013,0.002,0.001,0.0,0.0004,0.0008,0.0006,0.0,0.0012,0.0019,6.0,0.33630810499999997
2023-03-16,CTD7,37.718,-0.839783,0.0357,0.0508,0.0656,0.0111,0.0058,0.0019,0.003,0.0029,0.0027,0.0,0.0022,0.0018,6.0,0.5570450671428572
2023-03-16,CTD8,37.694517,-0.8104,0.013,0.0156,0.0207,0.0017,0.0,0.0,0.0007,0.0,0.0,0.0,0.0008,0.0005,6.0,0.3338982
2023-03-16,CTD10,37.659833,-0.781967,0.0088,0.0077,0.0118,0.0006,0.0,0.0,0.0003,0.0005,0.0012,0.0,0.0014,0.0023,6.0,0.23682816142857144
2023-03-16,CTD11,37.6518,-0.728883,0.0066,0.0155,0.0205,0.0,0.0,0.0,0.0,0.0,0.0,0.0,0.0002,0.0011,6.0,0.24868195833333331
2023-03-16,CTD12,37.68735,-0.783783,0.0132,0.0128,0.0164,0.0025,0.0009,0.0005,0.0018,0.0008,0.0006,0.0,0.0013,0.0023,6.0,0.28588473375000006
2023-04-20,CTD1,37.8118,-0.784483,0.0318,0.035,0.0346,0.0238,0.0266,0.0238,0.0242,0.024,0.0231,0.0172,0.024,0.0213,6.0,0.28970951666666667
2023-04-20,CTD2,37.760617,-0.8078,0.037,0.0418,0.0385,0.028,0.0276,0.0261,0.0273,0.0282,0.0256,0.0201,0.0235,0.0211,6.0,0.3213042275
2023-04-20,CTD3,37.761783,-0.78355,0.0418,0.0494,0.0452,0.0314,0.029,0.0306,0.0304,0.0306,0.0282,0.0217,0.0265,0.0233,6.0,0.32971985125000003
2023-04-20,CTD4,37.748233,-0.749617,0.0484,0.0631,0.0608,0.0361,0.0332,0.0296,0.0319,0.0335,0.0289,0.0221,0.0299,0.0268,6.0,0.306637745
2023-04-20,CTD6,37.710417,-0.778383,0.0446,0.0512,0.0499,0.0378,0.0367,0.0332,0.035,0.0366,0.0334,0.0276,0.0313,0.028,6.0,0.51570760875
2023-04-20,CTD7,37.718,-0.839783,0.0541,0.0781,0.0874,0.0273,0.0223,0.0174,0.0179,0.0171,0.017,0.0121,0.0137,0.0118,6.0,0.4387517185714286
2023-04-20,CTD8,37.694517,-0.8104,0.06,0.0839,0.0968,0.0403,0.032,0.0242,0.026,0.0256,0.023,0.0198,0.021,0.0189,6.0,0.972855065
2023-04-20,CTD10,37.659833,-0.781967,0.0351,0.0433,0.0447,0.0321,0.0304,0.0304,0.0318,0.0331,0.0293,0.0238,0.0279,0.0264,6.0,0.5828614414285714
2023-04-20,CTD11,37.6518,-0.728883,0.0433,0.0542,0.0522,0.0288,0.0267,0.0251,0.0261,0.0233,0.026,0.0219,0.0255,0.0246,6.0,0.28762429749999996
2023-04-20,CTD12,37.68735,-0.783783,0.0435,0.0527,0.0508,0.0389,0.0373,0.0363,0.0362,0.0385,0.0347,0.028,0.0327,0.0302,6.0,0.6093442774999999
2023-05-25,CTD1,37.8118,-0.784483,0.0533,0.0618,0.0714,0.0604,0.0624,0.0582,0.056,0.0587,0.058,0.0524,0.0618,0.0544,6.0,0.19711428333333333
2023-05-25,CTD2,37.760617,-0.8078,0.0687,0.079,0.083,0.0724,0.0741,0.0726,0.0706,0.0739,0.0715,0.0614,0.0699,0.0602,6.0,0.24385380874999998
2023-05-25,CTD3,37.761783,-0.78355,0.0682,0.0778,0.0844,0.0749,0.0809,0.0742,0.073,0.0754,0.0731,0.0657,0.0716,0.0624,6.0,0.29889221375
2023-05-25,CTD4,37.748233,-0.749617,0.0664,0.0844,0.0932,0.073,0.0755,0.0698,0.0699,0.0744,0.0689,0.0581,0.0735,0.0645,6.0,0.345703015
2023-05-25,CTD6,37.710417,-0.778383,0.0564,0.0646,0.0713,0.0602,0.0628,0.0599,0.0591,0.0612,0.0595,0.0522,0.0584,0.0502,6.0,0.46124911749999997
2023-05-25,CTD7,37.718,-0.839783,0.0664,0.0904,0.1076,0.061,0.0606,0.0589,0.0562,0.0594,0.0559,0.0486,0.0533,0.0447,6.0,0.3000189742857143
2023-05-25,CTD8,37.694517,-0.8104,0.0707,0.0884,0.101,0.0692,0.0692,0.0649,0.0607,0.0643,0.0604,0.0512,0.0587,0.0505,6.0,0.4321303225
2023-05-25,CTD10,37.659833,-0.781967,0.0509,0.062,0.076,0.055,0.0556,0.0518,0.0521,0.0548,0.0525,0.045,0.0506,0.0446,6.0,1.0194218642857142
2023-05-25,CTD11,37.6518,-0.728883,0.0818,0.0738,0.0877,0.0626,0.0624,0.0582,0.06,0.0556,0.0622,0.0609,0.0646,0.0607,6.0,0.659852595
2023-05-25,CTD12,37.68735,-0.783783,0.0648,0.0796,0.093,0.0703,0.0696,0.0637,0.0635,0.0646,0.0623,0.0525,0.0628,0.0557,6.0,0.70152181
2023-07-19,CTD1,37.8118,-0.784483,0.0508,0.0724,0.0854,0.0766,0.0812,0.0769,0.0801,0.0787,0.0789,0.0771,0.0827,0.07,6.0,0.32776304
2023-07-19,CTD2,37.760617,-0.8078,0.0611,0.0785,0.088,0.0778,0.0811,0.0797,0.0835,0.0784,0.0802,0.0743,0.0769,0.0674,6.0,0.5363805537499999
2023-07-19,CTD3,37.761783,-0.78355,0.061,0.0794,0.088,0.0783,0.0789,0.0756,0.0786,0.075,0.0746,0.0748,0.072,0.0652,6.0,0.43336895374999995
2023-07-19,CTD4,37.748233,-0.749617,0.0506,0.0756,0.0841,0.0664,0.0659,0.062,0.0666,0.0648,0.0637,0.0605,0.0629,0.0565,6.0,0.30428620125
2023-07-19,CTD6,37.710417,-0.778383,0.049,0.0642,0.073,0.065,0.0668,0.0639,0.0654,0.063,0.0642,0.0664,0.0611,0.055,6.0,0.46403740875000005
2023-07-19,CTD7,37.718,-0.839783,0.0706,0.1034,0.122,0.0834,0.0815,0.0749,0.0794,0.077,0.0777,0.073,0.0707,0.0603,6.0,0.7577081842857144
2023-07-19,CTD8,37.694517,-0.8104,0.0575,0.0807,0.0926,0.0752,0.0745,0.0709,0.073,0.072,0.0695,0.0685,0.0674,0.0594,6.0,0.6488080175
2023-07-19,CTD10,37.659833,-0.781967,0.0547,0.073,0.0822,0.0722,0.0737,0.0723,0.0741,0.0709,0.0715,0.0722,0.0705,0.0619,6.0,0.5039714571428571
2023-07-19,CTD11,37.6518,-0.728883,0.0558,0.0773,0.0896,0.0704,0.0695,0.0645,0.0666,0.0642,0.0646,0.0667,0.0676,0.0607,6.0,0.38786717666666665
2023-07-19,CTD12,37.68735,-0.783783,0.0504,0.0709,0.0764,0.0676,0.0695,0.0656,0.0669,0.0652,0.0648,0.0653,0.0633,0.0569,6.0,0.50955342375
2023-09-07,CTD1,37.8118,-0.784483,0.023,0.0239,0.023,0.0102,0.0113,0.0083,0.0091,0.0067,0.008,0.0012,0.012,0.0099,6.0,0.5693405333333333
2023-09-07,CTD2,37.760617,-0.8078,0.0326,0.0396,0.0378,0.0158,0.0151,0.0113,0.0118,0.0105,0.0107,0.0,0.0121,0.0097,6.0,0.5458042249999999
2023-09-07,CTD3,37.761783,-0.78355,0.0288,0.0336,0.0336,0.015,0.0148,0.0129,0.0123,0.011,0.0106,0.0018,0.0112,0.0097,6.0,0.5898549387500001
2023-09-07,CTD4,37.748233,-0.749617,0.0398,0.0378,0.0403,0.0258,0.0304,0.0286,0.0294,0.0217,0.0262,0.0496,0.0294,0.0296,8.0,0.7676813562499999
2023-09-07,CTD6,37.710417,-0.778383,0.0306,0.0329,0.0323,0.0177,0.0164,0.0145,0.0162,0.0141,0.0137,0.0052,0.0133,0.011,6.0,0.8937761237499999
2023-09-07,CTD7,37.718,-0.839783,0.0467,0.0687,0.081,0.0294,0.025,0.0167,0.0173,0.0141,0.015,0.0025,0.0135,0.0114,6.0,0.66758269
2023-09-07,CTD8,37.694517,-0.8104,0.0453,0.0638,0.0744,0.0262,0.0209,0.0118,0.0135,0.0099,0.0106,0.0,0.0098,0.0085,6.0,1.0288505949999998
2023-09-07,CTD10,37.659833,-0.781967,0.0234,0.0277,0.0274,0.0129,0.0122,0.0104,0.012,0.0097,0.0102,0.0016,0.0107,0.011,6.0,0.5353290685714285
2023-09-07,CTD11,37.6518,-0.728883,0.0368,0.0378,0.0382,0.0164,0.0176,0.0139,0.0151,0.0107,0.0119,0.0073,0.0108,0.0092,6.0,0.7537506283333332
2023-09-07,CTD12,37.68735,-0.783783,0.0338,0.0394,0.0402,0.0187,0.0165,0.014,0.0137,0.0102,0.012,0.0,0.0102,0.0096,6.0,0.8831814574999999
2023-09-27,CTD1,37.8118,-0.784483,0.0181,0.0193,0.0197,0.0064,0.0051,0.0013,0.0027,0.0019,0.0016,0.0,0.0026,0.003,6.0,0.7212990366666666
2023-09-27,CTD2,37.760617,-0.8078,0.0218,0.0236,0.0217,0.0066,0.0053,0.0034,0.0043,0.003,0.0026,0.0,0.002,0.0015,6.0,0.8650920249999999
2023-09-27,CTD3,37.761783,-0.78355,0.0198,0.0219,0.0212,0.007,0.0049,0.0026,0.0034,0.002,0.0023,0.0,0.001,0.0011,6.0,0.7091015337500001
2023-09-27,CTD4,37.748233,-0.749617,0.0136,0.0214,0.0226,0.0044,0.0029,0.0023,0.0024,0.0015,0.0014,0.0,0.003,0.0034,6.0,0.45427194000000004
2023-09-27,CTD6,37.710417,-0.778383,0.0175,0.0186,0.0156,0.0046,0.0024,0.0017,0.0028,0.0012,0.0006,0.0,0.0009,0.0007,6.0,0.33916687749999996
2023-09-27,CTD7,37.718,-0.839783,0.0248,0.0373,0.0471,0.0109,0.006,0.0039,0.0044,0.0032,0.0031,0.0,0.0016,0.0017,6.0,0.74849513
2023-09-27,CTD8,37.694517,-0.8104,0.0394,0.0574,0.0731,0.0239,0.0151,0.0048,0.0053,0.0038,0.0029,0.0,0.0015,0.0023,6.0,0.61108220875
2023-09-27,CTD10,37.659833,-0.781967,0.0191,0.0206,0.0189,0.0049,0.0038,0.002,0.0033,0.0023,0.0012,0.0,0.002,0.0012,6.0,0.5101061557142856
2023-09-27,CTD11,37.6518,-0.728883,0.0283,0.0322,0.0326,0.0087,0.0069,0.0038,0.0041,0.0027,0.0028,0.0012,0.0027,0.0024,6.0,0.7277667083333333
2023-09-27,CTD12,37.68735,-0.783783,0.0186,0.0188,0.018,0.0044,0.0025,0.0012,0.0025,0.0006,0.0011,0.0,0.0009,0.0029,6.0,0.41728219375
2023-11-16,CTD1,37.8118,-0.784483,0.0978,0.1462,0.1432,0.131,0.1431,0.124,0.1043,0.1714,0.0991,0.2026,0.1627,0.1184,8.0,0.17421616333333334
2023-11-16,CTD2,37.760617,-0.8078,0.0229,0.0254,0.0196,0.0074,0.0065,0.0035,0.007,0.0031,0.0026,0.0,0.002,0.0028,6.0,0.6262918162500001
2023-11-16,CTD3,37.761783,-0.78355,0.0152,0.0186,0.015,0.0043,0.0035,0.0022,0.0042,0.0019,0.0024,0.0,0.0005,0.0019,6.0,0.61767855
2023-11-16,CTD4,37.748233,-0.749617,0.0203,0.0263,0.0243,0.0054,0.0029,0.0011,0.0027,0.0003,0.0009,0.0,0.0015,0.0011,6.0,0.50036893875
2023-11-16,CTD6,37.710417,-0.778383,0.0195,0.0258,0.0262,0.0068,0.0038,0.0027,0.0029,0.002,0.0018,0.0,0.0014,0.001,6.0,0.8372557262500001
2023-11-16,CTD7,37.718,-0.839783,0.0293,0.0461,0.0575,0.0105,0.0056,0.0041,0.0042,0.003,0.0033,0.0,0.0014,0.0021,6.0,1.1556382728571428
2023-11-16,CTD8,37.694517,-0.8104,0.0225,0.0433,0.0501,0.0122,0.0073,0.0033,0.005,0.0021,0.0029,0.0,0.0011,0.002,6.0,0.87982493
2023-11-16,CTD10,37.659833,-0.781967,0.0102,0.015,0.0162,0.0048,0.0035,0.0014,0.0039,0.0013,0.0016,0.0,0.0038,0.0035,6.0,0.5648795128571429
2023-11-16,CTD11,37.6518,-0.728883,0.0245,0.0352,0.0306,0.0094,0.0057,0.0044,0.0055,0.004,0.0033,0.0,0.0037,0.0044,6.0,0.377004705
2023-11-16,CTD12,37.68735,-0.783783,0.008,0.0147,0.0141,0.003,0.0024,0.002,0.0031,0.0015,0.0021,0.0,0.0019,0.0034,6.0,0.6939865949999999
2024-04-24,CTD1,37.8118,-0.784483,0.0366,0.0414,0.0387,0.0289,0.0289,0.0268,0.0259,0.0277,0.0247,0.0197,0.0242,0.0217,6.0,0.5638234166666667
2024-04-24,CTD2,37.760617,-0.8078,0.0401,0.045,0.0422,0.0295,0.0266,0.0249,0.0261,0.0277,0.0236,0.0197,0.0219,0.0195,6.0,0.6769638425000001
2024-04-24,CTD3,37.761783,-0.78355,0.0373,0.0427,0.0392,0.0251,0.023,0.0219,0.0223,0.0246,0.02,0.0164,0.0184,0.016,6.0,0.43299109375
2024-04-24,CTD4,37.748233,-0.749617,0.0293,0.0382,0.038,0.0148,0.0135,0.0116,0.0128,0.0128,0.0104,0.0081,0.0107,0.0096,6.0,0.37663346
2024-04-24,CTD6,37.710417,-0.778383,0.0357,0.0384,0.0354,0.0244,0.0233,0.0199,0.0217,0.023,0.0194,0.0181,0.018,0.0165,6.0,0.37472354625
2024-04-24,CTD7,37.718,-0.839783,0.0769,0.1048,0.126,0.0598,0.0465,0.0291,0.0301,0.0311,0.0252,0.0204,0.0217,0.0185,6.0,0.7810326999999999
2024-04-24,CTD8,37.694517,-0.8104,0.0414,0.053,0.0539,0.0282,0.0252,0.0229,0.0241,0.0261,0.0221,0.0195,0.0195,0.018,6.0,0.5195344875000001
2024-04-24,CTD10,37.659833,-0.781967,0.0331,0.038,0.0353,0.0232,0.0217,0.0205,0.0197,0.0214,0.0197,0.0165,0.0179,0.0162,6.0,0.41386165
2024-04-24,CTD11,37.6518,-0.728883,0.0398,0.0454,0.0462,0.0247,0.0233,0.0191,0.0216,0.0189,0.0216,0.0186,0.0196,0.0192,6.0,0.436292725
2024-04-24,CTD12,37.68735,-0.783783,0.0323,0.0355,0.0342,0.0211,0.0194,0.019,0.0198,0.0199,0.0173,0.0155,0.0162,0.0146,6.0,0.37207089624999995
2024-04-29,CTD1,37.8118,-0.784483,0.0366,0.0414,0.0387,0.0289,0.0289,0.0268,0.0259,0.0277,0.0247,0.0197,0.0242,0.0217,6.0,1.17286922
2024-04-29,CTD2,37.760617,-0.8078,0.0401,0.045,0.0422,0.0295,0.0266,0.0249,0.0261,0.0277,0.0236,0.0197,0.0219,0.0195,6.0,1.2756936
2024-04-29,CTD3,37.761783,-0.78355,0.0373,0.0427,0.0392,0.0251,0.023,0.0219,0.0223,0.0246,0.02,0.0164,0.0184,0.016,6.0,1.062198105
2024-04-29,CTD4,37.748233,-0.749617,0.0293,0.0382,0.038,0.0148,0.0135,0.0116,0.0128,0.0128,0.0104,0.0081,0.0107,0.0096,6.0,0.81737639
2024-04-29,CTD6,37.710417,-0.778383,0.0357,0.0384,0.0354,0.0244,0.0233,0.0199,0.0217,0.023,0.0194,0.0181,0.018,0.0165,6.0,0.7010392762500001
2024-04-29,CTD7,37.718,-0.839783,0.0769,0.1048,0.126,0.0598,0.0465,0.0291,0.0301,0.0311,0.0252,0.0204,0.0217,0.0185,6.0,0.9932408428571428
2024-04-29,CTD8,37.694517,-0.8104,0.0414,0.053,0.0539,0.0282,0.0252,0.0229,0.0241,0.0261,0.0221,0.0195,0.0195,0.018,6.0,0.7752815837500001
2024-04-29,CTD10,37.659833,-0.781967,0.0331,0.038,0.0353,0.0232,0.0217,0.0205,0.0197,0.0214,0.0197,0.0165,0.0179,0.0162,6.0,0.6122364414285714
2024-04-29,CTD11,37.6518,-0.728883,0.0398,0.0454,0.0462,0.0247,0.0233,0.0191,0.0216,0.0189,0.0216,0.0186,0.0196,0.0192,6.0,0.4617783966666666
2024-04-29,CTD12,37.68735,-0.783783,0.0323,0.0355,0.0342,0.0211,0.0194,0.019,0.0198,0.0199,0.0173,0.0155,0.0162,0.0146,6.0,0.5922157225
2024-05-29,CTD1,37.8118,-0.784483,0.0735,0.0782,0.0813,0.0648,0.0661,0.0616,0.058,0.064,0.057,0.0501,0.0584,0.0503,6.0,0.3701367066666667
2024-05-29,CTD2,37.760617,-0.8078,0.0752,0.0778,0.0808,0.0664,0.0681,0.0629,0.0633,0.0649,0.0618,0.0544,0.0568,0.0511,6.0,0.3866722375
2024-05-29,CTD3,37.761783,-0.78355,0.0718,0.0778,0.0764,0.0606,0.0638,0.058,0.0562,0.0566,0.0538,0.0483,0.0515,0.0452,6.0,0.2780772675
2024-05-29,CTD4,37.748233,-0.749617,0.0716,0.0844,0.0902,0.0662,0.0656,0.0619,0.0611,0.0642,0.0575,0.0511,0.059,0.0509,6.0,0.28091702375000005
2024-05-29,CTD6,37.710417,-0.778383,0.0751,0.0799,0.0802,0.0652,0.0672,0.062,0.0626,0.0644,0.0588,0.0522,0.0564,0.0499,6.0,0.2889824775
2024-05-29,CTD7,37.718,-0.839783,0.0816,0.095,0.1126,0.0676,0.067,0.0626,0.0617,0.0634,0.0588,0.0508,0.054,0.0478,6.0,0.48638059
2024-05-29,CTD8,37.694517,-0.8104,0.0915,0.1106,0.1236,0.0774,0.0728,0.0631,0.0623,0.063,0.0593,0.0506,0.0558,0.0486,6.0,0.41727337
2024-05-29,CTD10,37.659833,-0.781967,0.0682,0.0716,0.0744,0.0631,0.0638,0.0589,0.058,0.0612,0.0573,0.0488,0.0533,0.0486,6.0,0.38082427714285716
2024-05-29,CTD11,37.6518,-0.728883,0.086,0.0808,0.0886,0.0688,0.0691,0.0676,0.0678,0.0619,0.0688,0.0632,0.0661,0.0616,6.0,0.24611587333333337
2024-05-29,CTD12,37.68735,-0.783783,0.0636,0.069,0.0706,0.0586,0.0564,0.0551,0.0529,0.0564,0.0519,0.043,0.0482,0.0429,6.0,0.35375941625
2024-06-18,CTD1,37.8118,-0.784483,0.065,0.0734,0.0815,0.0722,0.0728,0.0661,0.0684,0.0718,0.0665,0.0609,0.0694,0.0621,6.0,0.14206244333333332
2024-06-18,CTD2,37.760617,-0.8078,0.0767,0.0894,0.0934,0.077,0.0776,0.0741,0.0728,0.0759,0.0728,0.0624,0.0719,0.0627,6.0,0.31801333875
2024-06-18,CTD3,37.761783,-0.78355,0.0693,0.0772,0.0834,0.0698,0.0731,0.067,0.0688,0.0693,0.0656,0.0591,0.0649,0.0574,6.0,0.22401381125
2024-06-18,CTD4,37.748233,-0.749617,0.0685,0.0828,0.0928,0.0742,0.0729,0.0699,0.0683,0.072,0.0671,0.0634,0.0697,0.061,6.0,0.143657380375
2024-06-18,CTD6,37.710417,-0.778383,0.0738,0.0827,0.0907,0.0744,0.0801,0.0711,0.0739,0.0769,0.07,0.0651,0.0691,0.0603,6.0,0.33418203625
2024-06-18,CTD7,37.718,-0.839783,0.0796,0.0978,0.1192,0.0778,0.0741,0.0661,0.0675,0.0697,0.0663,0.0537,0.0617,0.0528,6.0,0.8200923999999999
2024-06-18,CTD8,37.694517,-0.8104,0.0762,0.0943,0.1042,0.0792,0.0771,0.0718,0.0711,0.0747,0.0707,0.061,0.0668,0.0585,6.0,0.5334911437500001
2024-06-18,CTD10,37.659833,-0.781967,0.0553,0.0587,0.064,0.0505,0.0488,0.0451,0.0463,0.0487,0.0459,0.0462,0.0464,0.0385,6.0,0.5054591685714287
2024-06-18,CTD11,37.6518,-0.728883,0.0875,0.0952,0.1059,0.0916,0.0924,0.0866,0.0894,0.0852,0.0887,0.0872,0.0898,0.0822,6.0,0.3776666633333334
2024-06-18,CTD12,37.68735,-0.783783,0.07,0.0834,0.0884,0.0756,0.0754,0.0712,0.0714,0.0722,0.0694,0.0619,0.0682,0.061,6.0,0.4226797725
2024-07-03,CTD1,37.8118,-0.784483,0.0761,0.0866,0.0928,0.0761,0.0769,0.07,0.0711,0.0723,0.0715,0.0506,0.0694,0.0641,6.0,0.38325934666666667
2024-07-03,CTD2,37.760617,-0.8078,0.083,0.0948,0.0936,0.0786,0.0796,0.076,0.0757,0.0746,0.0705,0.0568,0.0698,0.0623,6.0,0.48034269249999995
2024-07-03,CTD3,37.761783,-0.78355,0.0859,0.0994,0.098,0.082,0.0839,0.0766,0.0783,0.0786,0.0748,0.059,0.0742,0.0661,6.0,0.448691575
2024-07-03,CTD4,37.748233,-0.749617,0.0759,0.0892,0.0933,0.0728,0.0745,0.0699,0.0692,0.0686,0.065,0.0516,0.0667,0.0595,6.0,0.393358025
2024-07-03,CTD6,37.710417,-0.778383,0.0799,0.0948,0.0932,0.075,0.0753,0.0707,0.0726,0.0717,0.0674,0.0529,0.0667,0.0609,6.0,0.41360011500000005
2024-07-03,CTD7,37.718,-0.839783,0.0808,0.1016,0.1162,0.0764,0.0736,0.0685,0.0713,0.0671,0.0645,0.0492,0.0647,0.0563,6.0,0.60920372
2024-07-03,CTD8,37.694517,-0.8104,0.0996,0.1296,0.1476,0.0964,0.0883,0.0747,0.0753,0.0742,0.0709,0.0551,0.068,0.0622,6.0,0.5885065449999999
2024-07-03,CTD10,37.659833,-0.781967,0.0741,0.085,0.0846,0.0662,0.0682,0.0633,0.0636,0.062,0.0599,0.0458,0.0587,0.0539,6.0,0.46971540571428577
2024-07-03,CTD11,37.6518,-0.728883,0.0873,0.0916,0.103,0.0805,0.0809,0.0755,0.08,0.0694,0.0779,0.0648,0.0751,0.0706,6.0,0.5344323466666666
2024-07-03,CTD12,37.68735,-0.783783,0.0789,0.09,0.0929,0.0725,0.0734,0.0683,0.0687,0.0678,0.0678,0.0523,0.0659,0.059,6.0,0.4747589625
2024-07-18,CTD1,37.8118,-0.784483,0.0192,0.041,0.0734,0.072,0.0831,0.0786,0.0822,0.0844,0.0872,0.1023,0.0938,0.0747,6.0,0.3391316766666667
2024-07-18,CTD2,37.760617,-0.8078,0.0344,0.0553,0.0812,0.0772,0.0869,0.0853,0.087,0.0843,0.0889,0.1042,0.0859,0.0698,6.0,0.45547683625
2024-07-18,CTD3,37.761783,-0.78355,0.0296,0.0496,0.0742,0.071,0.0776,0.0726,0.0741,0.0728,0.0744,0.094,0.0711,0.059,6.0,0.392611655
2024-07-18,CTD4,37.748233,-0.749617,0.0155,0.0345,0.0608,0.0569,0.0637,0.0576,0.0596,0.0601,0.0634,0.0874,0.0662,0.0561,6.0,0.36985140375000003
2024-07-18,CTD6,37.710417,-0.778383,0.0245,0.0489,0.0702,0.0684,0.0734,0.0692,0.0714,0.0706,0.07,0.0901,0.0681,0.0571,6.0,0.3686043075
2024-07-18,CTD7,37.718,-0.839783,0.0557,0.0912,0.1322,0.0938,0.0967,0.0908,0.0953,0.0922,0.096,0.107,0.0873,0.0701,6.0,0.6378086114285715
2024-07-18,CTD8,37.694517,-0.8104,0.0393,0.0705,0.1012,0.0796,0.0856,0.0804,0.0818,0.0802,0.082,0.1002,0.0772,0.063,6.0,0.51956966625
2024-07-18,CTD10,37.659833,-0.781967,0.0266,0.0488,0.0769,0.0749,0.0837,0.0822,0.0851,0.0834,0.086,0.1016,0.0852,0.07,6.0,0.5470429142857143
2024-07-18,CTD11,37.6518,-0.728883,0.0409,0.0606,0.0856,0.081,0.087,0.0823,0.0843,0.084,0.0863,0.1045,0.0801,0.066,6.0,0.6048488166666667
2024-07-18,CTD12,37.68735,-0.783783,0.0367,0.0566,0.0824,0.073,0.0797,0.0753,0.0772,0.073,0.0769,0.0968,0.0737,0.062,6.0,0.44617953
