Date,Pluvio,Caudal,Nitratos,Fosfatos,Clorofila,Temperatura,Oxigeno
2021-01-01,0.0,,,,,,
2021-01-02,0.0,,,,,,
2021-01-03,0.0,,,,,,
2021-01-04,0.0,,,,,,
2021-01-05,0.0,,,,0.35242686,9.575597,6.9023457
2021-01-06,0.53,,,,,,
2021-01-07,60.690000000000005,,,,,,
2021-01-08,89.58999999999999,,,,,,
2021-01-09,41.92,,,,,,
2021-01-10,17.92,,,,,,
2021-01-11,0.73,,,,,,
2021-01-12,0.0,184.3125,3598.9596,,,,
2021-01-13,0.0,184.15277777777777,,,0.482285,9.341127,8.53965
2021-01-14,0.0,177.22222222222223,,,,,
2021-01-15,0.0,174.46875,,,,,
2021-01-16,0.0,171.7534722222222,,,,,
2021-01-17,0.0,153.52083333333331,,,,,
2021-01-18,0.0,155.19444444444443,,,,,
2021-01-19,0.0,201.20138888888889,3824.436,,,,
2021-01-20,0.0,214.41666666666669,,,0.11760658,10.677881,7.9132457
2021-01-21,0.0,204.72916666666669,,,,,
2021-01-22,0.2,136.00694444444446,,,,,
2021-01-23,0.0,150.72916666666666,,,,,
2021-01-24,0.0,163.07986111111111,,,,,
2021-01-25,0.0,111.96527777777779,,,,,
2021-01-26,0.0,0.0,0.0,,,,
2021-01-27,0.0,0.0,,,0.58317757,13.167978,7.788101
2021-01-28,0.0,0.0,,,,,
2021-01-29,0.0,0.0,,,,,
2021-01-30,0.0,2.0104166666666665,,,,,
2021-01-31,0.0,8.82986111111111,,,,,
2021-02-01,0.0,19.48263888888889,,,,,
2021-02-02,0.0,45.5625,803.0664,,,,
2021-02-03,0.0,66.56250000000001,,,0.4430962,13.416355,7.2861753
2021-02-04,0.0,66.85416666666667,,,,,
2021-02-05,0.0,44.88194444444445,,,,,
2021-02-06,0.0,35.21875,,,,,
2021-02-07,0.0,19.87847222222222,,,,,
2021-02-08,0.0,3.15625,,,,,
2021-02-09,0.0,0.0,0.0,,,,
2021-02-10,0.0,0.0,,,,,
2021-02-11,0.0,0.0,,,,,
2021-02-12,0.0,0.0,,,0.04719046,14.348997,7.3676095
2021-02-13,0.0,0.0,,,,,
2021-02-14,0.0,0.0,,,,,
2021-02-15,0.0,0.0,,,,,
2021-02-16,0.0,0.0,0.0,,,,
2021-02-17,0.0,0.0,,,0.17733155,13.926901,7.95054
2021-02-18,0.0,0.0,,,,,
2021-02-19,0.0,0.0,,,,,
2021-02-20,0.0,0.0,,,,,
2021-02-21,0.0,0.0,,,,,
2021-02-22,0.0,0.0,,,,,
2021-02-23,0.0,0.0,0.0,,,,
2021-02-24,0.0,0.0,,,0.26114407,14.903613,7.3103633
2021-02-25,0.0,0.0,,,,,
2021-02-26,0.0,0.0,,,,,
2021-02-27,0.0,0.0,,,,,
2021-02-28,0.0,0.0,,,,,
2021-03-01,0.4,0.0,,,,,
2021-03-02,0.0,0.0,0.0,,,,
2021-03-03,0.0,0.0,,,,,
2021-03-04,0.0,0.0,,,,,
2021-03-05,1.3900000000000001,0.0,,,0.5017009,15.27199,7.9213653
2021-03-06,21.060000000000002,0.0,,,,,
2021-03-07,201.35999999999999,0.0,,,,,
2021-03-08,99.98,306.8680555555556,,,,,
2021-03-09,6.0,1582.4618055555557,7656.583200000001,,,,
2021-03-10,0.0,349.49305555555554,,,0.61919785,16.204426,6.042241
2021-03-11,0.0,250.7847222222222,,,,,
2021-03-12,0.0,230.99305555555554,,,,,
2021-03-13,0.0,211.6527777777778,,,,,
2021-03-14,0.0,188.92013888888889,,,,,
2021-03-15,0.0,168.35763888888889,,,0.5950323,18.049696,8.619869
2021-03-16,0.0,165.61805555555557,2818.9518000000003,,,,
2021-03-17,0.0,142.40277777777777,,,,,
2021-03-18,50.849999999999994,168.45833333333331,,,,,
2021-03-19,5.84,219.9340277777778,,,,,
2021-03-20,15.090000000000002,246.02777777777777,,,,,
2021-03-21,0.0,172.19791666666666,,,,,
2021-03-22,0.0,186.7777777777778,,,,,
2021-03-23,0.0,193.31944444444446,3340.56,,,,
2021-03-24,0.0,192.10763888888889,,,0.68154645,15.905866,8.099596
2021-03-25,0.0,192.5902777777778,,,,,
2021-03-26,0.0,186.19097222222226,,,,,
2021-03-27,0.0,155.44791666666666,,,,,
2021-03-28,0.0,157.7826086956522,,,,,
2021-03-29,0.0,156.02777777777777,,,,,
2021-03-30,0.0,173.77777777777774,3153.0239999999994,,,,
2021-03-31,0.0,171.10416666666666,,,,,
2021-04-01,0.0,170.63541666666669,,,,,
2021-04-02,0.0,161.83680555555557,,,,,
2021-04-03,3.56,172.90277777777777,,,,,
2021-04-04,0.0,159.13541666666663,,,,,
2021-04-05,0.23,152.97222222222223,,,,,
2021-04-06,0.0,152.41666666666669,,,0.46778128,18.603888,9.316512
2021-04-07,0.30000000000000004,118.22569444444444,1981.6518,,,,
2021-04-08,0.23,123.52083333333333,,,,,
2021-04-09,37.2,176.02777777777777,,,,,
2021-04-10,24.360000000000003,244.37499999999997,,,,,
2021-04-11,0.5,150.72222222222223,,,,,
2021-04-12,0.0,131.6284722222222,,,,,
2021-04-13,0.0,125.74652777777779,2009.9325000000003,,0.319667,17.8438,8.048761
2021-04-14,15.11,122.91319444444444,,,,,
2021-04-15,78.83,158.5625,,,,,
2021-04-16,10.96,288.7951388888889,,,,,
2021-04-17,0.0,154.44097222222223,,,,,
2021-04-18,0.0,142.80555555555554,,,,,
2021-04-19,0.0,144.6909722222222,,,,,
2021-04-20,0.2,153.91666666666669,2526.6960000000004,,0.69500256,18.95241,6.9168763
2021-04-21,0.5,120.71527777777777,,,,,
2021-04-22,104.3,221.5625,,,,,
2021-04-23,0.5,223.99652777777777,,,,,
2021-04-24,0.33,17.163194444444443,,,,,
2021-04-25,12.850000000000001,12.600694444444445,,,,,
2021-04-26,22.85,64.82291666666667,,,,,
2021-04-27,1.9900000000000002,22.975694444444443,289.8246,,0.6102712,18.575943,6.141933
2021-04-28,0.33,5.875,,,,,
2021-04-29,0.0,0.0,,,,,
2021-04-30,0.0,0.0,,,,,
2021-05-01,0.7000000000000001,0.0,,,,,
2021-05-02,0.0,0.0,,,,,
2021-05-03,17.92,0.0,,,,,
2021-05-04,0.43000000000000005,0.75,0.0,,,,
2021-05-05,0.0,16.180555555555557,,,,,
2021-05-06,0.0,40.826388888888886,,,0.71211475,22.216608,6.3226047
2021-05-07,0.0,46.11805555555556,,,,,
2021-05-08,0.0,41.49305555555556,,,,,
2021-05-09,0.0,36.23263888888889,,,,,
2021-05-10,13.22,36.11458333333333,,,,,
2021-05-11,0.0,39.41666666666667,500.62320000000005,,,,
2021-05-12,0.0,34.80902777777778,,,,,
2021-05-13,0.0,54.822916666666664,,,0.5532767,22.213589,5.424484
2021-05-14,0.0,99.90972222222221,,,,,
2021-05-15,0.0,108.47569444444444,,,,,
2021-05-16,0.0,95.22916666666667,,,,,
2021-05-17,0.0,102.31944444444444,,,,,
2021-05-18,0.0,97.70486111111111,1477.2975,,,,
2021-05-19,0.0,99.58680555555556,,,,,
2021-05-20,0.0,96.19791666666666,,,0.39123422,24.025467,4.0039806
2021-05-21,0.0,97.6875,,,,,
2021-05-22,0.0,105.91666666666667,,,,,
2021-05-23,308.77,178.375,,,,,
2021-05-24,2.33,1692.875,,,,,
2021-05-25,0.0,406.46180555555554,5513.5731,,0.35480377,24.02753,5.3868985
2021-05-26,0.0,274.05902777777777,,,,,
2021-05-27,4.0200000000000005,243.15972222222223,,,,,
2021-05-28,19.060000000000002,260.87847222222223,,,,,
2021-05-29,0.0,230.70486111111111,,,,,
2021-05-30,0.0,213.63541666666666,,,,,
2021-05-31,0.1,205.89583333333334,,,,,
2021-06-01,38.559999999999995,205.04166666666669,4198.5972,,,,
2021-06-02,0.0,203.25,,,0.65331435,24.057615,6.871936
2021-06-03,0.0,178.35763888888889,,,,,
2021-06-04,0.1,183.19097222222223,,,,,
2021-06-05,27.110000000000003,180.69097222222223,,,,,
2021-06-06,0.0,187.79513888888889,,,,,
2021-06-07,0.0,170.54166666666669,3020.6340000000005,,,,
2021-06-08,0.0,189.39583333333331,,,1.0143899,25.868408,7.912692
2021-06-09,0.0,195.69097222222223,,,,,
2021-06-10,0.0,180.80902777777777,,,,,
2021-06-11,0.0,181.26388888888889,,,,,
2021-06-12,0.4,178.90972222222223,,,,,
2021-06-13,0.0,179.43055555555557,,,,,
2021-06-14,0.0,185.47222222222223,3701.7288,,0.4986939,25.454578,5.768875
2021-06-15,0.0,180.05555555555554,,,,,
2021-06-16,0.0,160.13194444444443,,,,,
2021-06-17,1.69,143.89236111111111,,,,,
2021-06-18,0.0,147.29861111111111,,,,,
2021-06-19,0.6000000000000001,141.01041666666666,,,,,
2021-06-20,0.0,136.7465277777778,,,,,
2021-06-21,0.0,134.41666666666669,2415.6288000000004,,,,
2021-06-22,0.0,119.87152777777779,,,0.5560169,25.835575,6.6772237
2021-06-23,0.0,111.38888888888889,,,,,
2021-06-24,0.0,131.23611111111111,,,,,
2021-06-25,0.0,127.68055555555554,,,,,
2021-06-26,0.0,119.64583333333333,,,,,
2021-06-27,0.0,103.18402777777777,,,,,
2021-06-28,0.0,113.78125,1602.4041,,,,
2021-06-29,0.0,116.91666666666666,,,,,
2021-06-30,0.0,110.45833333333334,,,,,
2021-07-01,0.0,120.96527777777779,,,0.5483907,27.505157,5.8512664
2021-07-02,0.0,157.17361111111111,,,,,
2021-07-03,0.0,154.85763888888886,,,,,
2021-07-04,0.0,162.18055555555554,,,,,
2021-07-05,0.0,153.28819444444443,1827.6858,,,,
2021-07-06,0.0,141.67708333333331,,,0.68928957,29.263302,5.8553276
2021-07-07,0.0,120.44444444444446,,,,,
2021-07-08,0.0,115.3090277777778,,,,,
2021-07-09,0.0,127.4861111111111,,,,,
2021-07-10,0.0,100.94444444444444,,,,,
2021-07-11,0.0,108.94097222222223,,,,,
2021-07-12,0.0,134.08680555555554,1575.5736,,,,
2021-07-13,0.0,109.92708333333333,,,,,
2021-07-14,0.0,102.12847222222223,,,0.4610227,29.044838,6.9265842
2021-07-15,0.0,119.41319444444444,,,,,
2021-07-16,0.0,136.63888888888886,,,,,
2021-07-17,0.0,104.8576388888889,,,,,
2021-07-18,0.0,146.05208333333334,,,,,
2021-07-19,0.0,145.44444444444443,1696.4639999999997,,,,
2021-07-20,0.0,147.31597222222223,,,0.7673592,28.951773,6.01688
2021-07-21,0.0,108.61805555555556,,,,,
2021-07-22,0.0,124.45486111111109,,,,,
2021-07-23,0.0,123.47222222222223,,,,,
2021-07-24,0.0,112.59722222222221,,,,,
2021-07-25,0.0,132.0902777777778,,,,,
2021-07-26,23.950000000000003,145.97916666666666,1500.8994,,,,
2021-07-27,0.0,105.34722222222221,,,1.528017,29.022945,4.9308968
2021-07-28,0.0,100.00347222222223,,,,,
2021-07-29,0.0,128.35763888888889,,,,,
2021-07-30,0.0,121.98263888888889,,,,,
2021-07-31,0.0,102.09722222222223,,,,,
2021-08-01,0.0,91.72569444444446,,,,,
2021-08-02,0.0,88.86458333333333,1312.9209,,,,
2021-08-03,0.0,79.65625,,,3.741639,28.735538,6.157458
2021-08-04,0.0,68.82291666666667,,,,,
2021-08-05,0.0,89.60069444444444,,,,,
2021-08-06,0.0,77.13194444444443,,,,,
2021-08-07,0.0,67.51041666666667,,,,,
2021-08-08,0.0,71.75347222222223,,,,,
2021-08-09,0.0,58.045138888888886,766.7084879999999,,1.8688198,28.71204,7.2295995
2021-08-10,0.0,65.5,,,,,
2021-08-11,0.0,90.875,,,,,
2021-08-12,0.0,90.27777777777777,,,,,
2021-08-13,0.0,84.375,,,3.8829796,29.37699,6.037439
2021-08-14,0.0,84.55902777777779,,,,,
2021-08-15,0.0,87.875,,,,,
2021-08-16,0.0,95.73263888888889,1424.31786,,2.6770747,30.49666,4.23083
2021-08-17,0.0,113.06597222222223,,,,,
2021-08-18,0.0,124.97569444444446,,,,,
2021-08-19,0.0,125.21180555555556,,,3.448243,30.078793,5.232589
2021-08-20,0.0,110.32291666666666,,,,,
2021-08-21,0.0,106.00694444444444,,,,,
2021-08-22,0.0,111.4548611111111,,,,,
2021-08-23,0.0,112.65625,930.035925,22.289715000000005,,,
2021-08-24,0.0,80.95138888888889,719.70318,13.568747999999998,3.769844,28.178286,3.9415915
2021-08-25,0.0,86.93055555555557,863.7420000000001,12.768360000000001,,,
2021-08-26,0.0,66.94444444444444,607.32,9.37008,3.896286,29.108932,5.1008043
2021-08-27,0.0,72.70833333333333,869.3659799999999,5.151239999999999,,,
2021-08-28,0.0,76.28472222222221,1062.9964799999998,3.1636799999999994,,,
2021-08-29,0.0,61.177083333333336,810.2978100000001,1.05714,,,
2021-08-30,0.0,84.88541666666666,1068.871734,0.9534329999999999,1.4046121,29.664225,5.3242903
2021-08-31,0.1,87.59375,1210.896,0.6886971,,,
2021-09-01,0.43000000000000005,72.42361111111111,1017.077796,0.7946898000000001,,,
2021-09-02,0.9000000000000001,100.19791666666666,1350.5075999999997,1.0734804,2.898933,27.841343,5.1225915
2021-09-03,0.0,135.73263888888889,1802.720556,1.9350045,,,
2021-09-04,0.0,108.20833333333334,1244.752488,4.908330000000001,,,
2021-09-05,0.0,89.2326388888889,1097.7070860000003,3.2303642999999997,,,
2021-09-06,0.0,119.80902777777779,1428.196455,5.714028000000001,,,
2021-09-07,0.0,130.82986111111111,1526.903796,6.3639831,,,
2021-09-08,0.0,132.43055555555554,1614.6950399999998,5.583695999999999,,,
2021-09-09,0.0,129.53819444444446,1533.3177000000003,3.794121900000001,,,
2021-09-10,0.0,111.16666666666666,1450.3247999999999,2.1130559999999994,,,
2021-09-11,0.0,104.1875,1482.056352,1.4132825999999998,,,
2021-09-12,0.0,102.77777777777779,1415.3832,1.9980000000000002,,,
2021-09-13,0.8300000000000001,86.51736111111111,1153.781685,1.345518,2.8212202,28.151241,5.247547
2021-09-14,0.0,101.13194444444446,1425.746826,1.9834806000000003,,,
2021-09-15,1.5,105.26388888888889,1548.662544,2.2646052,,,
2021-09-16,0.0,111.93402777777777,1580.838006,0.9284256,,,
2021-09-17,0.0,88.04166666666666,1167.0352559999997,1.3387968,,,
2021-09-18,0.0,88.00347222222221,1116.1177649999997,1.4826825,,,
2021-09-19,0.0,104.77777777777779,1648.243296,1.2583392000000002,,,
2021-09-20,14.729999999999999,78.70833333333333,1149.60762,1.1628683999999998,0.066063374,26.252493,5.099918
2021-09-21,204.39000000000001,3238.8298611111113,,,,,
2021-09-22,0.2,400.4895833333333,,,,,
2021-09-23,0.0,106.89930555555554,1066.2153839999999,4.285550399999999,,,
2021-09-24,0.0,120.30555555555557,,,,,
2021-09-25,5.41,123.39236111111111,,,,,
2021-09-26,0.0,133.78125,,,,,
2021-09-27,0.0,114.78125,,,0.2467596,25.068064,4.9894266
2021-09-28,0.0,92.68055555555556,,,,,
2021-09-29,0.0,85.37847222222223,,,,,
2021-09-30,0.0,83.74652777777777,1122.2570699999997,1.012998,1.7389032,25.938574,4.9515276
2021-10-01,0.0,68.6701388888889,,,,,
2021-10-02,0.0,119.96180555555556,,,,,
2021-10-03,6.54,165.20833333333331,,,,,
2021-10-04,9.92,138.91319444444446,,,,,
2021-10-05,0.0,100.23958333333333,,,,,
2021-10-06,0.0,85.78819444444446,,,,,
2021-10-07,0.0,75.74305555555554,,,3.7754402,23.87293,5.8209243
2021-10-08,0.0,101.1875,1523.83518,0.0,,,
2021-10-09,0.0,101.19097222222223,,,,,
2021-10-10,0.0,102.38888888888889,,,,,
2021-10-11,5.4,133.00347222222223,,,2.2388973,23.315395,5.8308635
2021-10-12,0.0,117.9652777777778,,,,,
2021-10-13,0.0,101.13541666666666,,,,,
2021-10-14,0.0,84.14236111111111,,,,,
2021-10-15,0.0,77.70138888888889,1156.0474799999997,0.906309,,,
2021-10-16,0.0,82.09722222222221,,,,,
2021-10-17,0.0,118.04166666666667,,,,,
2021-10-18,0.0,137.51041666666666,,,1.2718074,22.650343,5.6925216
2021-10-19,0.0,90.37152777777779,,,,,
2021-10-20,0.0,68.79513888888889,,,,,
2021-10-21,0.0,85.21875,,,,,
2021-10-22,105.63000000000001,224.39583333333334,3582.8654400000005,4.168377,,,
2021-10-23,0.0,198.90972222222223,,,,,
2021-10-24,0.0,109.21874999999999,,,,,
2021-10-25,0.0,66.00347222222221,,,,,
2021-10-26,25.45,113.48263888888889,,,,,
2021-10-27,33.11000000000001,776.3854166666666,,,,,
2021-10-28,0.0,118.40624999999999,1104.8723999999997,4.992386399999999,1.4681804,19.876577,7.299485
2021-10-29,0.1,95.78819444444444,,,,,
2021-10-30,2.23,93.95833333333333,,,,,
2021-10-31,0.30000000000000004,86.20833333333333,,,,,
2021-11-01,0.0,78.98611111111111,,,,,
2021-11-02,3.8,89.25694444444444,,,,,
2021-11-03,3.9000000000000004,135.1111111111111,,,,,
2021-11-04,0.0,74.83333333333333,,,2.138868,19.431652,6.5854235
2021-11-05,24.53,97.06944444444444,1408.9824,3.606324,,,
2021-11-06,5.630000000000001,382.3888888888889,,,,,
2021-11-07,0.0,164.02430555555554,,,,,
2021-11-08,0.0,148.54861111111111,,,,,
2021-11-09,0.0,87.96875,,,,,
2021-11-10,0.0,132.90277777777777,,,,,
2021-11-11,0.0,149.52083333333331,2197.4538599999996,7.3506833999999985,0.6929813,15.20364,6.6956577
2021-11-12,0.0,150.7777777777778,,,,,
2021-11-13,0.0,118.33680555555556,,,,,
2021-11-14,0.0,132.84722222222223,,,,,
2021-11-15,0.0,106.34027777777779,,,,,
2021-11-16,0.0,79.56944444444444,,,,,
2021-11-17,41.11,97.87499999999999,,,,,
2021-11-18,101.16999999999999,413.49652777777777,6294.581559,10.825008299999999,1.6030345,15.807363,6.887419
2021-11-19,35.26,507.9895833333333,,,,,
2021-11-20,50.63,187.18402777777777,,,,,
2021-11-21,63.34,1528.111111111111,,,,,
2021-11-22,0.30000000000000004,451.81250000000006,,,,,
2021-11-23,0.93,261.29166666666663,,,,,
2021-11-24,1.43,227.84722222222223,,,,,
2021-11-25,0.0,232.22569444444443,3577.865976,13.603595399999998,,,
2021-11-26,0.0,238.61805555555554,,,1.874781,15.181209,7.185396
2021-11-27,0.0,192.84027777777777,,,,,
2021-11-28,0.0,176.42361111111111,,,,,
2021-11-29,0.0,178.89583333333334,,,,,
2021-11-30,0.0,170.35763888888889,,,,,
2021-12-01,0.0,181.40625,,,0.74552125,13.283527,7.1213818
2021-12-02,0.0,177.55208333333334,2979.892125,6.166881000000001,,,
2021-12-03,0.0,154.99652777777777,,,,,
2021-12-04,0.0,136.0034722222222,,,,,
2021-12-05,0.0,169.49999999999997,,,,,
2021-12-06,0.0,175.72916666666666,,,,,
2021-12-07,0.0,166.10763888888889,,,,,
2021-12-08,0.0,174.61458333333334,,,,,
2021-12-09,0.0,164.43402777777777,,,,,
2021-12-10,0.0,151.96875,2420.927838,6.2499275999999995,1.5103805,12.244696,7.4133215
2021-12-11,0.0,149.73611111111111,,,,,
2021-12-12,0.0,142.25,,,,,
2021-12-13,0.0,72.0486111111111,,,,,
2021-12-14,0.0,0.0,,,,,
2021-12-15,0.0,0.0,,,0.9360044,12.803268,7.7277937
2021-12-16,0.0,98.59722222222223,,,,,
2021-12-17,0.0,143.82638888888889,2087.6688,1.0065546,,,
2021-12-18,15.290000000000001,114.00694444444446,,,,,
2021-12-19,1.33,182.92708333333331,,,,,
2021-12-20,0.0,112.81250000000001,,,,,
2021-12-21,0.0,82.2013888888889,,,1.5301173,12.950365,7.4655952
2021-12-22,0.0,133.97222222222223,,,,,
2021-12-23,0.0,138.74652777777777,1950.998175,4.7830923,,,
2021-12-24,0.0,124.49305555555556,,,,,
2021-12-25,0.0,105.72222222222221,,,,,
2021-12-26,0.0,122.38541666666666,,,,,
2021-12-27,0.0,116.36111111111111,,,,,
2021-12-28,0.0,79.67708333333333,,,0.7066944,14.709441,6.7663693
2021-12-29,0.0,99.63194444444444,,,,,
2021-12-30,0.0,128.80208333333331,1883.6099099999994,4.429143,,,
2021-12-31,0.0,114.08333333333334,,,,,
2022-01-01,0.5,111.70138888888889,,,,,
2022-01-02,0.2,71.84722222222223,,,,,
2022-01-03,0.1,85.10416666666667,,,,,
2022-01-04,0.30000000000000004,89.13194444444444,1497.53646,3.103503,0.7381097,13.427045,7.147973
2022-01-05,0.6,74.62152777777779,,,,,
2022-01-06,1.23,70.86805555555556,,,,,
2022-01-07,0.23,46.19444444444445,,,,,
2022-01-08,0.0,53.895833333333336,,,,,
2022-01-09,0.0,83.84375,,,,,
2022-01-10,0.0,105.14583333333333,,,,,
2022-01-11,31.01,60.19097222222222,,,,,
2022-01-12,0.9000000000000001,81.7673611111111,,,0.42173025,12.14073,7.618347
2022-01-13,3.46,109.92708333333333,1625.531355,3.514149,,,
2022-01-14,0.0,58.67361111111111,,,,,
2022-01-15,6.9,92.95833333333333,,,,,
2022-01-16,0.0,101.50694444444444,,,,,
2022-01-17,0.0,92.06944444444444,,,,,
2022-01-18,0.0,67.86805555555556,,,,,
2022-01-19,0.0,74.4826388888889,,,0.31363273,12.004585,8.539193
2022-01-20,0.4,66.26041666666666,950.963139,7.6770909,,,
2022-01-21,1.7000000000000002,40.09027777777777,,,,,
2022-01-22,10.760000000000002,38.572916666666664,,,,,
2022-01-23,2.7600000000000002,58.302083333333336,,,,,
2022-01-24,0.0,44.364583333333336,,,,,
2022-01-25,22.81,73.98611111111111,1120.90734,3.0299976,,,
2022-01-26,0.23,40.02430555555556,,,,,
2022-01-27,0.0,88.8125,,,0.59333646,12.116069,8.248662
2022-01-28,0.6900000000000001,115.05208333333333,,,,,
2022-01-29,0.23,68.98263888888889,,,,,
2022-01-30,0.0,62.10069444444445,,,,,
2022-01-31,0.0,86.77083333333333,,,,,
2022-02-01,0.0,71.25347222222223,,,,,
2022-02-02,0.0,57.454861111111114,789.1429770000001,2.6756499000000002,0.4466978,12.1801,6.7943273
2022-02-03,0.0,79.10763888888889,,,,,
2022-02-04,0.0,75.45486111111111,,,,,
2022-02-05,0.0,66.9375,,,,,
2022-02-06,0.0,45.89930555555556,,,,,
2022-02-07,0.2,42.520833333333336,,,,,
2022-02-08,0.0,34.07638888888889,,,,,
2022-02-09,0.0,74.68055555555556,,,,,
2022-02-10,0.0,42.260416666666664,642.6288,1.6795980000000001,0.93239135,13.187657,7.289987
2022-02-11,0.0,40.22569444444444,,,,,
2022-02-12,0.0,37.142361111111114,,,,,
2022-02-13,0.0,37.96180555555556,,,,,
2022-02-14,0.0,36.03125,,,,,
2022-02-15,0.0,66.18402777777779,,,,,
2022-02-16,0.0,73.6875,1212.964632,2.132811,0.765264,13.291816,6.474014
2022-02-17,0.0,79.11805555555557,,,,,
2022-02-18,0.1,35.03472222222222,,,,,
2022-02-19,0.0,45.02777777777778,,,,,
2022-02-20,0.7000000000000001,27.180555555555554,,,,,
2022-02-21,0.0,28.71875,,,,,
2022-02-22,0.0,27.88888888888889,,,,,
2022-02-23,0.0,44.27777777777778,,,,,
2022-02-24,0.0,58.569444444444436,956.4155999999999,0.46555679999999994,0.37056795,14.521431,7.22322
2022-02-25,3.91,65.53819444444444,,,,,
2022-02-26,0.2,69.72569444444444,,,,,
2022-02-27,1.4000000000000001,85.9826388888889,,,,,
2022-02-28,0.0,124.375,,,,,
2022-03-01,0.0,129.23958333333334,,,,,
2022-03-02,0.0,124.73958333333334,1830.989475,1.961505,0.37845784,14.65267,6.3115506
2022-03-03,12.63,133.87152777777777,,,,,
2022-03-04,57.58000000000001,172.59375,,,,,
2022-03-05,29.96,151.28819444444443,,,,,
2022-03-06,72.25,227.3784722222222,,,,,
2022-03-07,17.560000000000002,322.97916666666663,,,,,
2022-03-08,0.43000000000000005,125.70833333333334,,,,,
2022-03-09,0.0,85.31944444444444,,,,,
2022-03-10,0.0,112.57638888888889,1719.8574119999998,2.1495786,,,
2022-03-11,5.290000000000001,115.59375,,,0.5588577,15.345376,7.02873
2022-03-12,6.32,74.47916666666667,,,,,
2022-03-13,0.0,81.30555555555556,,,,,
2022-03-14,14.84,77.18055555555556,,,,,
2022-03-15,0.0,77.125,1154.4687,1.532628,,,
2022-03-16,94.62000000000002,113.73611111111111,,,,,
2022-03-17,215.72,1438.295138888889,,,,,
2022-03-18,1.0,1221.4375,,,,,
2022-03-19,5.49,509.2916666666666,,,,,
2022-03-20,7.69,453.32291666666663,,,,,
2022-03-21,61.56,686.6631944444443,,,,,
2022-03-22,37.98,698.0277777777778,,,,,
2022-03-23,139.8,1420.1319444444446,,,,,
2022-03-24,3.3,1982.0381944444446,8459.65614,215.9438541,1.2351937,15.3359995,7.714162
2022-03-25,107.04000000000002,2026.3402777777778,,,,,
2022-03-26,1.7999999999999998,1772.875,,,,,
2022-03-27,0.0,914.4166666666666,,,,,
2022-03-28,0.0,788.1840277777777,,,0.722906,15.21838,7.7048726
2022-03-29,0.0,700.6840277777777,,,,,
2022-03-30,199.34,1554.340277777778,,,,,
2022-03-31,14.7,2164.684027777778,22622.991552,168.1388013,,,
2022-04-01,0.46,1246.4340277777778,,,,,
2022-04-02,0.0,978.3125,,,,,
2022-04-03,0.0,869.3680555555557,,,,,
2022-04-04,50.980000000000004,938.0173611111111,,,,,
2022-04-05,265.70000000000005,2068.347222222222,,,,,
2022-04-06,4.3,4909.17013888889,54775.028022,374.9506332000001,0.4227037,12.339309,6.667122
2022-04-07,0.0,1808.0208333333335,,,,,
2022-04-08,0.0,1531.142361111111,,,,,
2022-04-09,0.0,1247.6458333333333,,,,,
2022-04-10,0.0,1111.4965277777778,,,,,
2022-04-11,0.0,1085.4444444444443,11796.888096,52.51814399999999,2.6458707,15.548743,5.794705
2022-04-12,14.860000000000003,1033.21875,,,,,
2022-04-13,54.79999999999999,1014.2604166666666,,,,,
2022-04-14,5.700000000000001,1061.7222222222222,,,,,
2022-04-15,0.0,883.1354166666666,,,,,
2022-04-16,0.0,826.3263888888889,,,,,
2022-04-17,0.0,849.7951388888888,,,,,
2022-04-18,0.30000000000000004,753.4652777777777,,,,,
2022-04-19,5.5600000000000005,771.0347222222223,,,0.9650398,19.830082,7.1357884
2022-04-20,140.14,1173.232638888889,,,,,
2022-04-21,0.0,1368.3159722222222,9391.5954,95.40555750000001,,,
2022-04-22,0.0,939.5555555555554,,,1.449482,18.103996,5.4272966
2022-04-23,5.790000000000001,817.6875,,,,,
2022-04-24,0.0,726.1458333333333,,,,,
2022-04-25,0.0,692.5486111111111,,,,,
2022-04-26,0.0,616.9652777777777,,,,,
2022-04-27,7.390000000000001,662.4583333333334,7740.650736,47.7351576,1.0592777,18.82414,6.0838017
2022-04-28,57.599999999999994,787.1180555555555,,,,,
2022-04-29,0.1,825.2743055555555,,,,,
2022-04-30,0.0,689.0486111111112,,,,,
2022-05-01,2.5999999999999996,641.6944444444445,,,,,
2022-05-02,0.1,631.1597222222223,,,,,
2022-05-03,12.66,639.4097222222223,,,,,
2022-05-04,98.30000000000001,661.7847222222222,,,,,
2022-05-05,6.3,891.7812500000001,4864.930686,72.11870640000002,,,
2022-05-06,0.0,631.6041666666667,,,0.6274447,19.574797,6.6720357
2022-05-07,0.0,596.4583333333333,,,,,
2022-05-08,0.0,559.2430555555557,,,,,
2022-05-09,0.0,538.4826388888889,,,,,
2022-05-10,0.0,507.55555555555554,,,,,
2022-05-11,0.0,510.1006944444444,,,,,
2022-05-12,0.0,512.3368055555555,4499.186076,51.7468371,,,
2022-05-13,0.0,471.6284722222223,,,0.8038925,22.767578,6.902227
2022-05-14,0.0,471.125,,,,,
2022-05-15,0.0,467.01736111111114,,,,,
2022-05-16,0.0,459.42013888888886,,,,,
2022-05-17,0.0,407.5486111111111,,,,,
2022-05-18,0.0,401.6076388888889,,,0.7088064,24.543552,5.7946177
2022-05-19,0.0,390.87847222222223,4631.140647,21.715331700000004,,,
2022-05-20,0.0,343.4340277777778,,,,,
2022-05-21,0.0,322.75694444444446,,,,,
2022-05-22,0.0,321.84375,,,,,
2022-05-23,0.0,310.0,,,,,
2022-05-24,0.0,239.45833333333331,,,,,
2022-05-25,0.0,266.375,,,,,
2022-05-26,0.0,265.1770833333333,3180.3175529999994,17.1605637,0.53090405,24.591349,6.3271403
2022-05-27,0.0,259.96180555555554,,,,,
2022-05-28,0.0,284.54861111111114,,,,,
2022-05-29,0.0,310.9618055555556,,,,,
2022-05-30,0.0,294.74305555555554,,,,,
2022-05-31,0.0,226.9722222222222,,,,,
2022-06-01,0.0,216.59027777777777,,,,,
2022-06-02,0.0,220.96527777777777,2688.06912,14.032179,0.52056396,26.231798,6.7303104
2022-06-03,0.0,246.1493055555556,2933.6113620000006,15.461327100000002,,,
2022-06-04,0.0,207.8923611111111,2560.648464,13.219958399999998,,,
2022-06-05,0.0,192.48958333333331,2458.7418239999997,13.837075199999997,,,
2022-06-06,0.0,192.2638888888889,2521.6408800000004,15.033498000000003,,,
2022-06-07,0.0,208.49305555555554,2399.7984359999996,17.923731,,,
2022-06-08,0.0,213.93055555555557,2517.096648,15.1935192,,,
2022-06-09,0.0,205.34375000000003,2482.418664,14.725611,,,
2022-06-10,0.0,214.93055555555554,2471.6669999999995,15.208829999999999,0.47963846,27.173458,5.2330103
2022-06-11,0.0,237.57291666666669,2823.187302,14.3068311,,,
2022-06-12,0.0,263.3125,3308.334084,21.680940600000003,,,
2022-06-13,0.0,280.2881944444444,3463.0166999999997,19.857857999999997,,,
2022-06-14,0.0,263.15625,2911.2070679999997,18.689567399999998,,,
2022-06-15,0.0,229.39930555555554,3701.9982779999996,14.666874,,,
2022-06-16,0.0,215.4513888888889,2555.4672000000005,17.386410000000005,,,
2022-06-17,0.0,171.23611111111111,2018.0107200000002,12.057762,0.55413866,27.978008,6.4844017
2022-06-18,0.0,171.83680555555557,2142.675744,13.881664500000001,,,
2022-06-19,0.0,194.25347222222223,2034.49587,26.417229,,,
2022-06-20,0.0,208.46875,2417.17014,27.197667000000003,,,
2022-06-21,2.63,235.72916666666666,2769.09732,28.493433,,,
2022-06-22,0.0,231.78472222222223,2665.48722,33.8042256,,,
2022-06-23,0.0,222.69097222222223,2459.32071,28.379737500000005,,,
2022-06-24,0.0,223.80902777777774,2599.292981999999,23.320542599999992,0.46030477,26.7999,6.407851
2022-06-25,0.0,219.73958333333334,2681.5120200000006,21.225789000000002,,,
2022-06-26,0.0,218.69791666666666,2544.0901199999994,22.8824505,,,
2022-06-27,0.0,218.27777777777777,2116.00224,25.2336096,,,
2022-06-28,0.0,212.26736111111111,2412.797244,19.5136536,,,
2022-06-29,0.0,225.27083333333334,1995.3877680000003,23.842665,,,
2022-06-30,0.0,245.85069444444446,2417.70753,24.151585500000003,0.3992591,27.89802,4.901877
2022-07-01,0.0,218.86111111111111,1971.893088,29.4422472,,,
2022-07-02,0.0,185.87847222222223,1568.7310320000001,19.223700300000004,,,
2022-07-03,0.0,198.53819444444446,1501.9779720000001,20.9618214,,,
2022-07-04,0.0,218.4513888888889,1370.26692,30.670575,,,
2022-07-05,0.0,213.68402777777777,1685.792613,21.7670517,,,
2022-07-06,1.8599999999999999,209.47916666666666,1668.3658200000002,23.058126,0.61000586,28.31061,6.333354
2022-07-07,0.0,211.28819444444443,1518.110748,27.948864299999997,,,
2022-07-08,0.0,205.38888888888889,1468.270944,25.1455152,,,
2022-07-09,0.0,192.89583333333334,1382.4612900000002,23.416011,,,
2022-07-10,0.0,201.9027777777778,1051.373988,39.092900400000005,,,
2022-07-11,0.0,145.03125,684.17622,38.4065955,,,
2022-07-12,0.0,178.99305555555557,1030.8969,30.156750000000002,,,
2022-07-13,0.0,178.35416666666669,919.0404720000001,28.615998600000005,,,
2022-07-14,0.0,184.09722222222223,1084.7892,25.815438000000004,0.42716604,30.553137,5.6934276
2022-07-15,0.0,175.96527777777777,1110.4563360000002,26.1042378,,,
2022-07-16,0.0,175.12152777777777,1817.47566,9.4263015,,,
2022-07-17,0.0,156.43055555555554,1795.9529279999997,6.6631908,,,
2022-07-18,0.0,155.4826388888889,1998.9345600000004,6.958656600000001,,,
2022-07-19,0.0,169.38541666666669,2416.807386,6.4978956000000005,,,
2022-07-20,0.0,169.3125,1805.4618120000002,7.884815400000001,0.64647865,30.294748,4.9087477
2022-07-21,0.0,138.63194444444446,1357.08474,6.2883450000000005,,,
2022-07-22,0.0,120.72222222222223,1156.522752,5.3299344,,,
2022-07-23,0.0,126.66666666666667,1331.55648,5.504832,,,
2022-07-24,0.0,78.4375,902.56086,3.707019,,,
2022-07-25,0.0,88.45138888888889,1228.86576,3.400779,,,
2022-07-26,0.0,109.14583333333333,1340.220024,4.526495999999999,,,
2022-07-27,0.0,126.57986111111111,1322.87904,4.462092,,,
2022-07-28,0.0,120.80902777777777,1203.2811119999997,4.4465454,0.31900564,31.537666,4.24626
2022-07-29,0.0,114.86111111111111,1214.30064,4.31694,,,
2022-07-30,0.0,111.82986111111111,1338.007608,4.541187,,,
2022-07-31,0.0,82.98263888888889,829.677684,3.2478741,,,
2022-08-01,0.0,110.66319444444444,1307.98584,3.2986484999999997,,,
2022-08-02,0.0,114.96875,1169.14941,3.6256545,,,
2022-08-03,0.0,107.84027777777777,1206.4169519999998,3.2610899999999994,0.4892876,31.059443,5.1265903
2022-08-04,0.0,105.81597222222221,891.5765999999999,3.1175924999999993,,,
2022-08-05,0.0,103.32986111111111,0.0,3.57108,,,
2022-08-05,0.0,103.32986111111111,1068.4671360000002,3.57108,,,
2022-08-06,0.0,130.4548611111111,0.0,4.553605199999999,,,
2022-08-06,0.0,130.4548611111111,1509.4524959999994,4.553605199999999,,,
2022-08-07,0.0,161.74305555555557,1638.6615960000001,6.1767732,,,
2022-08-08,0.0,147.0590277777778,1761.0377400000002,4.4597709000000005,,,
2022-08-09,0.2,105.45486111111111,1349.019078,1.7858148,,,
2022-08-10,0.4,106.80555555555554,1244.6726399999998,3.838847999999999,,,
2022-08-11,0.0,108.20138888888889,806.31675,3.3281015999999997,0.7193626,30.009535,5.8108673
2022-08-12,0.1,105.32986111111111,1033.08876,4.896069000000001,,,
2022-08-13,0.0,164.3125,1701.178578,4.9120235999999995,,,
2022-08-14,0.0,158.01388888888889,1683.067872,5.1742596,,,
2022-08-15,0.0,157.73958333333334,1661.3385300000002,4.824559799999999,,,
2022-08-16,0.0,124.27777777777779,1405.5518400000003,3.640046400000001,,,
2022-08-17,0.0,69.6875,781.76664,2.0652030000000003,1.378108,29.207487,4.945294
2022-08-18,0.0,75.35069444444444,818.7353280000001,3.9973241999999995,,,
2022-08-19,0.0,68.29166666666667,729.28944,2.1005423999999997,,,
2022-08-20,0.0,65.25347222222221,689.6279279999999,2.1480399,,,
2022-08-21,0.0,67.50347222222223,705.7083000000001,2.2279386,,,
2022-08-22,0.0,48.39930555555556,542.7846600000001,1.3088721,,,
2022-08-23,0.0,72.88888888888889,759.112704,1.9144704,,,
2022-08-24,0.0,97.07986111111111,1085.0328720000002,2.8769811,0.9001177,29.841187,3.4298084
2022-08-25,0.9,73.49652777777779,765.0600480000002,2.3050863,,,
2022-08-26,0.0,82.40972222222221,781.655556,2.5347912,,,
2022-08-27,0.0,79.50694444444444,757.145268,2.5966332000000003,,,
2022-08-28,0.0,80.35416666666667,879.7662720000001,2.221632,,,
2022-08-29,0.0,85.63888888888889,748.79904,2.8412928,,,
2022-08-30,0.30000000000000004,79.81597222222221,734.2967279999999,2.6067258,,,
2022-08-31,8.61,73.88888888888889,779.4863999999999,4.302816,,,
2022-09-01,0.0,78.38541666666667,710.70615,5.804032500000001,1.1648563,29.095455,5.88048
2022-09-02,0.0,68.9375,653.454702,2.8291949999999995,,,
2022-09-03,1.1,76.05902777777779,761.89971,2.6877435,,,
2022-09-04,0.0,82.97916666666666,976.328892,3.2333993999999997,,,
2022-09-05,0.0,86.77430555555556,,,,,
2022-09-06,0.0,89.96527777777779,,,,,
2022-09-07,0.0,87.65277777777777,978.0030479999999,2.7869375999999995,0.18205297,28.743229,5.1256084
2022-09-08,0.0,64.64236111111111,684.398154,1.8989340000000001,,,
2022-09-09,0.0,77.23263888888889,927.8000159999999,2.6091039,,,
2022-09-10,0.0,85.72916666666667,,,,,
2022-09-11,0.0,80.73263888888889,,,,,
2022-09-12,0.1,96.74652777777777,,,,,
2022-09-13,0.30000000000000004,96.42708333333333,,,,,
2022-09-14,0.0,97.75694444444444,1129.848174,2.787246,,,
2022-09-15,0.0,51.697916666666664,611.5805639999999,1.2283425,0.43695575,28.071815,5.814929
2022-09-16,0.0,81.54513888888889,929.16054,2.339106,,,
2022-09-17,0.0,72.47916666666666,,,,,
2022-09-18,0.0,46.46875,,,,,
2022-09-19,0.0,21.309027777777782,,,,,
2022-09-20,0.0,66.76041666666667,,,,,
2022-09-21,0.0,76.80208333333333,776.1778289999999,2.4419375999999997,1.0642847,26.285414,6.186588
2022-09-22,0.0,73.70486111111111,817.0909110000001,2.8974855,,,
2022-09-23,0.0,84.91319444444444,930.56166,3.3381075000000004,,,
2022-09-24,0.0,84.07986111111111,,,,,
2022-09-25,384.79999999999995,329.8402777777778,,,,,
2022-09-26,12.170000000000002,2490.805555555555,6090.318479999999,231.5612256,,,
2022-09-27,0.0,560.2430555555555,,,,,
2022-09-28,0.0,340.67013888888886,4591.6884,12.597709199999997,,,
2022-09-29,0.0,236.78472222222226,,,3.4983795,24.167713,5.661013
2022-09-30,3.9200000000000004,167.72569444444443,2441.5279199999995,6.144395999999999,,,
2022-10-01,0.0,151.08680555555554,,,,,
2022-10-02,0.0,134.25,,,,,
2022-10-03,0.0,161.95486111111111,2416.57383,6.5486772,,,
2022-10-04,0.1,117.55208333333331,,,,,
2022-10-05,0.0,120.6736111111111,,,1.876092,23.141417,6.8826485
2022-10-06,304.96000000000004,1237.8194444444446,15528.79152,52.725166800000004,,,
2022-10-07,0.0,1116.2569444444446,,,,,
2022-10-08,0.0,569.5694444444445,,,,,
2022-10-09,3.2,400.7951388888889,,,,,
2022-10-10,129.72,419.62152777777777,7074.134136,14.6833965,,,
2022-10-11,0.2,1997.0243055555557,,,2.020345,23.162779,6.931222
2022-10-12,0.0,556.5173611111111,,,,,
2022-10-13,0.0,421.9791666666667,6903.8762400000005,13.307535000000001,,,
2022-10-14,0.0,396.89236111111114,,,,,
2022-10-15,0.0,347.11805555555554,,,,,
2022-10-16,0.0,346.90625,,,,,
2022-10-17,0.0,367.8229166666667,7276.325904,11.981022300000001,,,
2022-10-18,0.0,422.2604166666667,,,1.2390618,23.41016,6.6576815
2022-10-19,0.0,437.1354166666667,,,,,
2022-10-20,0.0,437.4479166666667,,,,,
2022-10-21,0.0,390.27083333333337,5729.600448000001,15.713240400000002,,,
2022-10-22,0.0,363.4131944444444,,,,,
2022-10-23,0.30000000000000004,300.6875,,,,,
2022-10-24,0.0,248.10416666666666,3357.552006,10.546610399999999,,,
2022-10-25,0.0,213.23263888888889,,,,,
2022-10-26,0.0,204.46180555555554,,,1.1880774,23.335463,6.4202466
2022-10-27,0.0,204.09722222222223,3184.7004,10.545132,,,
2022-10-28,0.0,203.91319444444446,,,,,
2022-10-29,0.0,201.41666666666669,,,,,
2022-10-30,0.0,196.25,,,,,
2022-10-31,0.0,196.62500000000003,,,,,
2022-11-01,0.0,197.59375,,,,,
2022-11-02,0.0,181.67361111111114,2577.6956520000003,9.8417682,0.6619928,22.933115,7.063988
2022-11-03,0.0,177.8090277777778,,,,,
2022-11-04,0.0,222.65625,3506.6115,12.0234375,,,
2022-11-05,0.0,259.00347222222223,,,,,
2022-11-06,0.0,248.5625,,,,,
2022-11-07,0.0,245.24305555555554,3552.1239599999994,12.543887999999997,,,
2022-11-08,0.0,251.96527777777777,,,,,
2022-11-09,24.479999999999997,243.94444444444443,,,1.5881628,20.655983,7.571908
2022-11-10,0.73,327.0451388888889,3792.04914,26.7590949,,,
2022-11-11,49.959999999999994,457.62152777777777,,,,,
2022-11-12,0.0,338.62152777777777,,,,,
2022-11-13,0.0,388.4791666666667,,,,,
2022-11-14,0.1,325.1354166666667,4010.932926,11.6299638,,,
2022-11-15,0.0,323.56944444444446,,,,,
2022-11-16,10.3,367.2152777777777,,,,,
2022-11-17,0.0,333.72569444444446,3844.135548,20.2702317,1.1318247,20.114407,5.632352
2022-11-18,27.92,342.4513888888889,,,,,
2022-11-19,0.0,323.55555555555554,,,,,
2022-11-20,0.0,312.89236111111114,,,,,
2022-11-21,0.0,317.62847222222223,3471.55215,14.819274000000002,,,
2022-11-22,0.0,304.1388888888889,,,,,
2022-11-23,0.0,308.375,,,,,
2022-11-24,0.0,303.1458333333333,3399.6956400000004,14.2221474,0.8391829,17.188992,7.9010115
2022-11-25,0.0,303.6909722222222,,,,,
2022-11-26,0.0,294.99305555555554,,,,,
2022-11-27,0.0,290.60763888888886,,,,,
2022-11-28,0.0,299.54166666666663,3771.809496,13.0437216,,,
2022-11-29,0.0,305.6840277777778,,,,,
2022-11-30,0.0,280.64930555555554,,,,,
2022-12-01,14.4,308.40277777777777,3611.0659200000005,16.733688,0.9359284,14.829367,8.739232
2022-12-02,62.7,640.8020833333334,,,,,
2022-12-03,0.0,559.1944444444445,,,,,
2022-12-04,0.0,373.4027777777778,,,,,
2022-12-05,0.0,241.6215277777778,3498.4168380000006,7.9120419,,,
2022-12-06,23.570000000000004,233.97222222222223,,,,,
2022-12-07,0.0,196.29861111111111,3208.8698399999994,5.9191098,0.8617867,15.338668,7.5882864
2022-12-08,0.1,196.39236111111111,,,,,
2022-12-09,0.0,234.73611111111111,,,,,
2022-12-10,0.1,264.95138888888886,,,,,
2022-12-11,13.250000000000002,313.5208333333333,,,,,
2022-12-12,0.23,299.02430555555554,4090.8247379999993,12.8145072,,,
2022-12-13,0.0,289.56944444444446,,,,,
2022-12-14,17.68,302.6770833333333,,,,,
2022-12-15,30.87,291.8194444444444,3201.0678719999996,15.733036799999999,,,
2022-12-16,0.0,224.2048611111111,,,0.7642,15.7106905,7.0783186
2022-12-17,0.0,215.81597222222223,,,,,
2022-12-18,0.1,228.55902777777777,,,,,
2022-12-19,0.1,225.02083333333334,2792.6201519999995,9.040437000000002,,,
2022-12-20,0.2,239.09375,,,0.9863213,14.985923,8.169792
2022-12-21,0.0,267.53125,,,,,
2022-12-22,0.0,256.3194444444445,3493.3100400000008,14.062710000000004,,,
2022-12-23,0.0,252.30555555555557,,,,,
2022-12-24,0.0,235.10416666666663,,,,,
2022-12-25,0.1,237.02777777777774,,,,,
2022-12-26,0.1,229.72916666666669,,,,,
2022-12-27,0.0,227.64930555555557,2965.6767420000006,8.0249112,0.63193965,15.257969,7.4445624
2022-12-28,0.0,223.71875,,,,,
2022-12-29,0.0,233.34027777777777,3175.2945,10.644796799999998,,,
2022-12-30,0.0,227.6631944444444,,,,,
2022-12-31,0.0,216.83333333333331,,,,,
2023-01-01,0.0,174.85763888888886,,,,,
2023-01-02,0.0,168.16319444444443,,,,,
2023-01-03,0.0,172.29513888888889,2926.0511279999996,4.46589,0.6032601,14.135537,8.554698
2023-01-04,0.0,205.10069444444446,2986.2923640000004,6.6098211,,,
2023-01-05,0.1,254.5277777777778,,,,,
2023-01-06,0.0,257.7708333333333,,,,,
2023-01-07,0.1,252.09027777777783,,,,,
2023-01-08,0.0,230.1215277777778,,,,,
2023-01-09,0.0,221.3715277777778,2650.9329,11.8775565,,,
2023-01-10,0.0,219.67708333333334,,,0.72712475,14.35918,8.2208
2023-01-11,0.0,230.29513888888889,,,,,
2023-01-12,0.0,215.46180555555557,2795.177385,16.7729259,,,
2023-01-13,0.0,195.3402777777778,,,,,
2023-01-14,0.0,197.70833333333334,,,,,
2023-01-15,0.1,200.85069444444446,,,,,
2023-01-16,0.0,152.6840277777778,2742.5960100000007,4.617165000000001,,,
2023-01-17,0.0,161.03472222222223,,,,,
2023-01-18,2.5,188.53472222222223,,,,,
2023-01-19,0.0,190.06944444444446,2603.7081000000003,8.506596,,,
2023-01-20,0.0,189.9340277777778,,,0.7739373,12.230298,8.457833
2023-01-21,0.0,179.89583333333334,,,,,
2023-01-22,0.0,148.67708333333331,,,,,
2023-01-23,0.0,152.43402777777777,2511.312804,3.8325572999999995,,,
2023-01-24,28.7,198.2638888888889,,,,,
2023-01-25,0.0,213.61458333333334,,,0.6638942,10.209865,8.079541
2023-01-26,0.0,213.12152777777777,2946.5602740000004,7.7521677,,,
2023-01-27,0.0,229.51388888888889,,,,,
2023-01-28,0.0,218.58333333333331,,,,,
2023-01-29,6.4,213.31597222222223,,,,,
2023-01-30,0.30000000000000004,222.47916666666669,2744.9301600000003,7.2275472,,,
2023-01-31,0.0,203.04861111111111,,,,,
2023-02-01,0.0,158.46180555555554,,,0.4314022,10.070555,8.566797
2023-02-02,0.0,151.84375,2644.85088,3.4503759000000005,,,
2023-02-03,0.1,188.64236111111111,,,,,
2023-02-04,0.0,185.65277777777777,,,,,
2023-02-05,0.0,152.21875,,,,,
2023-02-06,0.1,145.14930555555554,2412.367524,2.5332618,,,
2023-02-07,0.73,161.23611111111111,,,,,
2023-02-08,5.73,194.48263888888889,,,0.6658622,10.960375,9.1979065
2023-02-09,0.7000000000000001,219.12847222222223,2628.0480870000006,12.2115915,,,
2023-02-10,6.5600000000000005,206.23263888888889,,,,,
2023-02-11,14.04,192.28819444444446,,,,,
2023-02-12,0.0,207.05902777777777,,,,,
2023-02-13,0.23,207.53472222222223,2553.01578,8.266191000000001,,,
2023-02-14,0.0,208.27777777777774,,,0.4957809,11.596267,8.277544
2023-02-15,0.0,208.46527777777777,2602.287072,5.547511199999999,,,
2023-02-16,0.0,203.06944444444443,,,,,
2023-02-17,0.0,199.23263888888886,2689.468488,3.1673207999999993,,,
2023-02-18,0.53,196.56944444444446,,,,,
2023-02-19,0.0,211.63194444444443,,,,,
2023-02-20,0.0,210.67361111111111,2400.506136,7.0624536,,,
2023-02-21,6.050000000000001,202.58680555555554,,,,,
2023-02-22,0.0,221.71180555555557,2385.484227,5.325340200000001,,,
2023-02-23,0.0,195.05208333333331,,,0.63000077,13.607572,6.78312
2023-02-24,0.7000000000000001,212.92708333333331,2337.3261449999995,4.9119722999999995,,,
2023-02-25,0.76,196.70833333333334,,,,,
2023-02-26,0.0,186.70486111111111,,,,,
2023-02-27,0.0,152.95833333333334,2256.299388,2.8149228,,,
2023-02-28,0.0,204.4375,,,,,
2023-03-01,17.01,207.23958333333331,2534.3444699999995,5.496988499999999,0.29088745,10.835546,8.469455
2023-03-02,0.0,216.10763888888886,,,,,
2023-03-03,0.0,201.26041666666666,2402.798202,6.6425598,,,
2023-03-04,0.0,205.67708333333334,,,,,
2023-03-05,0.30000000000000004,208.0,,,,,
2023-03-06,3.3600000000000003,208.06944444444446,2484.089496,4.314528,,,
2023-03-07,0.1,208.0,,,,,
2023-03-08,0.0,206.65625,2358.480159,3.4460343,0.15205394,14.110819,5.52141
2023-03-09,0.0,191.56944444444443,,,,,
2023-03-10,0.0,199.96180555555554,2354.6414429999995,4.5610488,,,
2023-03-11,0.0,206.8715277777778,,,,,
2023-03-12,0.0,156.64930555555557,,,,,
2023-03-13,0.0,116.44097222222221,1772.5594949999997,1.9014345,,,
2023-03-14,0.0,169.82291666666666,,,,,
2023-03-15,0.0,179.59027777777777,2378.69478,4.3601646,,,
2023-03-16,0.0,185.43055555555557,,,0.28528687,16.634901,5.265534
2023-03-17,0.0,184.10069444444443,2194.592211,5.3445168,,,
2023-03-18,0.23,208.49652777777777,,,,,
2023-03-19,0.0,206.93055555555554,,,,,
2023-03-20,0.0,206.1875,2304.4966560000003,7.9096824,,,
2023-03-21,0.0,195.79861111111111,,,,,
2023-03-22,0.0,196.72916666666669,2359.4090940000006,6.459012000000001,0.56878227,17.903383,6.4872575
2023-03-23,0.0,197.71527777777777,,,,,
2023-03-24,0.0,168.96527777777777,2106.140022,3.722643,,,
2023-03-25,0.0,143.78819444444446,,,,,
2023-03-26,0.0,136.77536231884056,,,,,
2023-03-27,0.0,130.68055555555554,2029.6342079999995,2.1678336,,,
2023-03-28,0.0,170.08333333333334,,,,,
2023-03-29,0.0,192.27430555555554,2218.7655,4.5019875,0.58599234,19.003475,7.1522937
2023-03-30,0.0,133.6284722222222,,,,,
2023-03-31,0.0,180.79166666666666,2414.289024,4.3112303999999995,,,
2023-04-01,0.0,129.9548611111111,,,,,
2023-04-02,0.0,176.77777777777777,,,,,
2023-04-03,0.0,174.18055555555557,2054.2158000000004,5.492958000000001,,,
2023-04-04,0.0,178.38888888888889,1877.27904,4.9783344000000005,0.72066927,18.820839,6.8297577
2023-04-05,0.0,116.61111111111113,,,,,
2023-04-06,0.0,153.05208333333334,,,,,
2023-04-07,0.0,162.16666666666669,,,,,
2023-04-08,0.0,160.00694444444443,,,,,
2023-04-09,0.0,171.65972222222223,,,,,
2023-04-10,0.0,192.71527777777777,,,,,
2023-04-11,0.0,195.55555555555557,,,0.35576802,19.732908,7.3854566
2023-04-12,0.0,203.14583333333334,2270.5008480000006,4.2826392,,,
2023-04-13,0.0,140.56944444444443,,,,,
2023-04-14,0.0,121.35416666666669,1547.9005500000003,2.4010650000000004,,,
2023-04-15,0.0,123.64583333333333,,,,,
2023-04-16,0.0,97.9375,,,,,
2023-04-17,0.0,91.95833333333334,1381.5113760000002,1.0328760000000001,,,
2023-04-18,0.0,92.98611111111111,,,,,
2023-04-19,0.0,88.70138888888889,1334.190942,0.9273197999999999,,,
2023-04-20,0.0,86.4826388888889,,,0.2251569,19.876938,4.8893433
2023-04-21,0.0,126.63194444444444,1952.9685,1.42233,,,
2023-04-22,0.0,146.15625000000003,,,,,
2023-04-23,0.0,139.41319444444446,,,,,
2023-04-24,0.0,81.35763888888889,1018.404984,1.2723033,,,
2023-04-25,0.0,74.6388888888889,,,,,
2023-04-26,0.0,76.80555555555556,1124.60292,0.869316,,,
2023-04-27,0.0,81.375,,,0.44178137,22.279392,4.8346267
2023-04-28,0.0,86.3263888888889,1331.3601,0.9024906000000003,,,
2023-04-29,9.299999999999999,87.1076388888889,,,,,
2023-04-30,7.6099999999999985,83.34027777777777,,,,,
2023-05-01,0.1,99.79166666666667,,,,,
2023-05-02,0.0,116.80902777777777,1356.40512,1.4532912,,,
2023-05-03,0.0,119.0625,1983.1278600000003,1.327023,,,
2023-05-04,0.0,91.96180555555556,,,0.42348734,23.451395,5.813887
2023-05-05,0.0,70.75000000000001,1041.0709680000002,0.8557920000000002,,,
2023-05-06,0.0,74.25347222222221,,,,,
2023-05-07,1.0,75.81597222222223,,,,,
2023-05-08,0.0,71.01388888888887,1035.9347039999998,0.9816959999999999,,,
2023-05-09,0.0,70.30902777777777,,,,,
2023-05-10,0.0,66.11458333333334,1144.8591660000002,1.0225017,,,
2023-05-11,0.0,65.63888888888889,,,0.5010753,24.20062,4.104063
2023-05-12,34.41,94.04166666666666,1196.110692,0.9750239999999999,,,
2023-05-13,33.410000000000004,155.47916666666666,,,,,
2023-05-14,0.0,164.13194444444446,,,,,
2023-05-15,0.0,96.34027777777777,1024.326828,3.3961104,,,
2023-05-16,0.0,119.72222222222223,,,,,
2023-05-17,0.0,102.41319444444446,1037.5751100000002,3.9110370000000003,,,
2023-05-18,0.0,84.35416666666667,,,0.5446828,22.229994,6.8867946
2023-05-19,48.78,109.41666666666666,1210.4389439999998,3.3087599999999995,,,
2023-05-20,0.0,123.18402777777779,,,,,
2023-05-21,0.0,126.11111111111111,,,,,
2023-05-22,35.800000000000004,138.64236111111111,1544.2940039999999,7.8460485,,,
2023-05-23,174.43,656.9756944444445,,,,,
2023-05-24,47.87,581.0416666666666,4007.1236399999993,38.304126,,,
2023-05-25,0.1,264.30902777777777,,,0.30834475,21.566494,6.7357793
2023-05-26,0.23,173.99305555555554,2128.6728,9.876681,,,
2023-05-27,20.85,154.73958333333331,,,,,
2023-05-28,50.44,148.60416666666666,,,,,
2023-05-29,1.23,170.32986111111111,2029.99401,3.2964960000000003,,,
2023-05-30,59.35,188.65277777777777,,,,,
2023-05-31,2.8000000000000003,2257.7569444444443,4488.565302,127.57591080000002,0.35911912,23.30231,4.9704194
2023-06-01,0.0,354.35069444444446,,,,,
2023-06-02,0.0,167.32638888888889,1766.6454,4.973207999999999,,,
2023-06-03,28.380000000000003,139.74305555555554,,,,,
2023-06-04,0.0,131.65972222222223,,,,,
2023-06-05,0.0,117.35069444444443,1773.9369359999998,2.7476960999999998,0.47690994,23.999338,6.7827616
2023-06-06,0.0,120.99305555555554,,,,,
2023-06-07,32.26,127.68402777777779,1917.3442200000002,2.0519334000000002,,,
2023-06-08,9.459999999999999,153.97569444444446,2224.3452,2.1817740000000003,,,
2023-06-09,0.30000000000000004,135.77083333333331,,,,,
2023-06-10,0.0,117.75,,,,,
2023-06-11,0.0,110.46180555555556,,,,,
2023-06-12,0.0,98.59027777777777,1568.5413479999997,1.3288392,,,
2023-06-13,25.0,116.75,,,0.927924,26.972038,5.955741
2023-06-14,0.23,289.3298611111111,3756.2145059999993,3.6997187999999994,,,
2023-06-15,0.0,226.0902777777778,,,,,
2023-06-16,0.0,200.96875,1890.90693,6.9107525999999995,,,
2023-06-17,0.0,194.18055555555554,,,,,
2023-06-18,0.2,202.4097222222222,,,,,
2023-06-19,0.0,208.91666666666666,1932.114816,6.3717912,,,
2023-06-20,0.0,203.125,,,,,
2023-06-21,0.0,191.36458333333334,1865.02392,5.4065853,0.47759855,27.88276,4.796309
2023-06-22,0.0,195.73958333333331,,,,,
2023-06-23,0.0,181.99305555555557,1878.4129320000002,5.8808508,,,
2023-06-24,0.0,192.02291666666665,,,,,
2023-06-25,0.0,193.46875,,,,,
2023-06-26,0.0,185.49479166666666,1738.2613049999998,6.13824525,,,
2023-06-27,0.0,162.92604166666666,,,,,
2023-06-28,0.0,191.69930555555555,1326.3506255999998,5.3829165,0.31528717,28.84387,5.174777
2023-06-29,0.0,188.61527777777775,,,,,
2023-06-30,0.0,191.61180555555555,1931.0055263999998,9.8503797,,,
2023-07-01,0.0,165.29444444444445,,,,,
2023-07-02,0.0,163.12881944444445,,,,,
2023-07-03,0.0,182.11041666666665,1929.6594576,12.47733162,,,
2023-07-04,0.0,174.0375,,,,,
2023-07-05,0.0,142.4923611111111,1506.908016,7.596096779999999,0.28515124,29.370138,5.8041425
2023-07-06,0.0,147.44444444444443,,,,,
2023-07-07,0.0,163.01458333333332,1289.0097792,9.5774328,,,
2023-07-08,0.0,138.69166666666666,,,,,
2023-07-09,0.0,110.60381944444444,,,,,
2023-07-10,0.0,103.95694444444443,1263.2116032,3.2514405599999994,,,
2023-07-11,0.0,117.20069444444444,,,,,
2023-07-12,0.0,94.16180555555556,1072.1067324,2.66033466,0.2383051,31.096802,5.5928
2023-07-13,0.0,100.25590277777778,,,,,
2023-07-14,0.0,134.1170138888889,1576.8555768,4.38015438,,,
2023-07-15,0.0,149.18229166666666,,,,,
2023-07-16,0.0,200.87743055555555,,,,,
2023-07-17,0.0,175.859375,1429.4750399999998,8.569557,,,
2023-07-18,0.0,90.01736111111111,,,,,
2023-07-19,0.0,83.54375,1041.1502832,1.9994358600000004,0.5962767,31.547873,5.0412993
2023-07-20,5.290000000000001,122.66840277777777,,,,,
2023-07-21,0.0,108.73958333333333,936.3156659999999,4.7445255,,,
2023-07-22,0.0,158.22256944444447,,,,,
2023-07-23,0.0,135.51354166666667,,,,,
2023-07-24,0.0,161.96805555555554,1551.6591551999995,7.51479948,,,
2023-07-25,0.0,127.89965277777776,,,,,
2023-07-26,0.0,135.32847222222222,1479.0860699999998,5.2031091,0.28112835,30.661339,5.775252
2023-07-27,0.0,135.4579861111111,,,,,
2023-07-28,0.0,143.56354166666665,1452.7435968,5.432903819999999,,,
2023-07-29,0.0,147.3878472222222,,,,,
2023-07-30,0.0,141.21770833333332,,,,,
2023-07-31,0.0,143.13784722222223,1608.7136688000005,6.777176280000001,,,
2023-08-01,0.0,139.64965277777776,,,0.4563181,31.25712,5.6326356
2023-08-02,0.0,140.20555555555555,1279.2130559999998,6.77159184,,,
2023-08-03,0.0,93.38402777777777,,,,,
2023-08-04,0.0,128.27569444444444,1146.4275888,5.80750248,,,
2023-08-05,0.0,67.84270833333333,,,,,
2023-08-06,0.0,120.58993055555555,,,,,
2023-08-07,0.0,129.48611111111111,1070.65332,5.6944884,,,
2023-08-08,0.0,101.86875,,,,,
2023-08-09,0.0,94.33715277777777,957.5477604000001,2.7467960099999997,,,
2023-08-10,0.0,97.26805555555556,,,0.36160326,29.522797,5.4652743
2023-08-11,0.0,107.52569444444444,1054.6257744,9.838342979999998,,,
2023-08-12,0.0,80.13472222222224,,,,,
2023-08-13,0.0,98.99340277777777,,,,,
2023-08-14,0.0,123.85659722222223,,,,,
2023-08-15,0.0,133.40208333333334,,,,,
2023-08-16,0.0,96.86770833333333,948.7517832,4.234901219999999,,,
2023-08-17,0.0,102.93159722222222,,,0.43105698,30.691126,6.3783927
2023-08-18,0.0,127.67152777777777,1089.6243995999998,6.38684478,,,
2023-08-19,0.0,132.37534722222222,,,,,
2023-08-20,0.0,71.18854166666668,,,,,
2023-08-21,0.0,64.68611111111112,836.096448,3.5824720800000005,,,
2023-08-22,0.0,86.98402777777778,,,,,
2023-08-23,0.0,110.49756944444444,922.2392339999999,6.043244669999999,,,
2023-08-24,0.0,74.52847222222222,,,0.4239354,30.518719,4.438738
2023-08-25,0.0,98.23368055555555,675.5113701,5.61016479,,,
2023-08-26,0.0,130.06006944444445,,,,,
2023-08-27,0.1,80.91944444444445,,,,,
2023-08-28,0.0,44.511805555555554,481.3428312,1.6921608,,,
2023-08-29,0.0,76.92395833333333,,,,,
2023-08-30,0.0,85.97534722222223,644.2538571,4.085548500000001,0.41317976,27.720354,4.827879
2023-08-31,0.0,44.722569444444446,,,,,
2023-09-01,0.0,35.02222222222222,350.098944,0.9350092799999998,,,
2023-09-02,81.38999999999999,76.03750000000001,,,,,
2023-09-03,59.41,191.59305555555557,,,,,
2023-09-04,0.0,124.74513888888889,602.2735223999999,4.53752958,,,
2023-09-05,0.0,146.26180555555555,,,,,
2023-09-06,0.0,135.66597222222222,1037.5321131,4.794109860000001,,,
2023-09-07,0.0,104.38784722222222,,,0.6301134,27.362703,6.1771097
2023-09-08,0.0,86.46215277777777,934.9865027999998,1.96469679,,,
2023-09-09,0.0,133.06041666666664,,,,,
2023-09-10,0.0,130.49756944444445,,,,,
2023-09-11,0.0,102.47465277777778,,,,,
2023-09-12,0.0,113.27152777777776,,,,,
2023-09-13,0.0,101.81215277777778,916.2507312,2.35748076,0.8648289,27.690317,4.4880433
2023-09-14,0.2,108.01527777777778,,,,,
2023-09-15,35.82,131.85347222222222,1580.3176607999999,0.0,,,
2023-09-16,0.5,170.15243055555555,,,,,
2023-09-17,2.7600000000000002,169.11944444444447,,,,,
2023-09-18,1.2,115.45451388888888,948.9474350999999,2.9826057299999995,,,
2023-09-19,3.1,136.03229166666668,,,,,
2023-09-20,0.0,123.68854166666668,1101.9046059000002,2.62892574,,,
2023-09-21,0.0,126.72812499999999,,,1.0239443,26.690254,5.229878
2023-09-22,0.0,150.7125,1635.2475048000001,2.9949588000000005,,,
2023-09-23,0.0,156.19930555555555,,,,,
2023-09-24,0.0,151.47708333333333,,,,,
2023-09-25,0.0,149.96701388888889,1393.152768,2.2804584,,,
2023-09-26,0.0,104.66597222222222,,,,,
2023-09-27,0.0,108.97361111111111,1087.46946,1.7230035599999998,0.6454418,25.390997,5.507834
2023-09-28,0.0,102.67361111111111,,,,,
2023-09-29,0.0,163.89756944444446,1353.0596625,4.531440000000001,,,
2023-09-30,0.0,81.80347222222223,,,,,
2023-10-01,0.0,55.929861111111116,,,,,
2023-10-02,0.0,66.03819444444443,851.9180669999997,0.8330321999999997,,,
2023-10-03,0.0,76.49409722222222,,,,,
2023-10-04,0.0,130.89652777777778,1508.116491,2.6690325599999998,,,
2023-10-05,0.0,79.79652777777778,,,0.49898762,26.023603,5.873689
2023-10-06,0.0,68.47777777777777,826.236432,1.1182147199999999,,,
2023-10-07,0.0,93.68576388888889,,,,,
2023-10-08,0.0,73.00555555555556,,,,,
2023-10-09,0.0,69.74618055555555,945.3096009000001,0.9762233400000001,,,
2023-10-10,0.0,128.29652777777778,,,,,
2023-10-11,0.0,105.75694444444444,1124.448444,2.7229452,0.72673845,24.795994,6.5039496
2023-10-12,0.0,121.52534722222222,,,,,
2023-10-13,0.0,119.22291666666666,,,,,
2023-10-14,0.0,133.3513888888889,,,,,
2023-10-15,0.0,138.9034722222222,,,,,
2023-10-16,0.0,133.79965277777777,1184.6985192,4.65879687,,,
2023-10-17,0.0,127.87951388888891,,,1.055208,23.911926,4.6217337
2023-10-18,0.0,75.60069444444444,763.056558,1.6525707,,,
2023-10-19,0.1,96.21388888888889,,,,,
2023-10-20,15.31,109.97569444444446,1253.1105720000003,2.793558600000001,,,
2023-10-21,0.0,145.57465277777777,,,,,
2023-10-22,0.0,62.92291666666666,,,,,
2023-10-23,0.0,68.60381944444444,,,,,
2023-10-24,0.0,122.096875,,,,,
2023-10-25,0.0,113.14097222222223,,,1.6302623,20.87153,4.143164
2023-10-26,0.0,61.77743055555555,,,,,
2023-10-27,0.0,75.77638888888887,,,,,
2023-10-28,0.0,132.79618055555557,,,,,
2023-10-29,0.0,77.0611111111111,,,,,
2023-10-30,0.0,85.46840277777778,,,,,
2023-10-31,0.1,72.39305555555556,,,1.4555765,19.731745,5.5455422
2023-11-01,0.0,78.8638888888889,,,,,
2023-11-02,0.0,74.27430555555556,835.53246,1.7198364000000002,,,
2023-11-03,0.0,83.42222222222223,908.1676800000001,1.8451660800000003,,,
2023-11-04,0.0,53.89652777777778,,,,,
2023-11-05,0.0,126.10173611111111,,,,,
2023-11-06,0.0,84.96666666666668,906.4814976000002,2.25372384,,,
2023-11-07,0.0,101.95347222222223,,,,,
2023-11-08,0.0,136.25763888888886,1085.3215254,4.838563259999999,1.1735575,16.413908,8.027474
2023-11-09,0.0,73.66666666666667,,,,,
2023-11-10,0.0,86.30972222222222,1038.2603867999999,1.6256608799999999,,,
2023-11-11,0.0,91.22569444444444,,,,,
2023-11-12,0.0,103.46145833333334,,,,,
2023-11-13,0.0,109.75243055555556,1188.8348157,3.59390919,,,
2023-11-14,0.0,115.07326388888889,,,,,
2023-11-15,0.0,77.99965277777777,840.6440657999998,3.794152709999999,,,
2023-11-16,0.0,53.752430555555556,,,0.4841041,17.04634,6.2564273
2023-11-17,0.0,51.53611111111111,537.66594,1.4070595200000002,,,
2023-11-18,0.0,52.61770833333333,,,,,
2023-11-19,0.0,95.41527777777777,,,,,
2023-11-20,0.0,83.05659722222222,901.1733821999999,1.82272686,,,
2023-11-21,0.0,67.66805555555555,,,,,
2023-11-22,0.0,64.06736111111111,900.889605,0.83584842,,,
2023-11-23,0.0,58.30520833333333,,,,,
2023-11-24,0.0,108.8607638888889,1410.2711658000003,1.6930026,0.7731237,15.741578,7.288172
2023-11-25,0.0,104.32048611111111,,,,,
2023-11-26,0.0,94.68472222222222,,,,,
2023-11-27,0.0,82.65312499999999,901.2946382999997,2.0923803899999998,,,
2023-11-28,0.0,119.71250000000002,,,,,
2023-11-29,0.0,130.51666666666668,1361.65428,3.4168219200000003,0.53261244,15.830526,5.380466
2023-11-30,0.0,97.32395833333334,,,,,
2023-12-01,0.7,105.98368055555555,973.0217574,2.6005851599999996,,,
2023-12-02,0.0,100.64930555555557,,,,,
2023-12-03,0.0,47.49722222222222,,,,,
2023-12-04,0.0,49.766666666666666,640.2031775999999,0.99326304,,,
2023-12-05,0.33,78.38472222222222,952.8823079999999,1.44252972,,,
2023-12-06,32.49,145.13125000000002,,,,,
2023-12-07,3.9299999999999997,144.5309027777778,,,0.7353902,14.008324,7.336989
2023-12-08,4.859999999999999,150.5357638888889,,,,,
2023-12-09,0.0,105.996875,,,,,
2023-12-10,0.0,108.06631944444445,,,,,
2023-12-11,0.0,138.56597222222223,1455.6876390000002,4.6212306000000005,,,
2023-12-12,0.1,114.47291666666668,,,,,
2023-12-13,0.0,162.09201388888889,1638.1356074999997,4.425501,1.1232177,14.62587,5.507002
2023-12-14,0.0,146.74826388888889,,,,,
2023-12-15,0.0,115.83159722222221,1155.906675,2.7121273500000003,,,
2023-12-16,0.0,114.99513888888889,,,,,
2023-12-17,0.0,119.99965277777777,,,,,
2023-12-18,0.0,121.32048611111111,1036.7835218999999,4.27669272,,,
2023-12-19,0.0,134.82847222222222,,,0.8100422,12.221734,8.215247
2023-12-20,0.0,157.47118055555555,1688.5798461,5.29254339,,,
2023-12-21,0.0,149.3888888888889,,,,,
2023-12-22,0.0,144.078125,1568.4921,4.46895765,,,
2023-12-23,0.0,150.57847222222222,,,,,
2023-12-24,0.0,150.48368055555557,,,,,
2023-12-25,0.1,100.95590277777778,,,,,
2023-12-26,0.0,83.98333333333333,1180.94004,1.31336496,,,
2023-12-27,0.0,114.22187499999998,1456.9265151,1.7369035199999996,0.55042124,11.297533,7.5679035
2023-12-28,0.0,150.79375000000002,,,,,
2023-12-29,0.0,153.0486111111111,1502.310474,6.810051,,,
2023-12-30,0.0,152.7409722222222,,,,,
2023-12-31,0.1,157.30625,,,,,
2024-01-01,0.0,154.75347222222226,,,,,
2024-01-02,0.0,137.9048611111111,,,,,
2024-01-03,0.0,120.19305555555556,,,1.1459178,11.781404,7.865608
2024-01-04,0.0,161.3225694444444,,,,,
2024-01-05,0.1,163.06909722222224,,,,,
2024-01-06,0.0,149.1017361111111,,,,,
2024-01-07,0.0,145.73993055555556,,,,,
2024-01-08,0.0,141.84652777777777,,,,,
2024-01-09,0.1,150.00972222222222,,,0.7531479,10.805171,8.390106
2024-01-10,16.04,152.17118055555557,,,,,
2024-01-11,0.1,99.35763888888889,,,,,
2024-01-12,0.0,127.775,,,,,
2024-01-13,0.0,143.32118055555554,,,,,
2024-01-14,0.0,153.49409722222222,,,,,
2024-01-15,0.0,158.62881944444442,,,,,
2024-01-16,1.6600000000000001,154.9284722222222,,,0.39887026,12.24147,5.954719
2024-01-17,0.43000000000000005,131.60590277777777,,,,,
2024-01-18,0.0,127.16180555555556,,,,,
2024-01-19,0.7000000000000001,98.58958333333332,,,,,
2024-01-20,0.0,108.8013888888889,,,,,
2024-01-21,0.0,39.06041666666667,,,,,
2024-01-22,0.0,40.412499999999994,,,,,
2024-01-23,0.0,109.30381944444446,,,0.6303656,14.528869,7.9040318
2024-01-24,0.0,118.26840277777778,,,,,
2024-01-25,0.0,123.56666666666668,,,,,
2024-01-26,0.0,122.62743055555555,1056.8522475,5.52000021,,,
2024-01-27,0.0,132.03125,,,,,
2024-01-28,0.0,118.72465277777779,,,,,
2024-01-29,0.0,85.76458333333332,,,,,
2024-01-30,0.0,122.884375,1214.6088240000001,3.8009611800000003,,,
2024-01-31,0.0,140.54965277777777,1451.0256200999997,4.614526199999999,,,
2024-02-01,0.0,137.97881944444444,,,0.5661778,14.043822,7.3211627
2024-02-02,0.0,124.99027777777776,1290.3916284,4.1360782799999996,,,
2024-02-03,0.0,124.28472222222224,,,,,
2024-02-04,0.0,80.375,,,,,
2024-02-05,0.0,103.2017361111111,1548.5511321,3.3883193999999994,,,
2024-02-06,0.0,127.73854166666665,,,0.5838082,13.749705,7.262067
2024-02-07,0.0,130.90416666666667,1337.1954876000002,4.218674760000001,,,
2024-02-08,0.0,137.08402777777778,,,,,
2024-02-09,9.490000000000002,131.97187499999998,1187.6708591999998,6.14587743,,,
2024-02-10,0.33,157.94236111111113,,,,,
2024-02-11,1.0,139.0232638888889,,,,,
2024-02-12,0.7300000000000001,85.91493055555556,795.0086549999999,3.77833245,,,
2024-02-13,0.0,103.75173611111111,,,0.43913177,13.910564,7.263717
2024-02-14,0.0,103.38784722222222,1170.5423183999999,3.59094942,,,
2024-02-15,0.0,116.78680555555556,,,,,
2024-02-16,1.7,129.41215277777775,1364.2194320999997,4.248859799999999,,,
2024-02-17,0.7000000000000001,123.60520833333334,,,,,
2024-02-18,0.0,142.94166666666666,,,,,
2024-02-19,0.0,116.21145833333333,,,,,
2024-02-20,0.46,87.43125,966.0887334000001,2.7496778400000004,0.40346244,15.304125,7.1057167
2024-02-21,0.0,85.61354166666666,1014.3519812999999,2.89223091,,,
2024-02-22,0.0,128.86388888888888,,,,,
2024-02-23,0.0,104.29513888888889,1141.075593,3.0097074000000004,,,
2024-02-24,0.0,116.79305555555557,,,,,
2024-02-25,0.0,67.33784722222222,,,,,
2024-02-26,1.33,102.01354166666667,1199.4050376000002,2.873354220000001,,,
2024-02-27,0.8,93.6295138888889,,,,,
2024-02-28,0.0,103.45833333333333,947.9597399999999,2.6369459999999996,,,
2024-02-29,0.0,100.98576388888888,,,,,
2024-03-01,0.0,108.87291666666667,1035.1044648,3.2829103799999997,,,
2024-03-02,0.0,110.96006944444443,,,,,
2024-03-03,4.5600000000000005,73.50625,,,,,
2024-03-04,0.0,54.93958333333333,713.7258408000001,0.72151056,,,
2024-03-05,0.0,95.18229166666667,,,,,
2024-03-06,0.0,100.75034722222223,939.5993502,3.67343826,,,
2024-03-07,0.53,64.76006944444444,,,0.55161566,14.299284,6.5454144
2024-03-08,1.93,56.15763888888889,540.029826,1.8583236600000002,,,
2024-03-09,50.22,126.63680555555557,,,,,
2024-03-10,0.5,201.08368055555556,,,,,
2024-03-11,0.0,120.56458333333333,1137.512376,6.218817659999999,,,
2024-03-12,0.0,75.24583333333334,,,,,
2024-03-13,0.0,91.31770833333333,838.375461,5.049504,0.30284667,14.663752,7.6881447
2024-03-14,0.0,111.9375,,,,,
2024-03-15,0.0,90.0138888888889,790.474608,2.5042584000000003,,,
2024-03-16,0.0,118.02291666666667,,,,,
2024-03-17,0.0,80.82048611111111,,,,,
2024-03-18,0.0,108.25416666666666,,,,,
2024-03-19,0.0,112.62222222222223,,,,,
2024-03-20,0.0,123.61145833333333,1426.4248068000002,4.10113152,0.30500296,17.516462,6.522257
2024-03-21,0.0,124.61215277777778,,,,,
2024-03-22,0.0,83.79756944444445,863.6003208000001,2.75848191,,,
2024-03-23,0.0,152.69583333333333,,,,,
2024-03-24,34.21,137.58645833333335,,,,,
2024-03-25,9.160000000000002,185.26006944444444,1344.54348,7.683105599999999,,,
2024-03-26,1.33,195.44375,,,0.68678355,17.369202,6.354024
2024-03-27,0.0,137.68402777777777,,,,,
2024-03-28,0.0,119.70798611111113,,,,,
2024-03-29,0.0,156.03958333333335,,,,,
2024-03-30,0.0,117.76145833333335,,,,,
2024-03-31,0.8600000000000001,118.5695652173913,,,,,
2024-04-01,0.0,82.95277777777778,,,,,
2024-04-02,0.0,112.775,,,0.6789498,15.711966,7.2217717
2024-04-03,0.0,145.125,,,,,
2024-04-04,0.0,114.23368055555555,,,,,
2024-04-05,0.0,84.47638888888889,,,,,
2024-04-06,0.0,108.20138888888889,,,,,
2024-04-07,0.0,92.02777777777777,,,,,
2024-04-08,0.0,100.73194444444444,,,,,
2024-04-09,0.0,136.296875,,,,,
2024-04-10,0.0,163.15659722222222,,,0.30016232,18.20636,7.1456413
2024-04-11,0.0,132.76180555555555,,,,,
2024-04-12,0.0,92.88020833333334,,,,,
2024-04-13,0.0,103.00208333333333,,,,,
2024-04-14,0.0,78.81284722222222,,,,,
2024-04-15,0.0,87.05833333333334,872.53344,2.7830808000000005,,,
2024-04-16,0.0,63.55208333333334,,,,,
2024-04-17,0.0,93.51770833333333,353.90093399999995,6.7063419,,,
2024-04-18,0.0,108.19652777777777,,,,,
2024-04-19,3.52,99.115625,890.61336,6.080148899999999,,,
2024-04-20,0.0,115.51111111111112,,,,,
2024-04-21,0.0,121.30729166666667,,,,,
2024-04-22,7.330000000000001,116.92291666666667,908.182386,8.081712000000001,,,
2024-04-23,5.9300000000000015,128.59201388888889,,,,,
2024-04-24,0.0,112.25347222222221,893.2502699999999,6.498129,0.83101547,19.522657,5.8579416
2024-04-25,0.0,81.21701388888889,,,,,
2024-04-26,0.0,89.73784722222223,769.13232,9.30402,,,
2024-04-27,0.0,111.56111111111113,,,,,
2024-04-28,137.88,167.66180555555553,,,,,
2024-04-29,4.2,211.2236111111111,,,0.92772377,19.159649,5.9804716
2024-04-30,0.0,153.71875000000003,1193.9888700000001,17.265690000000003,,,
2024-05-01,26.52,192.94861111111112,,,,,
2024-05-02,0.0,190.67881944444446,1189.4697300000003,7.578339,,,
2024-05-03,0.0,182.48368055555557,1348.043445,9.144622199999999,,,
2024-05-04,0.0,193.14340277777777,,,,,
2024-05-05,0.0,184.02291666666667,,,,,
2024-05-06,0.7,167.1138888888889,1234.50372,10.2514344,,,
2024-05-07,0.0,177.1697916666667,,,,,
2024-05-08,0.0,141.55243055555556,925.8208410000001,9.784104000000001,,,
2024-05-09,0.0,172.73645833333333,,,,,
2024-05-10,0.0,166.696875,1045.629486,14.40261,0.29981193,21.685871,5.956099
2024-05-11,0.0,169.23194444444445,,,,,
2024-05-12,0.0,157.1048611111111,,,,,
2024-05-13,0.0,161.1746527777778,1196.1995910000003,11.140392,,,
2024-05-14,0.0,163.32777777777778,,,,,
2024-05-15,0.0,156.82395833333334,929.5018739999999,11.652647400000001,0.6286732,22.601763,5.2072277
2024-05-16,0.0,147.7277777777778,,,,,
2024-05-17,0.0,150.04131944444444,1120.052448,11.5375773,,,
2024-05-18,0.0,115.7298611111111,,,,,
2024-05-19,0.0,64.34791666666668,,,,,
2024-05-20,0.0,63.22222222222222,726.4991999999999,3.6598080000000004,,,
2024-05-21,0.0,82.57986111111111,,,,,
2024-05-22,0.0,73.69930555555555,694.07058,4.7120388,0.37668326,23.804428,5.585548
2024-05-23,0.0,78.80625,,,,,
2024-05-24,0.0,86.55138888888888,695.45772,4.7859456,,,
2024-05-25,0.0,96.48368055555555,,,,,
2024-05-26,0.0,50.590625,,,,,
2024-05-27,0.0,89.10208333333333,785.2388399999999,4.0031783999999995,,,
2024-05-28,0.0,103.121875,,,,,
2024-05-29,0.0,86.63680555555555,616.7986080000002,6.4374612,0.52755475,24.815998,6.6708927
2024-05-30,0.0,83.71736111111112,,,,,
2024-05-31,0.0,99.73263888888889,698.8305899999999,8.444562,,,
2024-06-01,7.0,97.353125,,,,,
2024-06-02,0.0,63.02430555555555,,,,,
2024-06-03,0.0,50.94895833333333,484.21889999999996,2.6852139,,,
2024-06-04,0.0,85.7982638888889,,,,,
2024-06-05,0.0,91.2545138888889,645.731541,5.0460096000000005,0.5044979,24.9199,6.3108125
2024-06-06,0.0,87.27777777777777,,,,,
2024-06-07,0.1,78.89444444444443,920.2247999999998,1.4314607999999995,,,
2024-06-08,0.0,88.45381944444445,,,,,
2024-06-09,0.0,85.71111111111111,,,,,
2024-06-10,0.0,86.65347222222222,696.27798,4.7915904,0.67577136,24.937483,5.9163465
2024-06-11,23.360000000000003,91.04791666666667,,,,,
2024-06-12,155.75,431.8930555555556,2776.2776640000006,34.3303152,,,
2024-06-13,0.43000000000000005,1334.8833333333332,,,,,
2024-06-14,0.0,452.04618055555557,3319.8271500000005,23.824641900000003,,,
2024-06-15,8.19,302.5173611111111,,,,,
2024-06-16,0.0,355.0489583333333,,,,,
2024-06-17,0.0,292.0378472222222,2447.51079,15.391562699999998,,,
2024-06-18,0.0,250.53055555555554,,,0.5091295,26.430824,5.9165707
2024-06-19,0.0,180.740625,1967.6147399999998,7.6518351,,,
2024-06-20,0.0,201.63541666666666,,,,,
2024-06-21,0.0,188.59756944444445,1743.54681,14.9912436,,,
2024-06-22,0.0,159.31770833333334,,,,,
2024-06-23,0.0,142.0965277777778,,,,,
2024-06-24,0.0,139.775,1569.9528,4.4683272,,,
2024-06-25,0.0,163.99479166666666,,,0.5002262,27.35669,5.899568
2024-06-26,0.0,171.89756944444446,1707.9742500000002,6.386338500000001,,,
2024-06-27,0.0,169.2576388888889,,,,,
2024-06-28,0.0,165.80659722222222,1504.19745,7.019588100000001,,,
2024-06-29,0.0,180.1388888888889,,,,,
2024-06-30,0.0,185.00833333333333,,,,,
2024-07-01,0.0,173.81180555555557,1501.734,9.6110976,,,
2024-07-02,0.0,184.72708333333333,,,,,
2024-07-03,0.0,154.32569444444445,1453.3776600000003,9.4669554,0.37843686,27.730097,6.1046553
2024-07-04,0.0,154.36944444444444,,,,,
2024-07-05,0.0,135.73645833333333,1254.85641,5.3947098,,,
2024-07-06,0.0,128.17152777777778,,,,,
2024-07-07,0.0,131.2920138888889,,,,,
2024-07-08,0.0,126.83541666666665,902.986992,7.013491199999999,,,
2024-07-09,0.1,42.81840277777778,,,0.47477686,28.158718,4.475282
2024-07-10,0.0,0.0,0.0,0.0,,,
2024-07-11,0.0,0.0,,,,,
2024-07-12,0.0,26.856597222222224,350.38191,0.8585517,,,
2024-07-13,0.0,102.021875,,,,,
2024-07-14,0.0,115.96631944444444,,,,,
2024-07-15,0.0,102.43993055555556,862.0688940000001,6.284075100000001,,,
2024-07-16,0.0,101.99131944444446,,,,,
2024-07-17,0.0,91.51180555555555,756.6635340000001,4.5858396,,,
2024-07-18,0.0,81.7173611111111,,,0.55297166,29.39575,5.791407
2024-07-19,0.0,75.33715277777777,588.425352,4.165843199999999,,,
2024-07-20,0.0,85.21145833333334,,,,,
2024-07-21,0.0,70.50381944444445,,,,,
2024-07-22,0.0,83.65416666666665,691.6928039999999,4.192077599999999,,,
2024-07-23,0.0,56.599999999999994,,,,,
2024-07-24,0.0,57.506597222222226,496.8570000000001,3.1798848,,,
2024-07-25,0.0,80.83125,,,,,
2024-07-26,0.0,94.72708333333334,735.779358,6.0564708000000005,,,
2024-07-27,0.0,91.56319444444443,,,,,
2024-07-28,0.0,43.14270833333333,,,,,
2024-07-29,0.0,63.12604166666666,730.8480599999999,3.163372199999999,,,
2024-07-30,0.0,60.46076388888889,,,,,
