Date,Buoy,Latitude,Longitude,rhown_B1,rhown_B2,rhown_B3,rhown_B4,rhown_B5,rhown_B6,Chl
2016-08-09,CTD1,4187246,695025,0.010611311,0.016747354,0.032279316,0.016334254,0.0130474055,0.0036168438,6.76
2016-08-09,CTD2,4181518,693105,0.007852267,0.011743445,0.021630121,0.01173915,0.009364053,0.0026367733,4.713
2016-08-09,CTD3,4181698,695238,0.0072234743,0.010607729,0.019979842,0.01111007,0.008890014,0.0025137772,3.853
2016-08-09,CTD4,4180266,698264,0.008218997,0.011725927,0.021536266,0.011855795,0.009622882,0.0027095722,3.567
2016-08-09,CTD5,4179450,700268,0.010788617,0.018271346,0.02499055,0.0046027,0.0030879965,0.00076610834,0.1265
2016-08-09,CTD6,4176009,695829,0.0075378437,0.011500172,0.02103926,0.010421779,0.008003039,0.0021751877,4.473
2016-08-09,CTD7,4176724,690397,0.009436011,0.01432191,0.027034933,0.0148464115,0.012062613,0.0034298815,5.82
2016-08-09,CTD8,4174178,693048,0.00920437,0.014945818,0.02896122,0.013166868,0.01008446,0.0026996378,6.113
2016-08-09,CTD9,4171106,693183,0.012742579,0.019897293,0.038030654,0.021048147,0.017326888,0.0049708774,6.2
2016-08-09,CTD10,4170388,695646,0.008189909,0.01322057,0.026349794,0.0130996015,0.010413002,0.0028925787,4.25
2016-08-09,CTD11,4169609,700351,0.008517179,0.012669844,0.021771546,0.011044154,0.008418356,0.0022995486,3.64
2016-08-09,CTD12,4173438,695414,0.008842373,0.014194704,0.026294636,0.012207384,0.009389058,0.0025287655,4.187
2016-09-08,CTD1,4187246,695025,0.007000544,0.011126456,0.023285594,0.0135151725,0.0111270035,0.003250637,4.907
2016-09-08,CTD2,4181518,693105,0.006534932,0.010460656,0.021131296,0.01106147,0.008741294,0.0024417776,4.06
2016-09-08,CTD3,4181698,695238,0.00658082,0.010343637,0.020693896,0.010618205,0.008366917,0.0023361817,3.72
2016-09-08,CTD4,4180266,698264,0.0056934273,0.00892603,0.017843153,0.009727579,0.007812589,0.0022185002,3.443
2016-09-08,CTD5,4179450,700268,0.0063931323,0.010963322,0.016963061,0.0039845044,0.0027257185,0.0006740581,0.095
2016-09-08,CTD6,4176009,695829,0.00635036,0.009914101,0.019372394,0.010050548,0.008022293,0.0022336654,4.253
2016-09-08,CTD7,4176724,690397,0.0063310033,0.010346785,0.021583151,0.01138394,0.009184353,0.0025961862,4.427
2016-09-08,CTD9,4171106,693183,0.0101823,0.015784953,0.031071505,0.019349148,0.01620837,0.004763808,5.55
2016-09-08,CTD10,4170388,695646,0.008088785,0.0131281,0.02769294,0.015998505,0.013278036,0.0038563267,4.837
2016-09-08,CTD11,4169609,700351,0.006321345,0.010406749,0.02224167,0.012361582,0.010187499,0.0029422787,4.88
2016-09-08,CTD12,4173438,695414,0.0065948428,0.010463835,0.021342935,0.011808299,0.009603753,0.0027526363,3.983
2017-06-30,CTD1,4187246,695025,0.013053553,0.023210928,0.04158528,0.011576632,0.008144204,0.0020076463,3.3115
2017-06-30,CTD2,4181518,693105,0.008990452,0.017287325,0.030830482,0.0065764124,0.0045491424,0.0011209209,1.6125
2017-06-30,CTD3,4181698,695238,0.007408034,0.013481491,0.02288861,0.0053990376,0.0037473778,0.0009474075,1.0805
2017-06-30,CTD4,4180266,698264,0.008757567,0.016424853,0.029724257,0.007733509,0.0055804984,0.0014262663,1.602
2017-06-30,CTD5,4179450,700268,0.014636184,0.025331266,0.031657513,0.0048729363,0.003155968,0.000777402,0.305
2017-06-30,CTD6,4176009,695829,0.0076103,0.014541461,0.028271569,0.007459767,0.005289197,0.0013447099,2.2190000000000003
2017-06-30,CTD7,4176724,690397,0.011715883,0.023444118,0.046453163,0.011359147,0.00789918,0.0019281914,3.431
2017-06-30,CTD8,4174178,693048,0.009209705,0.0179032,0.033455163,0.0076438556,0.0052815164,0.0013113262,2.05
2017-06-30,CTD9,4171106,693183,0.016157782,0.028682968,0.06084867,0.026551541,0.022363279,0.0063485946,6.8325000000000005
2017-06-30,CTD10,4170388,695646,0.0072169574,0.013560174,0.025035946,0.0064174687,0.0045357593,0.001148334,1.9585
2017-06-30,CTD11,4169609,700351,0.005971409,0.01066576,0.021758044,0.008755084,0.0069333552,0.0019148523,1.171
2017-06-30,CTD12,4173438,695414,0.008363279,0.016116032,0.030352648,0.0075778416,0.0053413026,0.0013382906,2.473
2018-02-20,CTD1,4187246,695025,0.0015091592,0.0023810589,0.0053139813,0.0040209163,0.0034336743,0.0010377583,2.5005
2018-02-20,CTD2,4181518,693105,0.0036831507,0.0071241204,0.016028259,0.004996275,0.0035885891,0.00091939856,4.779
2018-02-20,CTD3,4181698,695238,0.0053029773,0.010233986,0.021603271,0.005580753,0.003949375,0.0009917874,5.2255
2018-02-20,CTD4,4180266,698264,0.006305919,0.011659556,0.021791814,0.0052481955,0.003642605,0.0008911139,2.004
2018-02-20,CTD5,4179450,700268,0.014783873,0.024391485,0.031322937,0.0039831107,0.0025597662,0.000623785,0.625
2018-02-20,CTD6,4176009,695829,0.006598854,0.01241442,0.024510436,0.0061961045,0.004304181,0.0010632235,2.957
2018-02-20,CTD7,4176724,690397,0.004615401,0.009303374,0.02079765,0.0052627367,0.0037195312,0.0009295231,2.2355
2018-02-20,CTD8,4174178,693048,0.0061497586,0.01222111,0.02529444,0.006051705,0.0041910005,0.0010248324,5.1285
2018-02-20,CTD9,4171106,693183,0.01469287,0.024843534,0.049424104,0.023105362,0.01846347,0.0049980055,11.009
2018-02-20,CTD10,4170388,695646,0.0072386996,0.014031884,0.028547574,0.0073802974,0.0051995832,0.0012797408,3.3545
2018-02-20,CTD11,4169609,700351,0.006503179,0.012872721,0.027923279,0.00756773,0.00542327,0.001368493,2.486
2018-02-20,CTD12,4173438,695414,0.0063892333,0.012282843,0.025632126,0.0066324216,0.0046541006,0.0011557512,3.0620000000000003
2018-03-07,CTD1,4187246,695025,0.015013038,0.026461877,0.04906952,0.013474791,0.009314202,0.0022336654,6.42
2018-03-07,CTD2,4181518,693105,0.008095973,0.01510397,0.028783383,0.0068676984,0.0047595305,0.001172135,3.5715000000000003
2018-03-07,CTD3,4181698,695238,0.010055718,0.018499807,0.034749225,0.008841308,0.0061796005,0.0015052116,4.3015
2018-03-07,CTD4,4180266,698264,0.0117804175,0.021887591,0.04127817,0.010076244,0.0069236187,0.0016719246,3.5860000000000003
2018-03-07,CTD5,4179450,700268,0.01257893,0.021426346,0.028800284,0.004117693,0.0026809792,0.0006535769,0.6785
2018-03-07,CTD6,4176009,695829,0.007974512,0.014708895,0.027676545,0.006652689,0.0046081226,0.001127261,3.074
2018-03-07,CTD7,4176724,690397,0.009570087,0.01750685,0.031197032,0.006697926,0.0045524943,0.0011056648,3.174
2018-03-07,CTD8,4174178,693048,0.010406833,0.019130846,0.033815835,0.007172796,0.004860016,0.0011740214,3.0275
2018-03-07,CTD9,4171106,693183,0.014136379,0.02370821,0.045177907,0.017627887,0.013184624,0.0033381244,1.3235
2018-03-07,CTD10,4170388,695646,0.007838265,0.014549797,0.027163932,0.0063091335,0.0043521733,0.001070547,2.1625
2018-03-07,CTD11,4169609,700351,0.009408836,0.017805936,0.033930313,0.007918175,0.005460719,0.0013244802,2.553
2018-03-07,CTD12,4173438,695414,0.008033858,0.014533129,0.025655279,0.0059022773,0.0040339143,0.0009837883,2.15
2018-05-16,CTD1,4187246,695025,0.010749354,0.019526998,0.036610387,0.010076244,0.0071255653,0.0017631042,0.303
2018-05-16,CTD2,4181518,693105,0.0084672775,0.015494041,0.026059275,0.005567314,0.0038178621,0.0009477917,1.5455
2018-05-16,CTD3,4181698,695238,0.007006889,0.012714701,0.022221057,0.00516531,0.003607407,0.00090533163,1.3725
2018-05-16,CTD4,4180266,698264,0.0075875935,0.013556231,0.022179876,0.004891591,0.0033864372,0.00084735133,2.275
2018-05-16,CTD5,4179450,700268,0.012189769,0.022196788,0.0331818,0.005801885,0.0038478386,0.0009401376,0.4964999999999999
2018-05-16,CTD6,4176009,695829,0.008943472,0.01591408,0.024734555,0.004915432,0.0033586482,0.00083981146,7.3115
2018-05-16,CTD7,4176724,690397,0.013905496,0.026917096,0.051759332,0.012099215,0.008338452,0.0019823704,3.829
2018-05-16,CTD8,4174178,693048,0.010701182,0.020055199,0.033003587,0.0060828337,0.004094252,0.0010022806,1.975
2018-05-16,CTD9,4171106,693183,0.019553153,0.032878656,0.065732904,0.03046106,0.025581898,0.0071991086,2.0275
2018-05-16,CTD10,4170388,695646,0.008038621,0.015108262,0.028080424,0.0066122096,0.0046438472,0.0011585443,2.147
2018-05-16,CTD11,4169609,700351,0.0075649447,0.014044045,0.026208142,0.006860742,0.0048422483,0.001219677,1.6830000000000005
2018-05-16,CTD12,4173438,695414,0.009896419,0.018251576,0.02842186,0.0053785704,0.003664428,0.000902031,3.766
2018-06-20,CTD1,4187246,695025,0.007184451,0.01313963,0.02586442,0.007989392,0.0059326356,0.0015340181,1.9025
2018-06-20,CTD2,4181518,693105,0.009578345,0.017454172,0.02670657,0.0051225545,0.0034633568,0.0008622818,7.7545
2018-06-20,CTD3,4181698,695238,0.0076650353,0.013882594,0.022186734,0.004862789,0.0033674662,0.0008442588,5.822500000000001
2018-06-20,CTD4,4180266,698264,0.007960324,0.013666977,0.021131296,0.004780668,0.0032729134,0.0008205837,1.816
2018-06-20,CTD5,4179450,700268,0.013920077,0.024680216,0.033087917,0.0055386163,0.0036466874,0.00089801295,0.375
2018-06-20,CTD6,4176009,695829,0.009199039,0.016571702,0.025771301,0.0051314346,0.003534018,0.0008831905,1.023
2018-06-20,CTD7,4176724,690397,0.006935274,0.012536048,0.021832393,0.005451462,0.003830682,0.000977434,2.0795
2018-06-20,CTD8,4174178,693048,0.010647189,0.020044645,0.03321941,0.0064524882,0.0043602204,0.0010740102,5.1365
2018-06-20,CTD9,4171106,693183,0.01583363,0.027918542,0.056455888,0.022163928,0.017552502,0.0047345227,1.5205000000000002
2018-06-20,CTD10,4170388,695646,0.007313051,0.013572008,0.02467463,0.006257721,0.004451292,0.0011249927,1.4914999999999998
2018-06-20,CTD11,4169609,700351,0.0058353785,0.009871712,0.01754916,0.0058800555,0.004233114,0.0010994406,1.003
2018-06-20,CTD12,4173438,695414,0.008331306,0.015647799,0.026970616,0.005998093,0.0041538947,0.0010415404,1.671
2018-07-10,CTD1,4187246,695025,0.0064146155,0.011593501,0.023652026,0.008720793,0.006676899,0.001794938,1.367
2018-07-10,CTD2,4181518,693105,0.009056037,0.01689634,0.028014174,0.006059992,0.0041554347,0.0010360817,1.478
2018-07-10,CTD3,4181698,695238,0.007439189,0.013403175,0.022420991,0.0053029195,0.003697396,0.0009359536,1.867
2018-07-10,CTD4,4180266,698264,0.0057782107,0.010287119,0.019335724,0.0059960396,0.004373124,0.001148334,4.688
2018-07-10,CTD5,4179450,700268,0.009037634,0.01695246,0.028263237,0.0061413296,0.0041878964,0.001035663,0.4335
2018-07-10,CTD6,4176009,695829,0.006738588,0.011958929,0.022227926,0.0064393356,0.0046064276,0.0011839723,1.173
2018-07-10,CTD7,4176724,690397,0.0063717137,0.01139038,0.020584138,0.005580753,0.0039523127,0.0010071597,1.3130000000000002
2018-07-10,CTD8,4174178,693048,0.008316585,0.0160036,0.030786002,0.007863163,0.0055583655,0.0014065761,1.665
2018-07-10,CTD9,4171106,693183,0.0140481135,0.023897132,0.047128826,0.020036062,0.015980355,0.0043108407,0.335
2018-07-10,CTD10,4170388,695646,0.0055341376,0.009895915,0.019153269,0.006004257,0.004357,0.001137751,1.1775
2018-07-10,CTD11,4169609,700351,0.005434178,0.009453585,0.017814698,0.0060413615,0.004405538,0.0011441817,0.866
2018-07-10,CTD12,4173438,695414,0.006641106,0.012330224,0.02317871,0.0064240214,0.004587822,0.0011744935,1.053
2018-08-29,CTD1,4187246,695025,0.004531318,0.008007132,0.015868472,0.0051617348,0.0037529708,0.0009825939,0.5985
2018-08-29,CTD2,4181518,693105,0.00621788,0.010470194,0.015492831,0.0034383105,0.002347701,0.0005867686,0.864
2018-08-29,CTD3,4181698,695238,0.0060897763,0.010085248,0.01461256,0.0033845413,0.0023040068,0.00057548203,0.6639999999999999
2018-08-29,CTD4,4180266,698264,0.004768791,0.007692414,0.01188317,0.00351011,0.00245234,0.0006177449,0.643
2018-08-29,CTD5,4179450,700268,0.008194751,0.014166104,0.021369513,0.004443466,0.00301239,0.00074552465,0.4915
2018-08-29,CTD6,4176009,695829,0.0062732524,0.010514803,0.017099708,0.0048157,0.0033498525,0.00083981146,0.7585
2018-08-29,CTD7,4176724,690397,0.0052784043,0.009023248,0.015699953,0.004457438,0.0031571526,0.0008027709,1.2955
2018-08-29,CTD8,4174178,693048,0.007072752,0.011934035,0.020862717,0.0063069835,0.0044496506,0.0011218245,1.8565
2018-08-29,CTD9,4171106,693183,0.01063821,0.018005738,0.036258686,0.016227946,0.012618408,0.0033974824,1.285
2018-08-29,CTD10,4170388,695646,0.0054174038,0.008995376,0.015164611,0.004607512,0.0032217694,0.00081725576,0.589
2018-08-29,CTD11,4169609,700351,0.005445949,0.009045602,0.015986886,0.005251827,0.0037697973,0.0009601646,0.932
2018-08-29,CTD12,4173438,695414,0.0074325036,0.0127897505,0.022531938,0.0063479426,0.004446369,0.0011119226,0.921
2018-10-03,CTD1,4187246,695025,0.005647985,0.009366665,0.015452707,0.0045074574,0.0031136088,0.00077835063,0.6445000000000001
2018-10-03,CTD2,4181518,693105,0.0071585383,0.011113062,0.013078415,0.002533225,0.0016702639,0.00041116713,4.874499999999999
2018-10-03,CTD3,4181698,695238,0.007856939,0.012019564,0.013277421,0.0026346643,0.0017392101,0.0004283557,1.0385
2018-10-03,CTD4,4180266,698264,0.005758679,0.008525267,0.009581157,0.0024460433,0.0016233163,0.00040261305,0.3815
2018-10-03,CTD5,4179450,700268,0.012034637,0.019013613,0.022084033,0.0033987965,0.0022224244,0.0005469124,0.27
2018-10-03,CTD6,4176009,695829,0.008883735,0.014416866,0.019680308,0.004042071,0.0027022401,0.0006642763,1.3715
2018-10-03,CTD7,4176724,690397,0.006302068,0.009838518,0.01166155,0.0023352616,0.001547801,0.00038062868,2.9795000000000003
2018-10-03,CTD8,4174178,693048,0.013338036,0.022748966,0.03890712,0.009992926,0.0068389205,0.0016601802,2.5705
2018-10-03,CTD9,4171106,693183,0.01383275,0.02219114,0.040972564,0.017554801,0.013318799,0.0034154519,2.6765
2018-10-03,CTD10,4170388,695646,0.006941567,0.011223971,0.016778775,0.004330179,0.002964111,0.0007355911,0.8825000000000001
2018-10-03,CTD11,4169609,700351,0.005684662,0.009447768,0.014736825,0.0037727458,0.0025907627,0.00064331404,0.998
2018-10-03,CTD12,4173438,695414,0.011072729,0.01872526,0.02882565,0.0060703647,0.0040927334,0.0009966171,2.268
2018-11-07,CTD1,4187246,695025,0.0041277143,0.006775334,0.0113459155,0.003399987,0.002349466,0.0005886718,0.5335
2018-11-07,CTD2,4181518,693105,0.00772932,0.011934035,0.013728823,0.0023825415,0.0015421069,0.00037378923,1.3370000000000002
2018-11-07,CTD3,4181698,695238,0.0072495923,0.0112442365,0.013095608,0.0026310014,0.0017314737,0.00042159058,0.471
2018-11-07,CTD4,4180266,698264,0.005954933,0.008807879,0.0093146,0.0019638576,0.0012835418,0.00031586684,0.7435
2018-11-07,CTD5,4179450,700268,0.014474508,0.022129085,0.02311477,0.0030196095,0.0019125267,0.00046807274,0.3685
2018-11-07,CTD6,4176009,695829,0.009314221,0.015572972,0.022077201,0.0041076266,0.0027226447,0.0006607796,1.4165
2018-11-07,CTD7,4176724,690397,0.0048980713,0.0076635038,0.009398459,0.002056412,0.0013544626,0.0003314459,2.379
2018-11-07,CTD8,4174178,693048,0.014583412,0.0242479,0.03786526,0.00768985,0.005081609,0.001219677,2.764
2018-11-07,CTD9,4171106,693183,0.01226622,0.020700768,0.03877058,0.015510675,0.011324784,0.0028414987,4.5305
2018-11-07,CTD10,4170388,695646,0.0060026436,0.009323471,0.0117854765,0.002776905,0.0018438617,0.00045205923,3.3955
2018-11-07,CTD11,4169609,700351,0.0045853006,0.007748108,0.013138684,0.0034371063,0.002369863,0.00058156747,4.1705000000000005
2018-11-07,CTD12,4173438,695414,0.007998206,0.013155016,0.016596273,0.0027672418,0.0018192921,0.00044153197,0.9715
2019-03-12,CTD1,4187246,695025,0.0053574173,0.008674958,0.015966235,0.005395311,0.0038464062,0.000999445,0.5865
2019-03-12,CTD2,4181518,693105,0.010471692,0.016306255,0.017481925,0.0026902503,0.0017495821,0.00042682348,1.0945
2019-03-12,CTD3,4181698,695238,0.010704188,0.016502745,0.01960603,0.0036111337,0.0023877455,0.0005891486,0.6950000000000001
2019-03-12,CTD4,4180266,698264,0.005804944,0.008549166,0.009182589,0.002064867,0.0013589123,0.00033573396,0.347
2019-03-12,CTD5,4179450,700268,0.016437238,0.026550042,0.03275154,0.0043196087,0.002775373,0.00068149035,0.5135000000000001
2019-03-12,CTD6,4176009,695829,0.010626248,0.016627023,0.018129904,0.0028574762,0.0018750648,0.00046100543,0.6214999999999999
2019-03-12,CTD7,4176724,690397,0.0065948428,0.0098928865,0.011108172,0.0023248026,0.0015296589,0.0003746737,0.6555
2019-03-12,CTD8,4174178,693048,0.0074704573,0.011421169,0.013031242,0.0027099939,0.0018051191,0.00044507094,0.785
2019-03-12,CTD9,4171106,693183,0.018820323,0.028940272,0.051872697,0.024964515,0.019656047,0.0052171713,0.518
2019-03-12,CTD10,4170388,695646,0.005169949,0.008118028,0.010860853,0.0025874637,0.0017353373,0.00042886776,0.7050000000000001
2019-03-12,CTD11,4169609,700351,0.00488135,0.008112957,0.012672081,0.0031934304,0.0021811104,0.0005438302,0.831
2019-03-12,CTD12,4173438,695414,0.012835305,0.020657657,0.026770394,0.004215267,0.0027670353,0.00067872804,0.7789999999999999
2019-06-25,CTD1,4187246,695025,0.0054966654,0.0098928865,0.02034696,0.007857941,0.0060333856,0.0016523921,1.0205
2019-06-25,CTD2,4181518,693105,0.0052295798,0.009444862,0.018385567,0.00624919,0.0046081226,0.0012157686,1.458
2019-06-25,CTD3,4181698,695238,0.0052947747,0.009343606,0.018066475,0.0064174687,0.004808652,0.0012915655,1.461
2019-06-25,CTD4,4180266,698264,0.0050667482,0.008892916,0.017149141,0.005762168,0.0042803697,0.0011227288,1.1405
2019-06-25,CTD5,4179450,700268,0.011651613,0.021525826,0.031775694,0.006035163,0.0040639783,0.001005124,0.5285
2019-06-25,CTD6,4176009,695829,0.005537556,0.009835505,0.019244311,0.007153533,0.0054429513,0.0014531076,1.648
2019-06-25,CTD7,4176724,690397,0.0057004485,0.010331054,0.01956281,0.0062045706,0.0045374306,0.0011844483,1.897
2019-06-25,CTD8,4174178,693048,0.0057197977,0.0102652125,0.019942189,0.0068584243,0.0050668023,0.0013522352,1.4685
2019-06-25,CTD9,4171106,693183,0.01153023,0.019886797,0.04112518,0.018707886,0.015228428,0.004322337,1.63
2019-06-25,CTD10,4170388,695646,0.0062216846,0.011380131,0.02281129,0.007512324,0.005635158,0.0014909948,1.3865
2019-06-25,CTD11,4169609,700351,0.0045143995,0.007515737,0.015730472,0.007873616,0.0062795333,0.0018343835,1.4505
2019-06-25,CTD12,4173438,695414,0.005469562,0.009853594,0.019544313,0.0064546824,0.0047770212,0.001269541,1.493
2019-07-10,CTD1,4187246,695025,0.006385336,0.011109715,0.020481288,0.006849162,0.005013455,0.001280765,4.334
2019-07-10,CTD2,4181518,693105,0.006718175,0.011941143,0.020436428,0.0048391903,0.0033687276,0.0008542638,0.933
2019-07-10,CTD3,4181698,695238,0.0064028893,0.011281471,0.020093167,0.00550436,0.0038939456,0.0009958106,1.196
2019-07-10,CTD4,4180266,698264,0.0067304163,0.01160391,0.019360164,0.0049980083,0.003515567,0.000892562,3.867
2019-07-10,CTD6,4176009,695829,0.0066269953,0.012033869,0.022344979,0.006151829,0.004369895,0.0011200178,3.592
2019-07-10,CTD7,4176724,690397,0.0064302804,0.011590033,0.01994846,0.00479732,0.0033763065,0.00086018303,0.886
2019-07-10,CTD8,4174178,693048,0.008146441,0.015402341,0.02806385,0.0066911234,0.0047160597,0.0011792239,0.875
2019-07-10,CTD9,4171106,693183,0.011001936,0.01934108,0.03993621,0.017691394,0.014518385,0.0040898267,0.765
2019-07-10,CTD10,4170388,695646,0.006513087,0.012137997,0.02249028,0.0057148384,0.0040384107,0.001027322,1.322
2019-07-10,CTD11,4169609,700351,0.0066048754,0.011455462,0.020655101,0.0065764124,0.0047525507,0.0012157686,5.24
2019-07-10,CTD12,4173438,695414,0.006442052,0.011670015,0.021019582,0.0057522785,0.0041140434,0.0010478733,0.666
2019-07-30,CTD1,4187246,695025,0.005489878,0.008892916,0.01539769,0.0058138487,0.004192553,0.0010989973,0.873
2019-07-30,CTD2,4181518,693105,0.008067254,0.014334267,0.025401497,0.0067754597,0.004787544,0.0012108997,1.4874999999999998
2019-07-30,CTD3,4181698,695238,0.005964081,0.009582358,0.0166337,0.0053971736,0.003805083,0.00097506144,0.9435
2019-07-30,CTD4,4180266,698264,0.0,0.0,0.0,0.0,0.0,0.0,0.932
2019-07-30,CTD5,4179450,700268,0.007833602,0.011380131,0.013572344,0.0028208247,0.0019125267,0.00047754732,0.5249999999999999
2019-07-30,CTD6,4176009,695829,0.008189909,0.014742562,0.028080424,0.008433874,0.0060832337,0.0015437317,1.9065
2019-07-30,CTD7,4176724,690397,0.007232171,0.012834953,0.02272019,0.0060413615,0.0042740405,0.0010805324,1.5545
2019-07-30,CTD8,4174178,693048,0.009594879,0.018025316,0.034778383,0.009119063,0.0064583733,0.0016000514,2.5145
2019-07-30,CTD9,4171106,693183,0.012528104,0.021217335,0.041772474,0.018309807,0.014492376,0.0039603105,3.2545
2019-07-30,CTD10,4170388,695646,0.0072169574,0.012865161,0.02255279,0.006078675,0.004305773,0.00109325,2.266
2019-07-30,CTD11,4169609,700351,0.0059166513,0.0099505605,0.01661765,0.0051563755,0.0036385271,0.0009268878,2.093
2019-07-30,CTD12,4173438,695414,0.007642188,0.013647148,0.024214165,0.006093242,0.004288293,0.001084464,1.1225
2019-08-14,CTD1,4187246,695025,0.006643124,0.011638663,0.022200458,0.0077722096,0.005721129,0.0014751483,1.659
2019-08-14,CTD2,4181518,693105,0.007906138,0.013710681,0.02635768,0.009373712,0.006894479,0.0017761913,2.9065000000000003
2019-08-14,CTD3,4181698,695238,0.0071155317,0.01192338,0.022049887,0.007648954,0.0055483305,0.0014290999,2.85
2019-08-14,CTD4,4180266,698264,0.008442419,0.014272563,0.026074912,0.009355545,0.0067885285,0.0017466965,2.572
2019-08-14,CTD5,4179450,700268,0.010882691,0.018365465,0.029020686,0.007238146,0.004997003,0.0012329556,1.285
2019-08-14,CTD6,4176009,695829,0.008524685,0.014873585,0.02882565,0.010375601,0.007602201,0.0019551157,3.1035
2019-08-14,CTD7,4176724,690397,0.009702909,0.017883714,0.03332299,0.008646885,0.0060485187,0.0014974955,2.716
2019-08-14,CTD8,4174178,693048,0.012907761,0.024855658,0.05000199,0.014027542,0.009929797,0.0024172647,4.239
2019-08-14,CTD9,4171106,693183,0.012572144,0.020485818,0.039424695,0.018065713,0.014436134,0.004003584,4.106999999999999
2019-08-14,CTD10,4170388,695646,0.0072039394,0.0124217635,0.023804272,0.008497863,0.0061862194,0.0015893903,2.4480000000000004
2019-08-14,CTD11,4169609,700351,0.0072191292,0.011990999,0.023008531,0.008826887,0.0065228106,0.001689021,2.3415
2019-08-14,CTD12,4173438,695414,0.008901881,0.015389275,0.029191105,0.0101439515,0.007386292,0.0018724237,2.542
2019-09-18,CTD1,4187246,695025,0.00801245,0.01277847,0.02722052,0.018334838,0.016306749,0.005118944,13.935
2019-09-18,CTD2,4181518,693105,0.008199596,0.013434458,0.028783383,0.017769765,0.015431068,0.0047668987,11.9435
2019-09-18,CTD3,4181698,695238,0.010254779,0.01748768,0.032639977,0.018768843,0.0170306,0.005281723,11.8365
2019-09-18,CTD4,4180266,698264,0.005869568,0.009163772,0.01918964,0.012938436,0.011397361,0.0035706148,7.106999999999999
2019-09-18,CTD5,4179450,700268,0.0,0.0,0.0,0.0,0.0,0.0,1.6765
2019-09-18,CTD6,4176009,695829,0.0068249265,0.010280856,0.020830162,0.013486897,0.011539896,0.003471027,8.7775
2019-09-18,CTD7,4176724,690397,0.006992092,0.010943486,0.023292733,0.016181877,0.014358512,0.0045064134,9.55
2019-09-18,CTD8,4174178,693048,0.0064814296,0.01016248,0.022002157,0.01443912,0.012450506,0.0038025149,9.33
2019-09-18,CTD9,4171106,693183,0.008245737,0.013317449,0.028547574,0.01850059,0.016147666,0.004967693,13.449
2019-09-18,CTD10,4170388,695646,0.006560833,0.010349934,0.022077201,0.014307986,0.012396197,0.0037816728,7.935499999999999
2019-09-18,CTD11,4169609,700351,0.0063252067,0.010331054,0.023072228,0.013952891,0.011979323,0.0036294179,6.1185
2019-09-18,CTD12,4173438,695414,0.008660745,0.013674915,0.029439567,0.022424102,0.021362584,0.0072849677,8.176
2019-09-28,CTD1,4187246,695025,0.015478433,0.02566369,0.050051354,0.021300452,0.016499965,0.0043094056,6.808
2019-09-28,CTD2,4181518,693105,0.003350134,0.0049706185,0.0072077382,0.0026809012,0.0018673865,0.00048585777,2.232
2019-09-28,CTD3,4181698,695238,0.004667447,0.0069795256,0.012890681,0.0059083514,0.0044958275,0.0012290071,1.485
2019-09-28,CTD4,4180266,698264,0.00509513,0.007396183,0.012068933,0.005202996,0.0038036655,0.0010161644,1.534
2019-09-28,CTD6,4176009,695829,0.0049378127,0.0071106553,0.011844001,0.0053433883,0.004011504,0.0010731434,5.329
2019-09-28,CTD7,4176724,690397,0.0051619406,0.0076875887,0.014065187,0.006181314,0.0047455803,0.0012848695,2.788
2019-09-28,CTD8,4174178,693048,0.0067672594,0.01016248,0.01857347,0.00855384,0.0065715024,0.0017720492,5.154
2019-09-28,CTD9,4171106,693183,0.015186459,0.022395018,0.039456535,0.023105362,0.01875988,0.0052551734,15.23
2019-09-28,CTD10,4170388,695646,0.0043067117,0.0065374104,0.012510431,0.005691308,0.004394168,0.0011873071,17.44
2019-09-28,CTD11,4169609,700351,0.0042413534,0.006455127,0.013069826,0.0065786447,0.0052299355,0.0014986802,2.979
2019-09-28,CTD12,4173438,695414,0.004984051,0.0073313043,0.012747352,0.005515757,0.0040564425,0.0010849017,8.784
2019-10-03,CTD1,4187246,695025,0.021738518,0.035206746,0.07305467,0.04309211,0.03994784,0.012556598,17.0945
2019-10-03,CTD2,4181518,693105,0.003771563,0.0062399,0.0136884255,0.006743438,0.0054095313,0.0015565659,5.4505
2019-10-03,CTD3,4181698,695238,0.0034367938,0.0056568678,0.0126096755,0.0065652616,0.005401694,0.0015862669,5.891500000000001
2019-10-03,CTD4,4180266,698264,0.0035889978,0.005929131,0.01350579,0.0074423193,0.0061050192,0.001794938,5.609
2019-10-03,CTD5,4179450,700268,0.0023232303,0.003947706,0.008235739,0.0031009358,0.0022859033,0.0006070728,1.2565
2019-10-03,CTD6,4176009,695829,0.0039908425,0.006500259,0.013800912,0.00696105,0.0056087812,0.0016044602,2.696
2019-10-03,CTD7,4176724,690397,0.0048661963,0.008480291,0.01911091,0.009018829,0.007193146,0.0020378816,5.481999999999999
2019-10-03,CTD8,4174178,693048,0.0037015877,0.006131992,0.013312318,0.0063263555,0.005004309,0.0014127372,2.235
2019-10-03,CTD9,4171106,693183,0.010773503,0.01690101,0.033568755,0.022231627,0.01916832,0.0057915444,9.238
2019-10-03,CTD10,4170388,695646,0.0030013274,0.004690096,0.010389077,0.006177094,0.0052451715,0.0015806591,2.5845
2019-10-03,CTD11,4169609,700351,0.0030162395,0.005069485,0.011692414,0.0061371345,0.0051581077,0.0015159555,1.728
2019-10-03,CTD12,4173438,695414,0.0028353536,0.004530773,0.009744721,0.004918847,0.00391137,0.0011146148,2.0545
2019-11-27,CTD1,4187246,695025,0.004230776,0.006948748,0.012301983,0.0033964163,0.002374321,0.00059466047,0.617
2019-11-27,CTD2,4181518,693105,0.0054107076,0.009254728,0.020680958,0.009510895,0.0075759105,0.0021245033,4.3045
2019-11-27,CTD3,4181698,695238,0.006168613,0.010636711,0.023136068,0.010251094,0.008060918,0.0022168208,3.8115
2019-11-27,CTD4,4180266,698264,0.0052539385,0.008984248,0.019354053,0.007590498,0.005760401,0.0015670266,2.9625
2019-11-27,CTD5,4179450,700268,0.008899287,0.01458318,0.016389113,0.0025713327,0.0016746032,0.0004053357,0.47
2019-11-27,CTD6,4176009,695829,0.0055085625,0.00896203,0.020417228,0.01211037,0.010291358,0.0030944622,4.623
2019-11-27,CTD7,4176724,690397,0.004062508,0.006724119,0.016158171,0.00921126,0.00788017,0.0024010392,3.585
2019-11-27,CTD8,4174178,693048,0.0046601845,0.007699657,0.018251535,0.010336151,0.008761993,0.0026086927,3.807
2019-11-27,CTD9,4171106,693183,0.006985759,0.011930482,0.02721243,0.016311103,0.014021297,0.004162063,3.3535
2019-11-27,CTD10,4170388,695646,0.0052344427,0.008898428,0.021006472,0.011483538,0.009632458,0.0028352952,4.34
2019-11-27,CTD11,4169609,700351,0.007948518,0.015039699,0.03472008,0.0152663225,0.012268872,0.003431086,6.422
2019-11-27,CTD12,4173438,695414,0.0054174038,0.009334972,0.022393327,0.012102932,0.010137539,0.0030034871,3.241
2020-02-20,CTD1,4187246,695025,0.0048480714,0.00804478,0.015462729,0.005003213,0.0035778782,0.0009167913,0.7885
2020-02-20,CTD2,4181518,693105,0.0046936823,0.007994619,0.014273442,0.0038785588,0.0027185516,0.0006790037,2.1435
2020-02-20,CTD3,4181698,695238,0.0042986553,0.007169177,0.014489256,0.0052138106,0.0038507052,0.0010206959,2.125
2020-02-20,CTD4,4180266,698264,0.0047569335,0.008220063,0.016773382,0.0055271755,0.0040579485,0.0010559481,1.871
2020-02-20,CTD5,4179450,700268,0.010190976,0.016947778,0.025111752,0.004749181,0.0031690227,0.0007692289,1.3664999999999998
2020-02-20,CTD6,4176009,695829,0.0035979648,0.005976376,0.012213086,0.004374239,0.0032350887,0.0008584379,2.079
2020-02-20,CTD7,4176724,690397,0.011841971,0.021157086,0.04196022,0.013808575,0.010018417,0.002484025,5.672
2020-02-20,CTD8,4174178,693048,0.0054140547,0.0094798,0.01991712,0.006937607,0.0051581077,0.0013576344,2.847
2020-02-20,CTD9,4171106,693183,0.013380552,0.021708997,0.042448714,0.02338929,0.019309152,0.0054736,4.0725
2020-02-20,CTD10,4170388,695646,0.005702205,0.010230868,0.021710843,0.006853792,0.0049805995,0.0012869263,1.805
2020-02-20,CTD11,4169609,700351,0.0049393475,0.0088626575,0.01923215,0.006437146,0.0047735185,0.0012329556,1.685
2020-02-20,CTD12,4173438,695414,0.0040764846,0.006777476,0.0130741205,0.004258194,0.0030706518,0.0007917531,1.85
2020-03-11,CTD1,4187246,695025,0.011988711,0.020625362,0.03831088,0.011348534,0.007959171,0.0019581276,3.298
2020-03-11,CTD2,4181518,693105,0.0094006965,0.016714893,0.03423696,0.011790072,0.008720635,0.0022336654,3.736
2020-03-11,CTD3,4181698,695238,0.006598854,0.011680481,0.023214292,0.007532431,0.005480522,0.0013971033,3.5780000000000003
2020-03-11,CTD4,4180266,698264,0.0077408478,0.013678885,0.024712069,0.006459073,0.0045324196,0.0011249927,3.8305
2020-03-11,CTD5,4179450,700268,0.015600185,0.02519046,0.03568111,0.006437146,0.004240956,0.001028985,1.53
2020-03-11,CTD6,4176009,695829,0.0077708894,0.013344678,0.02797283,0.011852136,0.009159786,0.0024821754,6.163
2020-03-11,CTD7,4176724,690397,0.011858209,0.021151615,0.04345939,0.016906185,0.012903246,0.003365326,6.895
2020-03-11,CTD8,4174178,693048,0.007368144,0.012725935,0.027059084,0.011551511,0.008971169,0.0024518245,5.0885
2020-03-11,CTD9,4171106,693183,0.014317769,0.022737492,0.042504456,0.021179557,0.016661331,0.004531685,3.277
2020-03-11,CTD10,4170388,695646,0.007051447,0.012994186,0.027075194,0.008766539,0.006435494,0.001656282,3.996
2020-03-11,CTD11,4169609,700351,0.0071133873,0.013070572,0.028944246,0.011580224,0.008953083,0.002426319,4.5355
2020-03-11,CTD12,4173438,695414,0.007072752,0.012584229,0.025126936,0.007984098,0.005820802,0.0014909948,3.8915
2020-12-21,CTD1,4187246,695025,0.0040612393,0.0064653577,0.010461666,0.0030069698,0.0020319526,0.00050072005,0.6659999999999999
2020-12-21,CTD2,4181518,693105,0.0045045586,0.006709251,0.007993735,0.002005101,0.0013098839,0.00032067733,0.6865
2020-12-21,CTD3,4181698,695238,0.0045398003,0.006790342,0.008119192,0.0019732404,0.0013084577,0.00032355238,0.6545000000000001
2020-12-21,CTD4,4180266,698264,0.005590792,0.008546508,0.011002037,0.002746106,0.001811179,0.00043942302,0.687
2020-12-21,CTD5,4179450,700268,0.0118777165,0.01893743,0.022351881,0.0032933413,0.0021206131,0.00050884153,0.4915
2020-12-21,CTD6,4176009,695829,0.004702459,0.0071782204,0.0092529645,0.0024545316,0.0016233163,0.00039284956,0.7125
2020-12-21,CTD7,4176724,690397,0.004723,0.00724639,0.009357989,0.0022168201,0.0014668714,0.00035741,0.7435
2020-12-21,CTD8,4174178,693048,0.0041548656,0.006273625,0.008944928,0.0026539813,0.0017764604,0.00043489045,0.8115
2020-12-21,CTD9,4171106,693183,0.00727142,0.011417745,0.022372596,0.010435003,0.008121925,0.0021694133,0.7525
2020-12-21,CTD10,4170388,695646,0.0038766188,0.0061592865,0.009013475,0.0023000634,0.0015274073,0.00037585653,0.9455
2020-12-21,CTD11,4169609,700351,0.005993441,0.011062956,0.021250125,0.004903498,0.0033775712,0.00082359044,1.1065
2020-12-21,CTD12,4173438,695414,0.00456961,0.0070082205,0.008856306,0.0022491023,0.0014869386,0.0003622114,0.996
2021-01-05,CTD1,4187246,695025,0.0043431474,0.007128614,0.012899159,0.0038045864,0.002655886,0.0006645461,0.5485
2021-01-05,CTD2,4181518,693105,0.0037892652,0.005828329,0.0073470813,0.0017593256,0.0011479544,0.00028447362,0.483
2021-01-05,CTD3,4181698,695238,0.0059971204,0.008959256,0.010714328,0.0024435027,0.0016065959,0.00039176343,0.851
2021-01-05,CTD4,4180266,698264,0.0065848236,0.01002383,0.013550125,0.0034359025,0.0022927828,0.000557168,0.806
2021-01-05,CTD5,4179450,700268,0.01252472,0.02042163,0.024265802,0.0031270806,0.0020010122,0.00048332932,0.4665
2021-01-05,CTD6,4176009,695829,0.0052833105,0.008427653,0.011981638,0.0028744813,0.0019168167,0.00046751063,1.0055
2021-01-05,CTD7,4176724,690397,0.0051747602,0.00817145,0.0108357,0.0024836266,0.0016341634,0.0003978564,0.6990000000000001
2021-01-05,CTD8,4174178,693048,0.004776217,0.0075322865,0.010323825,0.0024562331,0.0016347683,0.0004016568,0.872
2021-01-05,CTD9,4171106,693183,0.007838265,0.012975146,0.025771301,0.011750047,0.0091352705,0.0025100417,1.055
2021-01-05,CTD10,4170388,695646,0.0054814043,0.009289043,0.017127156,0.0046059075,0.0032338756,0.00080211856,1.9825
2021-01-05,CTD11,4169609,700351,0.0013437235,0.0021035483,0.004566729,0.0022498772,0.0017463339,0.00049511617,1.576
2021-01-05,CTD12,4173438,695414,0.004520032,0.007169177,0.010933034,0.0029169433,0.0019573453,0.00047965886,1.2845
2021-04-20,CTD1,4187246,695025,0.00527677,0.008777881,0.012971436,0.0026771713,0.0018260821,0.00045879727,0.8154999999999999
2021-04-20,CTD2,4181518,693105,0.006134713,0.009682922,0.009715657,0.0016371248,0.0010584759,0.00026174024,0.629
2021-04-20,CTD3,4181698,695238,0.0055409763,0.008610516,0.009809618,0.0019294346,0.0012835418,0.00031869402,0.5505
2021-04-20,CTD4,4180266,698264,0.008881145,0.013375851,0.014395058,0.0027052793,0.0017970726,0.00044774503,0.5435
2021-04-20,CTD5,4179450,700268,0.02222385,0.033851314,0.03878107,0.005149238,0.0032521181,0.00080604036,0.5365
2021-04-20,CTD6,4176009,695829,0.005479711,0.008232899,0.009243755,0.0019531944,0.001291008,0.00031993198,0.504
2021-04-20,CTD7,4176724,690397,0.007727016,0.012539748,0.014427964,0.002365306,0.0015581076,0.0003872983,0.9115
2021-04-20,CTD8,4174178,693048,0.0067222533,0.010346785,0.012021243,0.002395763,0.001598305,0.0003978564,0.7809999999999999
2021-04-20,CTD9,4171106,693183,0.012041208,0.019547733,0.036863063,0.015372611,0.011462981,0.002993754,2.1515
2021-04-20,CTD10,4170388,695646,0.006552854,0.0099505605,0.009677038,0.0016376706,0.0010543631,0.00025830182,0.6890000000000001
2021-04-20,CTD11,4169609,700351,0.011184232,0.01787398,0.021436084,0.0036060775,0.0023761063,0.00058938714,0.601
2021-04-20,CTD12,4173438,695414,0.006463683,0.009778416,0.010799863,0.0021302293,0.0014068701,0.00034883313,0.588
2021-05-20,CTD1,4187246,695025,0.0059622503,0.009914101,0.017066825,0.0054873056,0.003925946,0.0010157535,0.634
2021-05-20,CTD2,4181518,693105,0.005914834,0.010017707,0.015278268,0.003597246,0.0024689948,0.0006334726,0.5635
2021-05-20,CTD3,4181698,695238,0.0065568425,0.011003084,0.01557841,0.0033562116,0.002295368,0.00057758106,0.5545
2021-05-20,CTD4,4180266,698264,0.008204442,0.013062918,0.016069729,0.0035434668,0.0023985407,0.0005975573,0.5585
2021-05-20,CTD5,4179450,700268,0.016113514,0.02856463,0.039297514,0.006183425,0.0040309196,0.0009817983,0.6365000000000001
2021-05-20,CTD6,4176009,695829,0.005739208,0.009511928,0.01402846,0.003171156,0.002195892,0.00055380195,0.4934999999999999
2021-05-20,CTD7,4176724,690397,0.00886562,0.01746374,0.036198635,0.010260879,0.007317179,0.0018515234,1.463
2021-05-20,CTD8,4174178,693048,0.0054224306,0.008328459,0.009920925,0.0026669416,0.0018010911,0.00045368847,0.6985
2021-05-20,CTD9,4171106,693183,0.011416115,0.019480402,0.039138924,0.01689196,0.013466288,0.003718392,1.028
2021-05-20,CTD10,4170388,695646,0.006097245,0.0106270425,0.016585592,0.0038609472,0.002665895,0.00067351083,0.5700000000000001
2021-05-20,CTD11,4169609,700351,0.0076650353,0.013360257,0.020830162,0.004675393,0.0032060968,0.0008024447,0.657
2021-05-20,CTD12,4173438,695414,0.0067611067,0.011810213,0.018691756,0.004426447,0.0030752677,0.0007777181,0.579
2021-06-14,CTD1,4187246,695025,0.0031296315,0.005521896,0.009960507,0.0029569517,0.0020703573,0.00052954216,0.5475
2021-06-14,CTD2,4181518,693105,0.0047539733,0.008123103,0.011338413,0.0025713327,0.0017437398,0.00044153197,0.4605
2021-06-14,CTD3,4181698,695238,0.0053607333,0.0096680755,0.016189491,0.0039003429,0.0027154856,0.0006926541,0.875
2021-06-14,CTD4,4180266,698264,0.0051332065,0.009372437,0.016606959,0.004303048,0.0030499639,0.0007834295,5.056
2021-06-14,CTD5,4179450,700268,0.009255146,0.017612556,0.028296575,0.005687395,0.003830682,0.00094433984,0.8085
2021-06-14,CTD6,4176009,695829,0.004641353,0.008336252,0.014517626,0.0038514968,0.0027165073,0.0006991569,0.4325
2021-06-14,CTD7,4176724,690397,0.008430012,0.016301706,0.026412943,0.0054083643,0.003653501,0.000907907,1.2765
2021-06-14,CTD8,4174178,693048,0.00502914,0.009082032,0.015144924,0.0036968836,0.0025761866,0.00065331167,0.422
2021-06-14,CTD9,4171106,693183,0.0045810165,0.008859911,0.01822251,0.0063501047,0.0048192386,0.0013218395,1.2655
2021-06-14,CTD10,4170388,695646,0.005173156,0.009535354,0.015442691,0.0035821563,0.0024699236,0.00062353216,0.681
2021-06-14,CTD11,4169609,700351,0.0051876097,0.009862649,0.018362194,0.004891591,0.003462061,0.00088139944,1.04
2021-06-14,CTD12,4173438,695414,0.004606781,0.00833885,0.014593528,0.0037621912,0.002660886,0.00068232126,0.378
2021-08-13,CTD1,4187246,695025,0.004138037,0.0072692484,0.015950762,0.00683067,0.0053801956,0.0015171536,0.845
2021-08-13,CTD2,4181518,693105,0.0040675844,0.0070237177,0.014939603,0.006213047,0.004906491,0.001379432,1.7115
2021-08-13,CTD3,4181698,695238,0.0047171223,0.008039751,0.017610993,0.008963218,0.0073580686,0.002143185,1.5775
2021-08-13,CTD4,4180266,698264,0.004179583,0.006990549,0.0153827155,0.0082661435,0.0068389205,0.0020176808,1.391
2021-08-13,CTD5,4179450,700268,0.0046820045,0.008377923,0.016778775,0.005334166,0.0039055536,0.0010235897,0.4649999999999999
2021-08-13,CTD6,4176009,695829,0.0045867297,0.0075417585,0.016665842,0.009553911,0.008052629,0.0024490808,2.314
2021-08-13,CTD7,4176724,690397,0.0074682203,0.013575954,0.031188054,0.015492811,0.013160334,0.003925414,3.165
2021-08-13,CTD8,4174178,693048,0.0011628107,0.001426376,0.0023564363,0.0020389184,0.0013544626,0.00035088725,2.8735
2021-08-13,CTD9,4171106,693183,0.004364882,0.0070927395,0.015817234,0.010021704,0.008857121,0.0027708306,1.938
2021-08-13,CTD10,4170388,695646,0.004225497,0.0067198677,0.015179392,0.009932396,0.0088154,0.002826011,2.1865
2021-08-13,CTD11,4169609,700351,0.0034410798,0.0053610844,0.011700142,0.007886699,0.0069601913,0.0022269143,1.608
2021-08-13,CTD12,4173438,695414,0.0048556156,0.008027191,0.018234115,0.010985439,0.009568761,0.00298297,2.2215
2021-11-11,CTD1,4187246,695025,0.0044919373,0.007546499,0.013510218,0.0038501488,0.0026568852,0.00065783545,0.533
2021-11-11,CTD2,4181518,693105,0.0043282667,0.006734758,0.009022455,0.002331233,0.0015725449,0.000388371,0.6094999999999999
2021-11-11,CTD3,4181698,695238,0.0057675494,0.008720867,0.009904478,0.0021156736,0.0013950919,0.0003418138,0.6325000000000001
2021-11-11,CTD4,4180266,698264,0.0068414826,0.010630265,0.01598172,0.004117693,0.002799483,0.00068704924,0.7725
2021-11-11,CTD5,4179450,700268,0.028799316,0.040371936,0.048655745,0.006879306,0.004345746,0.0010653725,1.9785
2021-11-11,CTD6,4176009,695829,0.0057250853,0.009775419,0.0166337,0.0041451375,0.0028687478,0.00070428906,0.9595
2021-11-11,CTD7,4176724,690397,0.010214141,0.019641224,0.039065067,0.009513962,0.0065436405,0.0015800371,1.7545000000000002
2021-11-11,CTD8,4174178,693048,0.008653139,0.016070988,0.03160308,0.008395124,0.0058543654,0.0014399149,1.1255
2021-11-11,CTD9,4171106,693183,0.008492198,0.014708895,0.029984878,0.01138394,0.0085133305,0.0022370475,1.3055
2021-11-11,CTD10,4170388,695646,0.0052718697,0.009346486,0.017577244,0.004265638,0.0029452345,0.0007299323,1.0745
2021-11-11,CTD11,4169609,700351,0.0042799157,0.0075110146,0.014240861,0.0035859228,0.0025064156,0.00062530447,0.8049999999999999
2021-11-11,CTD12,4173438,695414,0.005580451,0.009535354,0.016639054,0.0041350056,0.0028536874,0.000704003,0.9595
2021-11-26,CTD1,4187246,695025,0.00484355,0.0074148183,0.008882799,0.0021163987,0.0013981541,0.0003431515,2.565
2021-11-26,CTD2,4181518,693105,0.0046500354,0.006775334,0.0071485317,0.0015684225,0.001021388,0.00025120054,3.379
2021-11-26,CTD3,4181698,695238,0.0049393475,0.0073128655,0.007578906,0.0017109738,0.0011260146,0.00027665615,5.591
2021-11-26,CTD4,4180266,698264,0.0063561774,0.009274731,0.010482497,0.002687442,0.001779106,0.0004410037,7.989
2021-11-26,CTD6,4176009,695829,0.006317485,0.009688866,0.013474836,0.0034819432,0.0023274978,0.0005726957,6.131
2021-11-26,CTD7,4176724,690397,0.020250961,0.035593018,0.06745283,0.021995211,0.015929464,0.003833944,1.463
2021-11-26,CTD8,4174178,693048,0.0068955356,0.011352843,0.016870694,0.0035422258,0.0023761063,0.0005759478,3.594
2021-11-26,CTD9,4171106,693183,0.007882677,0.012418091,0.02378974,0.010807379,0.008245081,0.0021751877,5.477
2021-11-26,CTD10,4170388,695646,0.006503179,0.0107924305,0.018514572,0.00462681,0.0031893018,0.0007796173,3.91
2021-11-26,CTD11,4169609,700351,0.0050840746,0.00836488,0.0123385275,0.002515704,0.0016671718,0.00040373174,5.546
2021-11-26,CTD12,4173438,695414,0.0059787445,0.009745497,0.015288187,0.0037267841,0.00252724,0.00061724434,4.975
2021-12-01,CTD1,4187246,695025,0.0032850918,0.0052231834,0.008553059,0.0025402696,0.0017424444,0.00043437068,0.55
2021-12-01,CTD2,4181518,693105,0.004237384,0.006492031,0.007969939,0.0018325752,0.0012019018,0.00029513586,0.9145
2021-12-01,CTD3,4181698,695238,0.0049809553,0.0073520998,0.008650085,0.0022122492,0.0014674099,0.00035951962,0.884
2021-12-01,CTD4,4180266,698264,0.005755134,0.008901184,0.011067797,0.0025253247,0.0016603906,0.0004043725,1.093
2021-12-01,CTD5,4179450,700268,0.0144857485,0.021404281,0.024854759,0.004672139,0.0030225923,0.0007314172,1.4515
2021-12-01,CTD6,4176009,695829,0.0066653583,0.011482959,0.020080548,0.0046835374,0.003224187,0.00078822084,1.871
2021-12-01,CTD7,4176724,690397,0.010162079,0.018836185,0.033578236,0.006371765,0.0042284154,0.0010186337,1.9395
2021-12-01,CTD8,4174178,693048,0.006236924,0.010996448,0.019754829,0.0045803054,0.003155968,0.0007717345,2.0565
2021-12-01,CTD9,4171106,693183,0.006903885,0.011308615,0.023200054,0.010362438,0.008119144,0.0022159815,2.932
2021-12-01,CTD10,4170388,695646,0.008002951,0.015402341,0.032695726,0.009107222,0.0065066493,0.0016171173,2.9225000000000003
2021-12-01,CTD11,4169609,700351,0.0055068615,0.009932316,0.019286925,0.0047244625,0.003316134,0.00081991707,2.0865
2021-12-01,CTD12,4173438,695414,0.006097245,0.010668993,0.018858453,0.0044310824,0.0030499639,0.00074825704,2.1045
2022-02-24,CTD1,4187246,695025,0.002631069,0.004381197,0.009897907,0.004479255,0.0035912716,0.0010348259,0.346
2022-02-24,CTD2,4181518,693105,0.0024643585,0.0041981074,0.008318062,0.002401572,0.001675224,0.0004283557,0.4599999999999999
2022-02-24,CTD3,4181698,695238,0.0026931986,0.004645678,0.008953839,0.002522697,0.001779106,0.0004529636,0.4515
2022-02-24,CTD4,4180266,698264,0.0030106383,0.005198346,0.010409766,0.0032407257,0.0023609728,0.0006137516,0.503
2022-02-24,CTD5,4179450,700268,0.010629238,0.018246636,0.024413828,0.003750352,0.002444055,0.0005958657,0.6635
2022-02-24,CTD6,4176009,695829,0.0036981236,0.006935597,0.0137918815,0.0032124887,0.0022349744,0.0005576184,0.4405
2022-02-24,CTD7,4176724,690397,0.013130388,0.026036061,0.05153303,0.011627004,0.007872035,0.0018486569,2.532
2022-02-24,CTD8,4174178,693048,0.005190827,0.010205954,0.020315086,0.004253734,0.0029275764,0.00072079326,0.612
2022-02-24,CTD9,4171106,693183,0.0077732042,0.014696286,0.035325907,0.017341588,0.014653283,0.0043569617,2.791
2022-02-24,CTD10,4170388,695646,0.004508774,0.00891222,0.019879568,0.004917139,0.003519513,0.00088426686,1.162
2022-02-24,CTD11,4169609,700351,0.0032881591,0.0061048158,0.014770445,0.005041534,0.0038478386,0.0010377583,0.692
2022-02-24,CTD12,4173438,695414,0.0037516018,0.007072635,0.014296756,0.0033397963,0.0023292478,0.00058605656,0.5005
2022-07-14,CTD1,4187246,695025,0.007642188,0.0135878,0.024310134,0.006636921,0.004714329,0.0012094426,0.665
2022-07-14,CTD2,4181518,693105,0.007953239,0.013738551,0.01918964,0.0037490388,0.0025149137,0.00062937493,0.6905
2022-07-14,CTD3,4181698,695238,0.009482355,0.014268457,0.01488625,0.0028845328,0.0019110988,0.00047525504,0.476
2022-07-14,CTD4,4180266,698264,0.009873827,0.015155538,0.01650037,0.0033703465,0.0022543587,0.0005616891,0.501
2022-07-14,CTD5,4179450,700268,0.015232928,0.02561428,0.03368263,0.0056367503,0.003705682,0.0009171633,0.5315000000000001
2022-07-14,CTD6,4176009,695829,0.00984846,0.017013414,0.024280572,0.004764071,0.0032411607,0.000811299,0.6985
2022-07-14,CTD7,4176724,690397,0.01604926,0.02953205,0.049706403,0.009765129,0.006472135,0.001539475,1.7285
2022-07-14,CTD8,4174178,693048,0.008855282,0.015896223,0.02655547,0.0058599203,0.004086664,0.0010252469,0.952
2022-07-14,CTD9,4171106,693183,0.0075807925,0.013024697,0.027123569,0.014257459,0.012020914,0.0034966338,1.0699999999999998
2022-07-14,CTD10,4170388,695646,0.0072017717,0.01295993,0.021839164,0.005404632,0.0037768295,0.0009558938,0.7965
2022-07-14,CTD11,4169609,700351,0.0072234743,0.011220597,0.014320105,0.0035076519,0.0023823665,0.00059538335,0.6859999999999999
2022-07-14,CTD12,4173438,695414,0.009783868,0.017235128,0.02679436,0.005334166,0.0036249652,0.00089728425,0.833
2022-07-29,CTD3,4181698,695238,0.0054628057,0.00912987,0.015189254,0.0047524865,0.0034234074,0.00087782793,0.653
2022-08-03,CTD1,4187246,695025,0.0069478652,0.011417745,0.018141456,0.0052463803,0.003700156,0.0009355741,0.3974999999999999
2022-08-03,CTD2,4181518,693105,0.006631024,0.010565986,0.0146889165,0.0036505603,0.0025234409,0.0006347586,0.6535
2022-08-03,CTD3,4181698,695238,0.006447945,0.009766434,0.013519077,0.0040378314,0.002802643,0.00070773164,0.7444999999999999
2022-08-03,CTD4,4180266,698264,0.006344547,0.0095941415,0.012958653,0.0037952722,0.0026369723,0.00066697894,0.712
2022-08-03,CTD5,4179450,700268,0.014549555,0.022548718,0.026334025,0.0047244625,0.0030810472,0.0007664198,0.5135000000000001
2022-08-03,CTD6,4176009,695829,0.006941567,0.010763085,0.016095696,0.004942813,0.003458177,0.0008742707,0.8959999999999999
2022-08-03,CTD7,4176724,690397,0.0160894,0.028788378,0.049608104,0.01086192,0.0073120813,0.0017480586,2.2815000000000003
2022-08-03,CTD8,4174178,693048,0.010596389,0.018143112,0.03332299,0.011263914,0.008108026,0.002041005,1.6765
2022-08-03,CTD9,4171106,693183,0.008385474,0.013766466,0.026946526,0.01290326,0.010190837,0.0028270413,1.259
2022-08-03,CTD10,4170388,695646,0.006115953,0.010131526,0.017515514,0.005569232,0.003958195,0.0010141111,1.0845
2022-08-03,CTD11,4169609,700351,0.005660186,0.008674958,0.011550321,0.0032520911,0.0022358138,0.00056123524,0.831
2022-08-03,CTD12,4173438,695414,0.012746005,0.021525826,0.03775184,0.011885096,0.008435559,0.0021043576,1.187
2022-09-07,CTD1,4187246,695025,0.0039474643,0.0065872637,0.012568234,0.004996275,0.0036562297,0.0009470235,2.338
2022-09-07,CTD2,4181518,693105,0.004285262,0.0070082205,0.011274828,0.0032852793,0.0022816143,0.0005768805,2.0055
2022-09-07,CTD3,4181698,695238,0.004245327,0.0069443616,0.010954779,0.003023835,0.0021008337,0.0005321106,1.39
2022-09-07,CTD4,4180266,698264,0.004501751,0.007146615,0.011108172,0.0036060775,0.0025120778,0.00063682196,0.508
2022-09-07,CTD5,4179450,700268,0.008211717,0.013778443,0.01833885,0.0032566483,0.0021688705,0.0005344763,0.515
2022-09-07,CTD6,4176009,695829,0.0060991133,0.0097037405,0.01420371,0.0038976134,0.0026951344,0.0006724177,0.7845
2022-09-07,CTD7,4176724,690397,0.03128718,0.05116042,0.09629216,0.03138396,0.023331083,0.0054531787,4.884
2022-09-07,CTD8,4174178,693048,0.016835233,0.029445214,0.05333373,0.014244847,0.009845043,0.002358223,2.5625
2022-09-07,CTD9,4171106,693183,0.008542222,0.013595701,0.02564756,0.012384272,0.009587835,0.00258373,1.181
2022-09-07,CTD10,4170388,695646,0.004609653,0.00752992,0.01246519,0.0038219441,0.0026699093,0.00067597703,0.7435
2022-09-07,CTD11,4169609,700351,0.00399583,0.0065643694,0.011097147,0.0034178973,0.0023761063,0.0006002255,0.1985
2022-09-07,CTD12,4173438,695414,0.008829481,0.014671093,0.02312187,0.006445909,0.0044496506,0.0011016596,1.0735
2022-09-27,CTD1,4187246,695025,0.005073042,0.008238039,0.014794503,0.005371146,0.0038823702,0.0010063449,0.653
2022-09-27,CTD2,4181518,693105,0.0049454905,0.007932322,0.012605526,0.003904441,0.0027205972,0.00068704924,0.75
2022-09-27,CTD3,4181698,695238,0.0053458256,0.008680347,0.013448357,0.0037385498,0.0025888144,0.0006440976,0.767
2022-09-27,CTD4,4180266,698264,0.004441795,0.0070770984,0.011226436,0.0034467513,0.0024039568,0.0006100319,0.703
2022-09-27,CTD5,4179450,700268,0.01709692,0.026480755,0.040711813,0.010800577,0.007352947,0.0018033264,1.6035
2022-09-27,CTD6,4176009,695829,0.0081344005,0.013512921,0.021164248,0.005334166,0.0036603266,0.00090975093,1.147
2022-09-27,CTD7,4176724,690397,0.017500471,0.031503443,0.06227129,0.020484466,0.014996541,0.0036775104,3.97
2022-09-27,CTD8,4174178,693048,0.013993141,0.024885984,0.049289428,0.017091867,0.012583129,0.0031604765,2.933
2022-09-27,CTD9,4171106,693183,0.013519391,0.021881996,0.04271672,0.023030369,0.019111125,0.0053854883,4.15
2022-09-27,CTD10,4170388,695646,0.011584415,0.020459058,0.040755194,0.014303771,0.010532333,0.0026709994,2.47
2022-09-27,CTD11,4169609,700351,0.0037809936,0.0065270704,0.012301983,0.0037424797,0.0026508956,0.0006812136,0.903
2022-09-27,CTD12,4173438,695414,0.013760269,0.02390897,0.04263844,0.01115535,0.00769216,0.0018579875,1.92
2023-01-10,CTD1,4187246,695025,0.0018114016,0.0028311228,0.004782002,0.0016322223,0.0011328702,0.0002860012,0.6094999999999999
2023-01-10,CTD2,4181518,693105,0.0026173855,0.0039990125,0.005224002,0.001226341,0.0007852919,0.00019355584,0.771
2023-01-10,CTD3,4181698,695238,0.003062397,0.0047878344,0.006504387,0.0016074234,0.0010484131,0.00025674718,0.6805
2023-01-10,CTD4,4180266,698264,0.0048737675,0.008232899,0.012489848,0.0026420057,0.0017632949,0.00042733355,0.6074999999999999
2023-01-10,CTD5,4179450,700268,0.0078662895,0.013782438,0.02026418,0.003232794,0.0021269831,0.0005108935,0.51
2023-01-10,CTD6,4176009,695829,0.003913102,0.006102879,0.007823506,0.0018828653,0.0012478223,0.0003050694,0.6805
2023-01-10,CTD7,4176724,690397,0.017798347,0.031042254,0.05038532,0.008525813,0.0055023786,0.0012869263,1.6285
2023-01-10,CTD8,4174178,693048,0.006831131,0.011980301,0.020648642,0.004336231,0.0029541028,0.0007167038,1.111
2023-01-10,CTD9,4171106,693183,0.0049286145,0.0072669596,0.014732027,0.008375807,0.0068582017,0.0019141136,0.65
2023-01-10,CTD10,4170388,695646,0.0025245158,0.003941497,0.0061884928,0.0018600478,0.0012348243,0.00030554045,0.584
2023-01-10,CTD11,4169609,700351,0.0041161324,0.0072258757,0.012572372,0.0028208247,0.0018990077,0.00046155922,0.485
2023-01-10,CTD12,4173438,695414,0.0037329125,0.0058953417,0.008006986,0.0019014714,0.0012523396,0.00030613042,0.687
2023-03-01,CTD1,4187246,695025,0.0031393622,0.004920359,0.007279464,0.0019846999,0.0013290645,0.0003305441,0.5515
2023-03-01,CTD2,4181518,693105,0.005150748,0.0077408226,0.0072866776,0.001277108,0.00081451697,0.00019814857,0.4125
2023-03-01,CTD3,4181698,695238,0.007102674,0.010601298,0.010541738,0.0019853762,0.001293351,0.00031586684,0.6045
2023-03-01,CTD4,4180266,698264,0.017871147,0.027440935,0.04084205,0.009364625,0.006226062,0.0015034277,2.3365
2023-03-01,CTD5,4179450,700268,0.04160961,0.057764407,0.08353206,0.016562339,0.010854547,0.0025175172,5.5935
2023-03-01,CTD6,4176009,695829,0.009705692,0.013862517,0.012823044,0.0024844878,0.0016071899,0.0003947191,0.7715000000000001
2023-03-01,CTD7,4176724,690397,0.018838007,0.030843686,0.041475426,0.005253644,0.003341079,0.0008116288,0.5385
2023-03-01,CTD8,4174178,693048,0.02889076,0.043479647,0.062744424,0.010382188,0.006578484,0.0015498311,1.115
2023-03-01,CTD9,4171106,693183,0.0101823,0.01587838,0.028673714,0.012399417,0.009215137,0.0023300417,0.345
2023-03-01,CTD10,4170388,695646,0.012001819,0.01875043,0.021690639,0.0034359025,0.0022459098,0.000549125,0.955
2023-03-01,CTD11,4169609,700351,0.01176749,0.019703723,0.030440712,0.00609741,0.0040851478,0.0009986362,2.491
2023-03-01,CTD12,4173438,695414,0.008640475,0.012617674,0.012547561,0.0025659793,0.0016914529,0.00041692326,0.6395
2023-03-16,CTD1,4187246,695025,0.0031296315,0.005521896,0.009960507,0.0029569517,0.0020703573,0.00052954216,0.4875
2023-03-16,CTD2,4181518,693105,0.0047539733,0.008123103,0.011338413,0.0025713327,0.0017437398,0.00044153197,0.707
2023-03-16,CTD3,4181698,695238,0.0053607333,0.0096680755,0.016189491,0.0039003429,0.0027154856,0.0006926541,0.6305000000000001
2023-03-16,CTD4,4180266,698264,0.0051332065,0.009372437,0.016606959,0.004303048,0.0030499639,0.0007834295,0.647
2023-03-16,CTD5,4179450,700268,0.009255146,0.017612556,0.028296575,0.005687395,0.003830682,0.00094433984,0.385
2023-03-16,CTD6,4176009,695829,0.004641353,0.008336252,0.014517626,0.0038514968,0.0027165073,0.0006991569,0.723
2023-03-16,CTD7,4176724,690397,0.008430012,0.016301706,0.026412943,0.0054083643,0.003653501,0.000907907,1.475
2023-03-16,CTD8,4174178,693048,0.00502914,0.009082032,0.015144924,0.0036968836,0.0025761866,0.00065331167,0.9215
2023-03-16,CTD9,4171106,693183,0.0045810165,0.008859911,0.01822251,0.0063501047,0.0048192386,0.0013218395,1.0835
2023-03-16,CTD10,4170388,695646,0.005173156,0.009535354,0.015442691,0.0035821563,0.0024699236,0.00062353216,0.8130000000000001
2023-03-16,CTD11,4169609,700351,0.0051876097,0.009862649,0.018362194,0.004891591,0.003462061,0.00088139944,0.6875
2023-03-16,CTD12,4173438,695414,0.004606781,0.00833885,0.014593528,0.0037621912,0.002660886,0.00068232126,0.8095
2023-04-20,CTD1,4187246,695025,0.003444298,0.0055606347,0.009783608,0.0030933525,0.0022000163,0.0005731591,0.3555
2023-04-20,CTD2,4181518,693105,0.004063776,0.0066585136,0.009292982,0.0020754891,0.001404814,0.00035129968,0.4175
2023-04-20,CTD3,4181698,695238,0.0058013727,0.009808427,0.013639201,0.0027528128,0.0018884054,0.00047259545,0.526
2023-04-20,CTD4,4180266,698264,0.010861393,0.019299932,0.028097006,0.005013637,0.0033348256,0.000822587,0.524
2023-04-20,CTD5,4179450,700268,0.021485997,0.03659222,0.05850977,0.011162329,0.0073222797,0.0017216693,3.3885
2023-04-20,CTD6,4176009,695829,0.004863171,0.008299944,0.013751312,0.0034600578,0.00242757,0.00061400037,0.58
2023-04-20,CTD7,4176724,690397,0.026765335,0.042534724,0.061620124,0.009178456,0.0058103483,0.001384381,0.7184999999999999
2023-04-20,CTD8,4174178,693048,0.025416257,0.04248802,0.06944031,0.013454635,0.008726534,0.0020084167,2.278
2023-04-20,CTD9,4171106,693183,0.010406833,0.016143104,0.028969709,0.014186101,0.01105574,0.0029412142,0.875
2023-04-20,CTD10,4170388,695646,0.0045568114,0.007738395,0.011946101,0.0028895724,0.0019927947,0.00050072005,0.473
2023-04-20,CTD11,4169609,700351,0.009753096,0.01698995,0.02422891,0.0045295097,0.0030476737,0.0007509995,0.603
2023-04-20,CTD12,4173438,695414,0.0054257847,0.009257583,0.013692909,0.0029662645,0.0020289123,0.0005098664,0.595
2023-05-25,CTD1,4187246,695025,0.004824005,0.008653429,0.016601615,0.005210203,0.0038349645,0.0010169869,0.4565
2023-05-25,CTD2,4181518,693105,0.006436164,0.0114864,0.017253911,0.0038420693,0.0026528907,0.0006732374,0.4525
2023-05-25,CTD3,4181698,695238,0.005803158,0.010668993,0.017359247,0.0041523892,0.0028969257,0.00073948834,0.4625
2023-05-25,CTD4,4180266,698264,0.010489436,0.019584054,0.027931532,0.0051438906,0.003460766,0.0008570443,0.662
2023-05-25,CTD5,4179450,700268,0.012541642,0.02310647,0.034054648,0.006183425,0.004117096,0.0010145215,0.7335
2023-05-25,CTD6,4176009,695829,0.00593303,0.010707842,0.017487518,0.004297041,0.0030683463,0.0007793004,0.5425
2023-05-25,CTD7,4176724,690397,0.020094734,0.03454053,0.045900565,0.006627925,0.004239387,0.0010360817,1.063
2023-05-25,CTD8,4174178,693048,0.015774064,0.02863034,0.042526767,0.0071703857,0.004693599,0.0011395848,1.3675000000000002
2023-05-25,CTD9,4171106,693183,0.0076399064,0.013572008,0.028488854,0.012025046,0.009587835,0.0027465934,1.0875
2023-05-25,CTD10,4170388,695646,0.008043387,0.015116849,0.027115501,0.0063328245,0.004395791,0.0010981113,1.368
2023-05-25,CTD11,4169609,700351,0.00807921,0.015172758,0.027906777,0.0068955864,0.0048051286,0.0012050814,1.571
2023-05-25,CTD12,4173438,695414,0.010044273,0.019397756,0.03460369,0.007613326,0.005239453,0.0012972569,1.196
