Date,Buoy,Latitude,Longitude,rhow_B1,rhow_B2,rhow_B3,rhow_B4,rhow_B5,rhow_B6,rhow_B7,rhow_B8A,Chl
2016-08-09,CTD1,4187246,695025,0.013098494,0.018965585,0.030212449,0.01591575,0.013508647,0.00387983,0.0038615814,0.0015665847,6.78
2016-08-09,CTD2,4181518,693105,0.01270739,0.017064305,0.023961265,0.014242263,0.01079197,0.0032746764,0.0032418235,0.0013556092,4.53
2016-08-09,CTD3,4181698,695238,0.011541875,0.015768364,0.020898227,0.012727876,0.009139376,0.0026897688,0.0026538882,0.0011012839,3.76
2016-08-09,CTD4,4180266,698264,0.012232205,0.016163472,0.020794677,0.01361722,0.010675067,0.0029217137,0.0029570088,0.0012071619,3.23
2016-08-09,CTD5,4179450,700268,0.016155478,0.023619534,0.027844686,0.0052009933,0.003387407,0.0008297391,0.000832062,0.00032840646,0.12
2016-08-09,CTD6,4176009,695829,0.010644523,0.014724901,0.020898227,0.011229972,0.007957409,0.0022787794,0.0022850684,0.0009541616,4.93
2016-08-09,CTD7,4176724,690397,0.012703064,0.018026946,0.027963018,0.016160632,0.013199067,0.003946072,0.003917308,0.0016129757,5.84
2016-08-09,CTD8,4174178,693048,0.011359334,0.016675513,0.025548164,0.01222232,0.009286434,0.0026033532,0.002582983,0.0010510597,6.09
2016-08-09,CTD9,4171106,693183,0.014405838,0.021559559,0.035027616,0.02114661,0.017063655,0.004783324,0.004834198,0.0019697186,6.2
2016-08-09,CTD10,4170388,695646,0.012565436,0.01820481,0.02827469,0.014299517,0.011351404,0.0032746764,0.003244722,0.0013287661,3.72
2016-08-09,CTD11,4169609,700351,0.01116089,0.015435169,0.023145948,0.012433882,0.010211863,0.0029320875,0.0028306686,0.001186737,3.51
2016-08-09,CTD12,4173438,695414,0.010999541,0.015940357,0.024367059,0.011966222,0.008973673,0.0025331874,0.0024985042,0.0010363222,3.99
2016-09-08,CTD1,4187246,695025,0.010146526,0.015129556,0.025767073,0.013449271,0.012210772,0.0035099436,0.0034651596,0.0014217999,4.91
2016-09-08,CTD2,4181518,693105,0.010547873,0.01530492,0.024552185,0.01206272,0.009918031,0.0028425949,0.002794361,0.001149137,3.95
2016-09-08,CTD3,4181698,695238,0.009128611,0.013253756,0.020870565,0.010812058,0.008530963,0.0024188482,0.0024041184,0.0009896859,3.56
2016-09-08,CTD4,4180266,698264,0.009718888,0.013901131,0.021225946,0.011328729,0.009033256,0.0026183217,0.00258872,0.0010730765,2.59
2016-09-08,CTD5,4179450,700268,0.009525127,0.014472677,0.019486949,0.0042087287,0.003123996,0.0007247137,0.00072542427,0.000282075,0.04
2016-09-08,CTD6,4176009,695829,0.0090406,0.012874251,0.020344984,0.010364651,0.0084385425,0.002419911,0.002398809,0.000986441,4.13
2016-09-08,CTD7,4176724,690397,0.010555,0.015263475,0.025189945,0.01206272,0.010485715,0.0030004503,0.0029596468,0.0012198243,4.29
2016-09-08,CTD9,4171106,693183,0.011119379,0.017344128,0.03159077,0.01827355,0.016526125,0.0047599655,0.004746421,0.001934154,5.55
2016-09-08,CTD10,4170388,695646,0.011436639,0.017344128,0.030261425,0.016643178,0.014749165,0.00426226,0.0042157695,0.0017149195,4.42
2016-09-08,CTD11,4169609,700351,0.009037581,0.013849478,0.024072016,0.012442965,0.010180113,0.0028997955,0.0028610849,0.0011783335,3.03
2016-09-08,CTD12,4173438,695414,0.009586031,0.0141001735,0.023253107,0.012271508,0.010026733,0.002912668,0.0028828338,0.0011884252,3.69
2017-06-30,CTD1,4187246,695025,0.024394197,0.034095638,0.04435542,0.015341449,0.010575858,0.002680284,0.0027098996,0.0010635101,1.573
2017-06-30,CTD2,4181518,693105,0.017020332,0.02608586,0.033785585,0.009519299,0.006110232,0.0015387492,0.00160413,0.00063472905,1.4
2017-06-30,CTD3,4181698,695238,0.015079755,0.021501616,0.025623742,0.008034994,0.00536472,0.0014159458,0.0014263722,0.0005816775,0.5625
2017-06-30,CTD4,4180266,698264,0.016664527,0.025107265,0.030775042,0.010410039,0.0068541276,0.001836837,0.0018817511,0.0007695414,1.05
2017-06-30,CTD5,4179450,700268,0.020626802,0.030019749,0.034583442,0.006744917,0.0044312105,0.0010534027,0.0010831908,0.000419933,0.31
2017-06-30,CTD6,4176009,695829,0.015936594,0.023825804,0.03190806,0.010353335,0.006775112,0.0017992466,0.0018189955,0.00074243295,1.891
2017-06-30,CTD7,4176724,690397,0.020543283,0.032948535,0.047041103,0.015657349,0.009776184,0.0024114214,0.002465526,0.00099108,2.424
2017-06-30,CTD8,4174178,693048,0.017419102,0.02666311,0.03610259,0.011324596,0.0075657065,0.0019154222,0.0019282424,0.00077630655,2.19
2017-06-30,CTD9,4171106,693183,0.026677703,0.040241808,0.056699973,0.032212056,0.01999185,0.0052584573,0.0053639766,0.002122703,6.8325000000000005
2017-06-30,CTD10,4170388,695646,0.01617753,0.023360124,0.028008653,0.00886016,0.0057004816,0.0015309405,0.0015626939,0.0006338689,2.771
2017-06-30,CTD11,4169609,700351,0.012934424,0.018045267,0.026167257,0.0094470205,0.0080132615,0.002146342,0.0020917046,0.0008213121,0.3389999999999999
2017-06-30,CTD12,4173438,695414,0.017201006,0.026068546,0.034122396,0.011432539,0.0074897762,0.0019812465,0.0019968094,0.00080662535,2.6
2018-02-20,CTD1,4187246,695025,0.0016699096,0.0021029378,0.004177859,0.0016884753,0.003986707,0.00073382905,0.0006990311,0.00026861517,4.608
2018-02-20,CTD2,4181518,693105,0.0031536943,0.0046436256,0.008297136,0.0021317445,0.0026350652,0.0004880023,0.0004968228,0.00018967937,11.922
2018-02-20,CTD3,4181698,695238,0.0084358305,0.013580363,0.022005292,0.005879846,0.0045833304,0.0010336074,0.0010134449,0.00039777008,14.4975
2018-02-20,CTD4,4180266,698264,0.008826055,0.013830744,0.022865009,0.006017147,0.004637051,0.0010453482,0.0010380787,0.00039980537,2.304
2018-02-20,CTD5,4179450,700268,0.01975226,0.030078756,0.033280537,0.00419338,0.0027360693,0.0007302218,0.000676592,0.00026671123,0.63
2018-02-20,CTD6,4176009,695829,0.009107281,0.014340931,0.024127575,0.006652376,0.0053769965,0.0012248344,0.0012151455,0.00047091066,4.389
2018-02-20,CTD7,4176724,690397,0.008950523,0.0147149265,0.025439363,0.0067977416,0.005301768,0.0012117652,0.0011901265,0.00046947622,3.357
2018-02-20,CTD8,4174178,693048,0.011278751,0.01829748,0.030606268,0.008417124,0.0061479285,0.0014424005,0.0014251618,0.00055850873,12.914
2018-02-20,CTD9,4171106,693183,0.01783302,0.028268825,0.048403423,0.025891595,0.019969359,0.005431669,0.0053377417,0.0021216855,11.009
2018-02-20,CTD10,4170388,695646,0.011378609,0.017628476,0.029755581,0.009721933,0.007892752,0.0019253937,0.0019106651,0.000747221,4.2515
2018-02-20,CTD11,4169609,700351,0.0098603545,0.016207367,0.028063506,0.009183535,0.007034086,0.001707415,0.0016935732,0.0006632473,1.425
2018-02-20,CTD12,4173438,695414,0.008902882,0.0143749695,0.02504963,0.0069911946,0.0057973224,0.0013369784,0.0013168664,0.0005068762,4.0105
2018-03-07,CTD1,4187246,695025,0.023949783,0.035788976,0.051932547,0.018465992,0.013409871,0.0034235693,0.0034143843,0.0013427575,3.7565
2018-03-07,CTD2,4181518,693105,0.01216997,0.018844109,0.030487638,0.008435361,0.00689933,0.0016021394,0.0015958844,0.00061388407,4.365
2018-03-07,CTD3,4181698,695238,0.014302999,0.021668604,0.034960672,0.011728366,0.009852606,0.0024252334,0.0024115725,0.0009417427,5.4485
2018-03-07,CTD4,4180266,698264,0.01589317,0.025232967,0.04043918,0.012456603,0.009465305,0.0022907862,0.0022760173,0.0008887843,4.6345
2018-03-07,CTD5,4179450,700268,0.013875303,0.02177817,0.028265478,0.004393758,0.002929231,0.0007244396,0.0006807001,0.00027042849,0.63
2018-03-07,CTD6,4176009,695829,0.011078031,0.017139647,0.027286666,0.0075757555,0.0062216674,0.0014472692,0.001461353,0.00055380265,3.165
2018-03-07,CTD7,4176724,690397,0.012612572,0.019610908,0.030804913,0.008216294,0.0064336425,0.0014576761,0.0014625975,0.00055503676,3.5495
2018-03-07,CTD8,4174178,693048,0.011977085,0.018952763,0.030418629,0.007940242,0.006164498,0.0013877007,0.0013805814,0.0005225405,3.1535
2018-03-07,CTD9,4171106,693183,0.019347988,0.028700141,0.04267583,0.019625884,0.013926827,0.0037190781,0.0036908577,0.0014764395,1.3235
2018-03-07,CTD10,4170388,695646,0.011581107,0.017509446,0.02791745,0.007412215,0.00603789,0.0013842144,0.0013899605,0.000532814,1.325
2018-03-07,CTD11,4169609,700351,0.01187578,0.018978415,0.031024763,0.008943911,0.0067672627,0.001598052,0.0015979415,0.00061749044,1.287
2018-03-07,CTD12,4173438,695414,0.010197941,0.01577371,0.0252065,0.0068974006,0.005781799,0.0013083055,0.0013069356,0.0005011118,1.3755
2018-05-16,CTD1,4187246,695025,0.02253169,0.032566637,0.04266261,0.015015316,0.009948969,0.0025556025,0.002565852,0.0010084464,0.0
2018-05-16,CTD2,4181518,693105,0.0153339775,0.022529647,0.029171988,0.00780455,0.0052396124,0.0012739595,0.0012998154,0.00052115694,2.228
2018-05-16,CTD3,4181698,695238,0.012820391,0.018888775,0.025506265,0.0071446793,0.00504825,0.0012504178,0.0012797867,0.0005086649,2.203
2018-05-16,CTD4,4180266,698264,0.013720024,0.02014101,0.025902659,0.006744917,0.0045919484,0.0011440555,0.0011676217,0.0004635864,5.975499999999999
2018-05-16,CTD5,4179450,700268,0.017425032,0.02608586,0.03274009,0.0065081194,0.004637051,0.0010649717,0.0010921208,0.00042592286,0.43
2018-05-16,CTD6,4176009,695829,0.01461874,0.0213574,0.024641193,0.0061364532,0.0039778687,0.001004512,0.0010414715,0.00041545977,25.5055
2018-05-16,CTD7,4176724,690397,0.0240622,0.037744574,0.05332707,0.015991163,0.010144512,0.0024867845,0.002465526,0.0009832076,3.6275
2018-05-16,CTD8,4174178,693048,0.017247936,0.02618127,0.034002546,0.00795738,0.0055330354,0.0012797898,0.0013369817,0.0005290521,3.9945
2018-05-16,CTD9,4171106,693183,0.027949842,0.041781288,0.062328845,0.037385028,0.026179338,0.0068921675,0.0070295036,0.0027461555,2.0275
2018-05-16,CTD10,4170388,695646,0.014391102,0.021814808,0.028945254,0.00813974,0.005539377,0.0013865374,0.0014053527,0.0005612538,3.3760000000000003
2018-05-16,CTD11,4169609,700351,0.014966986,0.021998877,0.0325931,0.009860705,0.007801317,0.0018535497,0.0018142625,0.0007186604,1.4015
2018-05-16,CTD12,4173438,695414,0.016500615,0.024528237,0.030695515,0.0075378804,0.005180211,0.0012535282,0.0012851657,0.00051407394,10.82
2018-06-20,CTD1,4187246,695025,0.014718838,0.022058086,0.027447598,0.009277225,0.0058106636,0.0015650968,0.001612422,0.00066204375,4.4145
2018-06-20,CTD2,4181518,693105,0.016056616,0.02329764,0.027304504,0.0068219025,0.0044146553,0.0011204681,0.0011671379,0.00046257945,28.912
2018-06-20,CTD3,4181698,695238,0.015806673,0.021976711,0.023507575,0.0062232832,0.0038295249,0.0010445045,0.0010686379,0.0004340628,21.0295
2018-06-20,CTD4,4180266,698264,0.015683148,0.021807475,0.024787502,0.006829169,0.0045082537,0.0011939295,0.0012065731,0.0004885182,4.979
2018-06-20,CTD5,4179450,700268,0.01967877,0.02876629,0.03283489,0.0064737387,0.0045919484,0.0010867835,0.0011102336,0.00043368895,0.32
2018-06-20,CTD6,4176009,695829,0.017436901,0.024874158,0.028459515,0.00748145,0.004914352,0.0012692114,0.0013003616,0.0005248556,1.5405
2018-06-20,CTD7,4176724,690397,0.0156885,0.021917706,0.025809372,0.0077044144,0.0048552724,0.0013072166,0.0013263229,0.00054573413,5.3735
2018-06-20,CTD8,4174178,693048,0.017899882,0.027036473,0.03304644,0.008257834,0.0053504347,0.0013083055,0.0013753367,0.000543798,16.588
2018-06-20,CTD9,4171106,693183,0.028236667,0.040355623,0.052979656,0.029188504,0.017338423,0.0045344997,0.0046456447,0.0018462652,1.5205000000000002
2018-06-20,CTD10,4170388,695646,0.016670208,0.024146413,0.028440982,0.008901931,0.005737691,0.0015103308,0.0015540157,0.0006324382,2.0345
2018-06-20,CTD11,4169609,700351,0.009432971,0.012603408,0.018857572,0.006462323,0.0058463993,0.0014570616,0.0014300104,0.0005688173,0.46
2018-06-20,CTD12,4173438,695414,0.016523128,0.024227189,0.028440982,0.008014794,0.005107951,0.0013465044,0.0013829196,0.0005627575,3.8065
2018-07-10,CTD1,4187246,695025,0.015224507,0.02177085,0.028008653,0.010702281,0.007199415,0.0020002492,0.001985492,0.00083049346,1.5215
2018-07-10,CTD2,4181518,693105,0.018708646,0.026689623,0.03019288,0.008195609,0.005137113,0.0013425727,0.0013788308,0.00055975467,2.7445
2018-07-10,CTD3,4181698,695238,0.018437311,0.025249772,0.026477695,0.0076988917,0.004661538,0.0012861845,0.001300908,0.0005342325,4.146
2018-07-10,CTD4,4180266,698264,0.015597783,0.021335848,0.024127575,0.008548754,0.0052535785,0.0015584636,0.0015361604,0.0006486683,16.212
2018-07-10,CTD5,4179450,700268,0.015518172,0.022795705,0.02771777,0.0065589095,0.004598856,0.001119098,0.0011361686,0.00045284227,0.24
2018-07-10,CTD6,4176009,695829,0.014583868,0.020243205,0.024738641,0.008411054,0.0056462297,0.001561113,0.0015328786,0.0006335825,1.4015
2018-07-10,CTD7,4176724,690397,0.015592463,0.021595849,0.025439363,0.0078410525,0.005142967,0.001401744,0.001413719,0.00058664917,2.767
2018-07-10,CTD8,4174178,693048,0.01873408,0.02781579,0.035737325,0.011775552,0.007603969,0.0019438205,0.0019802914,0.0008088662,0.995
2018-07-10,CTD9,4171106,693183,0.02456586,0.034860697,0.046741042,0.025164863,0.016500924,0.004498296,0.0045125266,0.0018008158,0.335
2018-07-10,CTD10,4170388,695646,0.012837867,0.017935617,0.023283811,0.007920297,0.0053769965,0.0015071384,0.0014928193,0.0006169341,0.635
2018-07-10,CTD11,4169609,700351,0.012488696,0.01700657,0.021788072,0.007564913,0.005418139,0.0014944428,0.0014713419,0.0006075607,0.4085
2018-07-10,CTD12,4173438,695414,0.0138469385,0.020277381,0.025640566,0.007877739,0.0053361906,0.001416541,0.0014239525,0.0005840266,0.67
2018-08-29,CTD1,4187246,695025,0.00967655,0.014062038,0.022416372,0.0068925023,0.006014748,0.0014656902,0.0014682123,0.0005770108,0.978
2018-08-29,CTD2,4181518,693105,0.010921636,0.015848752,0.020453118,0.0046272697,0.003298046,0.00080816424,0.0008155608,0.0003197606,1.8095
2018-08-29,CTD3,4181698,695238,0.011198767,0.01612516,0.020371964,0.004783388,0.0033739493,0.00082172867,0.00083534344,0.00032611878,1.589
2018-08-29,CTD4,4180266,698264,0.008520254,0.011802159,0.01522303,0.0043137227,0.003092903,0.0007857408,0.0007926086,0.0003148312,0.659
2018-08-29,CTD5,4179450,700268,0.013224068,0.020005519,0.025148598,0.004910336,0.0033291308,0.0007954779,0.0008139639,0.00031819413,0.5
2018-08-29,CTD6,4176009,695829,0.010612203,0.015816547,0.021240002,0.0055981297,0.003877794,0.00095366134,0.0009603422,0.00038320644,0.5875
2018-08-29,CTD7,4176724,690397,0.011851599,0.017192,0.02392971,0.007001148,0.005416074,0.0013258677,0.001345464,0.00052532007,2.247
2018-08-29,CTD8,4174178,693048,0.013585023,0.019877614,0.028045211,0.008582776,0.006193013,0.0015420157,0.001538133,0.0006144374,1.4435
2018-08-29,CTD9,4171106,693183,0.017413171,0.026338082,0.039315294,0.019938849,0.013713575,0.0037306903,0.003749143,0.0015006149,1.285
2018-08-29,CTD10,4170388,695646,0.010487496,0.015144947,0.021366911,0.0062826644,0.0045850524,0.001160095,0.0011546368,0.00046217736,0.7505
2018-08-29,CTD11,4169609,700351,0.010903173,0.015784409,0.02175207,0.0070712585,0.004877336,0.0012576889,0.001282473,0.00051407394,0.825
2018-08-29,CTD12,4173438,695414,0.012026029,0.018112598,0.02626175,0.007478774,0.005279622,0.0012702649,0.0012765715,0.0005066531,0.406
2018-10-03,CTD1,4187246,695025,0.013076198,0.018477952,0.026004786,0.0080234455,0.0062600914,0.0015551585,0.0015473762,0.0006161006,1.0225
2018-10-03,CTD2,4181518,693105,0.015007895,0.020643054,0.024983855,0.005613701,0.004023771,0.0009529027,0.0009507231,0.0003686395,17.9125
2018-10-03,CTD3,4181698,695238,0.0121410405,0.017509446,0.020801565,0.003846702,0.002633237,0.00064496946,0.00063688104,0.00024758198,2.5005
2018-10-03,CTD4,4180266,698264,0.009870307,0.013005342,0.0151527105,0.004205933,0.0038323454,0.00093750475,0.00091664074,0.00035664492,0.305
2018-10-03,CTD5,4179450,700268,0.02066868,0.029551383,0.032887664,0.0056391084,0.003741865,0.0009304676,0.0009035511,0.0003517703,0.2
2018-10-03,CTD6,4176009,695829,0.015742106,0.022341395,0.027790228,0.0068534524,0.004677355,0.0011356665,0.0011263632,0.00044028505,2.6185
2018-10-03,CTD7,4176724,690397,0.009348035,0.01357577,0.018218156,0.0036577438,0.0026766032,0.00061717577,0.00061614637,0.00023663482,10.226
2018-10-03,CTD8,4174178,693048,0.02275233,0.03196985,0.041616015,0.01463713,0.009891039,0.0025432485,0.0025613036,0.0010103432,5.193
2018-10-03,CTD9,4171106,693183,0.024870997,0.033887524,0.046655595,0.023406465,0.018367074,0.0051133106,0.005116296,0.0020155797,2.6765
2018-10-03,CTD10,4170388,695646,0.016360583,0.022147184,0.027862862,0.008305581,0.0057289125,0.0014737534,0.0014688376,0.0005837651,0.8424999999999999
2018-10-03,CTD11,4169609,700351,0.012026029,0.017592683,0.022453433,0.0064033186,0.0044930642,0.0011149992,0.0011038554,0.0004355619,0.565
2018-10-03,CTD12,4173438,695414,0.01622725,0.023897594,0.030814875,0.008365678,0.0056010853,0.001358377,0.0013528639,0.0005330501,2.3595
2018-11-07,CTD1,4187246,695025,0.006666965,0.009515407,0.0153697645,0.0036791037,0.0034406073,0.0008047371,0.00080887857,0.00030326648,0.919
2018-11-07,CTD2,4181518,693105,0.009618254,0.014273099,0.018139767,0.0030326499,0.0021675727,0.0005181833,0.0004973472,0.00019218451,3.4095
2018-11-07,CTD3,4181698,695238,0.007698556,0.0113816075,0.014786566,0.0026220363,0.0019164402,0.00044794465,0.00043601333,0.00017046175,0.514
2018-11-07,CTD4,4180266,698264,0.009298094,0.012284556,0.016243525,0.003698217,0.0028527107,0.0007122342,0.0007033042,0.0002697868,1.002
2018-11-07,CTD5,4179450,700268,0.018823363,0.02784334,0.028860645,0.003777107,0.002499471,0.0006523976,0.00060664857,0.000235546,0.29
2018-11-07,CTD6,4176009,695829,0.011940512,0.01785683,0.023616333,0.004749427,0.0034531164,0.00079855014,0.0007746155,0.00030363552,1.625
2018-11-07,CTD7,4176724,690397,0.0049791527,0.0072539183,0.009729435,0.0017331454,0.0014031454,0.00031622464,0.00031304482,0.00011956567,8.008000000000001
2018-11-07,CTD8,4174178,693048,0.017621882,0.025015447,0.03228011,0.008774062,0.005689587,0.0014231069,0.0013994103,0.00055478973,3.785
2018-11-07,CTD9,4171106,693183,0.019940509,0.02726096,0.0362289,0.017913762,0.011560561,0.0031310082,0.0031057529,0.0012491203,4.5305
2018-11-07,CTD10,4170388,695646,0.00638807,0.009334594,0.012687794,0.0025826124,0.0018887983,0.00045754947,0.00044439622,0.00017319822,8.826500000000001
2018-11-07,CTD11,4169609,700351,0.007708679,0.011427543,0.01522303,0.0038067466,0.0027552736,0.0006710555,0.0006584723,0.00026078912,12.8805
2018-11-07,CTD12,4173438,695414,0.00997713,0.015519114,0.019268489,0.0030676434,0.0021058428,0.0005151144,0.0004902403,0.00019176409,2.25
2019-03-12,CTD1,4187246,695025,0.01306284,0.017616538,0.025214782,0.008514876,0.006979858,0.0017406793,0.0017403191,0.0006806623,0.3705
2019-03-12,CTD2,4181518,693105,0.016641824,0.024049811,0.025397634,0.0038795362,0.002499471,0.0006350701,0.0006109228,0.00023736416,0.36
2019-03-12,CTD3,4181698,695238,0.017425032,0.024536422,0.028487334,0.006095682,0.0040838774,0.001005722,0.0009890803,0.0003866248,0.142
2019-03-12,CTD4,4180266,698264,0.008631395,0.011802159,0.0141281085,0.0028251533,0.002125471,0.00049614685,0.0004976972,0.00019218451,0.1815
2019-03-12,CTD5,4179450,700268,0.02760178,0.040128257,0.0420451,0.005381459,0.003294481,0.0008951371,0.0008213403,0.00032504875,0.5
2019-03-12,CTD6,4176009,695829,0.015661763,0.022772785,0.025623742,0.0040837233,0.002717023,0.00068062823,0.0006501205,0.00025185893,0.067
2019-03-12,CTD7,4176724,690397,0.010235822,0.014507035,0.017688202,0.0035101078,0.0026222991,0.00060957024,0.0006134142,0.00023672584,0.3585
2019-03-12,CTD8,4174178,693048,0.010822326,0.015566534,0.01991802,0.0041961656,0.0030873886,0.0007222514,0.0007174101,0.00027661747,0.7464999999999999
2019-03-12,CTD9,4171106,693183,0.02906512,0.03831092,0.053533196,0.032476593,0.024533981,0.0066949893,0.0065997457,0.0025647813,0.54
2019-03-12,CTD10,4170388,695646,0.009499608,0.013438735,0.017876944,0.0042241435,0.0032897342,0.0007649325,0.0007588644,0.00029659484,0.2405
2019-03-12,CTD11,4169609,700351,0.009445624,0.013672549,0.019090401,0.0046023466,0.0035215688,0.0008278082,0.0008330448,0.00032107302,0.879
2019-03-12,CTD12,4173438,695414,0.019302104,0.028046109,0.03184643,0.005375887,0.0034934955,0.0008825551,0.000846949,0.00032881214,0.2804999999999999
2019-06-25,CTD1,4187246,695025,0.014191212,0.019978525,0.025472794,0.009990624,0.0067987163,0.001946348,0.0019232027,0.00079258817,0.926
2019-06-25,CTD2,4181518,693105,0.0136593385,0.01918486,0.022453433,0.007236977,0.0046475283,0.0013088504,0.0012927386,0.0005349433,1.6955
2019-06-25,CTD3,4181698,695238,0.01429812,0.019386925,0.023850996,0.008863366,0.0058621075,0.0017258087,0.0016928422,0.0007008169,1.93
2019-06-25,CTD4,4180266,698264,0.01510035,0.020483598,0.021317469,0.007891898,0.004691464,0.0014357357,0.0014209341,0.0005956644,1.26
2019-06-25,CTD5,4179450,700268,0.018913055,0.02776077,0.03165196,0.007327953,0.0047269403,0.0011880505,0.0012030632,0.00048383547,0.53
2019-06-25,CTD6,4176009,695829,0.014956776,0.020359628,0.024552185,0.009875053,0.006131406,0.0018038994,0.0017753348,0.0007370018,1.682
2019-06-25,CTD7,4176724,690397,0.014648698,0.020202268,0.02346885,0.0078241825,0.005107951,0.0014515443,0.0014294034,0.00058664917,2.176
2019-06-25,CTD8,4174178,693048,0.014829738,0.020318463,0.024231076,0.008837753,0.005577592,0.0016220583,0.0015951995,0.0006617433,1.7
2019-06-25,CTD9,4171106,693183,0.024094407,0.034062706,0.046032883,0.024935478,0.016077902,0.0044247746,0.0044384394,0.0017725601,2.038
2019-06-25,CTD10,4170388,695646,0.015544664,0.021910341,0.027064597,0.009849957,0.006216882,0.0017761772,0.0017714921,0.00072228845,1.5185
2019-06-25,CTD11,4169609,700351,0.01284224,0.016880238,0.021932652,0.009641047,0.0074146315,0.0021323476,0.0020187683,0.0008293398,1.2685
2019-06-25,CTD12,4173438,695414,0.014723861,0.020270541,0.024167333,0.008802663,0.0056722015,0.0016684111,0.0016432297,0.000678188,1.5990000000000002
2019-07-10,CTD1,4187246,695025,0.015914867,0.022058086,0.028145969,0.010601368,0.0073090354,0.0020212033,0.0019776968,0.0008122402,14.757
2019-07-10,CTD2,4181518,693105,0.017002946,0.023619534,0.02697624,0.007810154,0.004972333,0.0013521435,0.0013649134,0.00055478973,0.93
2019-07-10,CTD3,4181698,695238,0.017514244,0.023921568,0.026774032,0.009153632,0.005385198,0.0015597877,0.0015808879,0.0006522057,1.83
2019-07-10,CTD4,4180266,698264,0.01850636,0.025132358,0.028487334,0.009426475,0.0060332543,0.0016892351,0.0016906515,0.0006906589,12.941
2019-07-10,CTD6,4176009,695829,0.016807113,0.023454146,0.02827469,0.00936172,0.005977917,0.0016499799,0.0016567311,0.00068252446,11.762
2019-07-10,CTD7,4176724,690397,0.014713816,0.020789681,0.024455432,0.0069614258,0.004588499,0.0012052899,0.0012490825,0.0005050946,0.0
2019-07-10,CTD8,4174178,693048,0.017857306,0.02634682,0.033591364,0.010144439,0.0065135118,0.0016964816,0.0017343061,0.00070434646,0.0
2019-07-10,CTD9,4171106,693183,0.023394905,0.03407368,0.047819868,0.025593296,0.016914893,0.00459139,0.004573492,0.0018207777,0.0
2019-07-10,CTD10,4170388,695646,0.015115814,0.0218662,0.027465533,0.00859208,0.0055882577,0.0015186663,0.001551356,0.00063072605,0.784
2019-07-10,CTD11,4169609,700351,0.014519326,0.02010027,0.027064597,0.009127137,0.006939472,0.0018360452,0.0017630695,0.0007098395,18.54
2019-07-10,CTD12,4173438,695414,0.017107522,0.024017692,0.027340213,0.009077676,0.005637601,0.0015932977,0.00160413,0.00066204375,0.0
2019-07-30,CTD1,4187246,695025,0.013813921,0.01713384,0.02196168,0.008717153,0.0093371915,0.0026625935,0.0025308218,0.001037786,1.046
2019-07-30,CTD2,4181518,693105,0.022882598,0.031454246,0.036321003,0.012160002,0.007501406,0.0020791444,0.0020917046,0.00085195445,1.287
2019-07-30,CTD3,4181698,695238,0.014668704,0.01901053,0.02518167,0.008326562,0.0075072283,0.0021129183,0.0020038085,0.000825889,0.714
2019-07-30,CTD4,4180266,698264,0.0,0.0,0.0,0.0,0.0,0.0,0.0,0.0,0.975
2019-07-30,CTD5,4179450,700268,0.013668657,0.01742069,0.020351725,0.006102099,0.0049949773,0.0013269741,0.0013296785,0.0005297552,0.48
2019-07-30,CTD6,4176009,695829,0.022798227,0.03209469,0.039290626,0.014599827,0.009061432,0.0024671718,0.0024720852,0.0010008974,1.0745
2019-07-30,CTD7,4176724,690397,0.019413717,0.02713504,0.03169281,0.009799964,0.006384248,0.0017184254,0.0017328064,0.0007098395,1.862
2019-07-30,CTD8,4174178,693048,0.026475176,0.03787649,0.04702678,0.01628443,0.010259669,0.0026957146,0.0027026813,0.0010771317,2.6155
2019-07-30,CTD9,4171106,693183,0.02579003,0.036307286,0.048697345,0.025991712,0.016850587,0.004530463,0.004629054,0.0018330375,4.957000000000001
2019-07-30,CTD10,4170388,695646,0.018740444,0.026671944,0.031054853,0.010034323,0.0063376925,0.0017008458,0.0017343061,0.0007072487,5.69
2019-07-30,CTD11,4169609,700351,0.016078534,0.020622188,0.025239645,0.008707706,0.006216882,0.0017324833,0.0016972328,0.00070113695,6.1535
2019-07-30,CTD12,4173438,695414,0.021313747,0.029473957,0.03477161,0.011407536,0.007152166,0.0019505682,0.0019673544,0.00079588866,1.7175
2019-08-14,CTD1,4187246,695025,0.014147709,0.020407753,0.028450247,0.010248338,0.0077169584,0.0020080796,0.0020073177,0.0008021637,3.2215
2019-08-14,CTD2,4181518,693105,0.016155478,0.023149861,0.032321688,0.01208035,0.008641208,0.002243158,0.0022293625,0.0008979424,4.233499999999999
2019-08-14,CTD3,4181698,695238,0.012969719,0.01849672,0.025783986,0.009077676,0.0064361226,0.001717689,0.001710479,0.0006772627,4.398
2019-08-14,CTD4,4180266,698264,0.015074611,0.021249842,0.029381251,0.011023013,0.008247116,0.0021604348,0.0021636453,0.00086672744,3.4705
2019-08-14,CTD5,4179450,700268,0.018399753,0.026094519,0.03177466,0.008332567,0.005624684,0.0014147563,0.0014023781,0.00055330986,0.87
2019-08-14,CTD6,4176009,695829,0.015105503,0.022132311,0.031928632,0.011922616,0.008497839,0.0022207093,0.0022215224,0.00089085684,3.956
2019-08-14,CTD7,4176724,690397,0.019552443,0.029146906,0.039986398,0.012289444,0.008256742,0.0020548634,0.0020445646,0.000807745,3.2140000000000004
2019-08-14,CTD8,4174178,693048,0.018759549,0.030754702,0.04712712,0.01562889,0.010299678,0.0025076647,0.0024633438,0.0009818252,3.661
2019-08-14,CTD9,4171106,693183,0.018880975,0.027378356,0.041422196,0.020943232,0.016400471,0.004478307,0.004478336,0.0017930649,4.573499999999999
2019-08-14,CTD10,4170388,695646,0.013663997,0.02031161,0.028219458,0.010278225,0.007047712,0.0018360452,0.0018516962,0.00074687786,3.2555
2019-08-14,CTD11,4169609,700351,0.012228046,0.01776033,0.026038911,0.0095435195,0.0076453974,0.0020098242,0.0019630622,0.00078241434,2.9885
2019-08-14,CTD12,4173438,695414,0.014534195,0.021822143,0.030477772,0.011091564,0.007498497,0.001957341,0.0019630622,0.00078893825,3.2865
2019-09-18,CTD1,4187246,695025,0.016040197,0.021465475,0.037596263,0.020365795,0.02980708,0.008708031,0.008743267,0.0032703795,12.029
2019-09-18,CTD2,4181518,693105,0.016551314,0.022476787,0.03933998,0.020845953,0.027469682,0.008032589,0.007972554,0.0030396134,22.7605
2019-09-18,CTD3,4181698,695238,0.011149553,0.0163564,0.02718875,0.016929472,0.014568781,0.004031371,0.004176322,0.0016783542,21.514
2019-09-18,CTD4,4180266,698264,0.010047906,0.013240325,0.023992859,0.012667601,0.020423505,0.0057462943,0.00566092,0.0021482974,4.1015
2019-09-18,CTD5,4179450,700268,0.0,0.0,0.0,0.0,0.0,0.0,0.0,0.0,0.94
2019-09-18,CTD6,4176009,695829,0.011119379,0.0143263675,0.024934629,0.01290571,0.019723464,0.0058386386,0.005754846,0.002167954,12.935
2019-09-18,CTD7,4176724,690397,0.012535535,0.016529191,0.02895467,0.015504261,0.023736684,0.007129156,0.007088552,0.0026711316,13.7375
2019-09-18,CTD8,4174178,693048,0.010980939,0.014575998,0.025953677,0.013622191,0.020484751,0.0057718027,0.0058036596,0.002191988,12.3505
2019-09-18,CTD9,4171106,693183,0.015198557,0.0205944,0.03636713,0.019527266,0.026160335,0.0075897826,0.0075250166,0.0028707457,13.021
2019-09-18,CTD10,4170388,695646,0.012886053,0.01690887,0.02927645,0.015397402,0.021736508,0.00659261,0.006475462,0.0024886404,8.2695
2019-09-18,CTD11,4169609,700351,0.013561883,0.018359518,0.031682596,0.015869513,0.018816609,0.005555956,0.0054313205,0.0021411001,3.515
2019-09-18,CTD12,4173438,695414,0.012733376,0.017238667,0.02903953,0.014906301,0.017947737,0.0055584204,0.0057165883,0.002246227,10.312
2019-09-28,CTD1,4187246,695025,0.030239126,0.043033954,0.06291925,0.031140128,0.02384167,0.006514651,0.006469736,0.0025005767,0.0
2019-09-28,CTD2,4181518,693105,0.0112443995,0.013120073,0.01608822,0.006331513,0.005315913,0.0014950748,0.001512057,0.00061030104,0.29
2019-09-28,CTD3,4181698,695238,0.0133827645,0.016467672,0.020918997,0.009704289,0.008810998,0.0026275776,0.0025761165,0.0010510597,0.679
2019-09-28,CTD4,4180266,698264,0.013780983,0.016103307,0.01898937,0.008657505,0.006635274,0.0019179098,0.0019098324,0.00078494445,1.787
2019-09-28,CTD6,4176009,695829,0.013771587,0.01645651,0.01913477,0.008386821,0.006528603,0.0018376291,0.0018525016,0.00075169717,18.145
2019-09-28,CTD7,4176724,690397,0.015054052,0.018824998,0.024064088,0.010334505,0.009026226,0.0025421286,0.0025624398,0.0010208429,0.0
2019-09-28,CTD8,4174178,693048,0.019171577,0.023611633,0.030114714,0.013444363,0.011439952,0.00334679,0.0033478565,0.0013281337,11.601
2019-09-28,CTD9,4171106,693183,0.020178216,0.027450828,0.04060375,0.02593706,0.0221193,0.0065984195,0.006675988,0.0026813599,25.575
2019-09-28,CTD10,4170388,695646,0.012612572,0.015741657,0.020190518,0.008551842,0.006678968,0.0018891027,0.0019073366,0.0007755914,62.161
2019-09-28,CTD11,4169609,700351,0.011912147,0.015341278,0.02096754,0.00933798,0.007687058,0.00212585,0.0021789211,0.00087238883,5.411
2019-09-28,CTD12,4173438,695414,0.017348075,0.020209085,0.024584517,0.011189083,0.009253951,0.002738931,0.0027183462,0.001097133,30.052
2019-10-03,CTD1,4187246,695025,0.024705634,0.039340813,0.071618296,0.04284494,0.041915886,0.011569944,0.01179504,0.004471932,33.7345
2019-10-03,CTD2,4181518,693105,0.0071408297,0.010246972,0.016061597,0.0066783354,0.005537262,0.0014564474,0.0014947308,0.00060674123,14.776
2019-10-03,CTD3,4181698,695238,0.005936995,0.008424637,0.013284468,0.005517176,0.0046300804,0.0011763908,0.0012227664,0.00048595766,16.2555
2019-10-03,CTD4,4180266,698264,0.00674702,0.009921517,0.016302833,0.0074175163,0.0060774484,0.0015899113,0.0015876853,0.000656062,15.53
2019-10-03,CTD5,4179450,700268,0.004296119,0.006348867,0.010208988,0.0028285908,0.0023932355,0.00056005863,0.0005716589,0.00022550445,1.2
2019-10-03,CTD6,4176009,695829,0.0066971276,0.009266997,0.015420701,0.0064897584,0.006538684,0.0017822975,0.0017668926,0.00070886675,4.9865
2019-10-03,CTD7,4176724,690397,0.0085628135,0.01261617,0.021487447,0.009193527,0.00812617,0.0021774764,0.0021655485,0.00088177616,7.361000000000001
2019-10-03,CTD8,4174178,693048,0.0059501645,0.008353369,0.013593886,0.0052009933,0.0047198213,0.0012243288,0.0012278769,0.00049023377,2.28
2019-10-03,CTD9,4171106,693183,0.0100750085,0.015093704,0.027537383,0.017096063,0.0160902,0.0046365843,0.0046581253,0.0019490494,8.847
2019-10-03,CTD10,4170388,695646,0.005765233,0.0077716457,0.012359711,0.005586483,0.005478398,0.0014669275,0.0014928193,0.0006078341,3.1125
2019-10-03,CTD11,4169609,700351,0.006768845,0.009690408,0.01516775,0.0062539955,0.0053463606,0.0013941176,0.0014354871,0.00057572196,2.596
2019-10-03,CTD12,4173438,695414,0.0047639874,0.006490164,0.009857971,0.0036084843,0.0031588443,0.0008025652,0.0008278187,0.0003265211,2.281
2019-11-27,CTD1,4187246,695025,0.013720024,0.018698072,0.026244545,0.0080234455,0.0067803496,0.0016605859,0.0016305496,0.00063415547,0.265
2019-11-27,CTD2,4181518,693105,0.01437638,0.020202268,0.03159077,0.013380714,0.012416016,0.0033378734,0.003275318,0.0012809752,4.604
2019-11-27,CTD3,4181698,695238,0.011775365,0.017168712,0.027600395,0.01163032,0.010081527,0.0027160333,0.0026597893,0.0010801835,3.8715
2019-11-27,CTD4,4180266,698264,0.013355422,0.01878048,0.028692104,0.011217689,0.009848771,0.0026102506,0.0025624398,0.0010103432,2.2655
2019-11-27,CTD5,4179450,700268,0.011928347,0.017953847,0.021106835,0.0030288966,0.0022390394,0.0005426236,0.0005123186,0.0001986332,0.36
2019-11-27,CTD6,4176009,695829,0.009751592,0.013938822,0.023921827,0.0132156545,0.012609925,0.0036713579,0.003577011,0.0014694055,4.327500000000001
2019-11-27,CTD7,4176724,690397,0.009395119,0.013447827,0.023383867,0.010915025,0.010303688,0.0028451122,0.0027831914,0.0011276047,2.3445
2019-11-27,CTD8,4174178,693048,0.009840483,0.014399334,0.024455432,0.011741215,0.0104165785,0.0029372885,0.0028738577,0.0011777756,1.912
2019-11-27,CTD9,4171106,693183,0.012934424,0.020086708,0.034594487,0.018227383,0.016633632,0.0047156834,0.0045939935,0.001852471,3.388
2019-11-27,CTD10,4170388,695646,0.013264691,0.019029824,0.031105058,0.015829163,0.014346224,0.004098381,0.0040366054,0.0016269307,3.7475
2019-11-27,CTD11,4169609,700351,0.01462872,0.023118861,0.039886367,0.018043812,0.0144459745,0.0038557076,0.0037575448,0.0015070819,4.1315
2019-11-27,CTD12,4173438,695414,0.01050167,0.015566534,0.027135476,0.012816486,0.011902118,0.0032630544,0.003225928,0.001305575,1.4429999999999998
2020-02-20,CTD1,4187246,695025,0.0083967475,0.011837938,0.018813841,0.005750047,0.005006341,0.0012112657,0.0012030632,0.00047462212,0.6205
2020-02-20,CTD2,4181518,693105,0.007355871,0.01085269,0.01607224,0.003495522,0.00272177,0.00061898225,0.0006260596,0.00023938413,3.216
2020-02-20,CTD3,4181698,695238,0.008152916,0.011543242,0.017426169,0.005446954,0.0042862482,0.0010810634,0.0010997773,0.00043089682,2.51
2020-02-20,CTD4,4180266,698264,0.00955713,0.013858855,0.020493815,0.0065496424,0.0051605725,0.001268159,0.0012765715,0.0004997921,1.869
2020-02-20,CTD5,4179450,700268,0.012315695,0.018691748,0.024479587,0.004862074,0.0033776134,0.0007991663,0.0007749164,0.00030167348,1.13
2020-02-20,CTD6,4176009,695829,0.0063860244,0.009010836,0.013647688,0.0040796776,0.0034468553,0.000833293,0.0008513078,0.00033441623,2.5095
2020-02-20,CTD7,4176724,690397,0.018537827,0.027907712,0.040960126,0.015794653,0.011444397,0.0030071097,0.0029941625,0.001186737,8.1415
2020-02-20,CTD8,4174178,693048,0.010246179,0.0148250265,0.022917908,0.0081456015,0.006526085,0.0016542133,0.0016538787,0.00065665744,4.211
2020-02-20,CTD9,4171106,693183,0.018157413,0.0264431,0.043167386,0.024777768,0.020339558,0.005715827,0.00567605,0.0022548551,4.6370000000000005
2020-02-20,CTD10,4170388,695646,0.009953657,0.015088589,0.023796044,0.007712706,0.005916306,0.0014497105,0.0014514391,0.0005716191,0.14
2020-02-20,CTD11,4169609,700351,0.007870088,0.011958025,0.019681739,0.0062386184,0.0050770426,0.001226859,0.0012232764,0.00048383547,0.07
2020-02-20,CTD12,4173438,695414,0.0071153203,0.010145099,0.015238142,0.0043238136,0.0035473134,0.0008486821,0.0008543409,0.00033276438,2.2735000000000003
2020-03-11,CTD1,4187246,695025,0.016772784,0.024211014,0.034506224,0.01226255,0.008644571,0.0022216805,0.0022313271,0.000886304,1.6685
2020-03-11,CTD2,4181518,693105,0.014307879,0.021249842,0.0322905,0.012783769,0.009587707,0.0025589825,0.002554497,0.0010198837,2.237
2020-03-11,CTD3,4181698,695238,0.011428884,0.016562846,0.024560265,0.0089212805,0.00686739,0.0017976986,0.0017931281,0.0007216273,2.904
2020-03-11,CTD4,4180266,698264,0.010562132,0.015902573,0.023850996,0.0071701887,0.0052038836,0.0012665823,0.0012675108,0.00049869536,4.616
2020-03-11,CTD5,4179450,700268,0.022967257,0.032314185,0.039711818,0.010406249,0.00673336,0.0016712666,0.0016396967,0.0006504344,1.11
2020-03-11,CTD6,4176009,695829,0.011612593,0.016806023,0.027447598,0.012347918,0.010986763,0.0031088493,0.0030062066,0.0012111759,8.868
2020-03-11,CTD7,4176724,690397,0.015608429,0.0245037,0.04075616,0.01744026,0.013122737,0.003511506,0.003460512,0.0013823541,6.882
2020-03-11,CTD8,4174178,693048,0.0095699625,0.014399334,0.02435904,0.010493782,0.009118051,0.0024889738,0.0024513775,0.0009841303,5.2575
2020-03-11,CTD9,4171106,693183,0.01617753,0.024610193,0.038182016,0.022509374,0.015731098,0.0041702185,0.004166984,0.0016888356,2.9795
2020-03-11,CTD10,4170388,695646,0.009973774,0.015393369,0.025256231,0.008999121,0.007107991,0.0017884406,0.0017853683,0.0007095151,3.6815
2020-03-11,CTD11,4169609,700351,0.011456051,0.017736284,0.029736279,0.013081243,0.010368048,0.0028287913,0.0027869095,0.0011276047,4.5785
2020-03-11,CTD12,4173438,695414,0.008852567,0.013525358,0.021423552,0.0076384246,0.0056289863,0.0014405794,0.0014269779,0.0005798577,3.2305
2020-12-21,CTD1,4187246,695025,0.01215343,0.015635287,0.023376156,0.007377858,0.007822555,0.0019675482,0.0019290837,0.0007349763,0.9935
2020-12-21,CTD2,4181518,693105,0.015844459,0.018112598,0.020157093,0.006572837,0.005598945,0.0015257591,0.0014644664,0.00057856174,1.0285
2020-12-21,CTD3,4181698,695238,0.010143109,0.012552494,0.013856012,0.0032926567,0.0024485884,0.0006115722,0.0006057534,0.00024236013,1.018
2020-12-21,CTD4,4180266,698264,0.017359892,0.021085918,0.024495702,0.007129421,0.0056765424,0.0014938111,0.001433659,0.0005713637,1.0455
2020-12-21,CTD5,4179450,700268,0.024418654,0.033953127,0.03836289,0.0064897584,0.0044064033,0.0011435876,0.0010607942,0.00041297878,0.46
2020-12-21,CTD6,4176009,695829,0.011351633,0.014423739,0.01686899,0.0043820087,0.003466936,0.0008951371,0.0008745411,0.0003556043,1.0405
2020-12-21,CTD7,4176724,690397,0.012103949,0.015832642,0.018187966,0.0047591017,0.003590262,0.00091368443,0.000906441,0.0003548632,1.048
2020-12-21,CTD8,4174178,693048,0.010392357,0.013173378,0.016613713,0.004847207,0.0041296156,0.0010645406,0.0010368096,0.00040650374,1.0375
2020-12-21,CTD9,4171106,693183,0.018225452,0.022696542,0.032771662,0.016296268,0.015000628,0.004181382,0.0039774,0.0015899879,0.915
2020-12-21,CTD10,4170388,695646,0.010892111,0.014870307,0.01938384,0.0048902985,0.0038993063,0.0009597557,0.00094538514,0.00037175053,1.008
2020-12-21,CTD11,4169609,700351,0.012690095,0.019797238,0.027555374,0.0063337437,0.0042655175,0.0010679949,0.0010233836,0.00040219512,1.2355
2020-12-21,CTD12,4173438,695414,0.012591124,0.015619394,0.018770212,0.005545935,0.0045370986,0.0011817187,0.0011489183,0.00044777084,1.0595
2021-01-05,CTD1,4187246,695025,0.0069015003,0.009918221,0.016802013,0.0044981516,0.0047376403,0.0010841391,0.0010457303,0.00040546482,0.408
2021-01-05,CTD2,4181518,693105,0.0041553797,0.0057526994,0.008097338,0.0017892792,0.001548256,0.0003416064,0.00033993434,0.00013091449,0.4605
2021-01-05,CTD3,4181698,695238,0.0070279893,0.010087858,0.013652181,0.003005571,0.0025375928,0.00058999006,0.00059535576,0.00022396773,0.847
2021-01-05,CTD4,4180266,698264,0.00824786,0.011660181,0.016465709,0.0037489624,0.003069819,0.00071789895,0.00069531775,0.0002725808,1.0275
2021-01-05,CTD5,4179450,700268,0.018925902,0.028823098,0.03181565,0.0039631,0.0026433112,0.00070635753,0.0006319127,0.00024825643,0.45
2021-01-05,CTD6,4176009,695829,0.007196846,0.01099898,0.014973427,0.0031886518,0.0026700909,0.0006005522,0.0005884019,0.0002290538,1.084
2021-01-05,CTD7,4176724,690397,0.0062827035,0.009236448,0.0129526965,0.0027269109,0.0022121838,0.00049717707,0.00049386424,0.00019127506,0.5185
2021-01-05,CTD8,4174178,693048,0.0068083336,0.00949967,0.013906322,0.0028441262,0.002339387,0.00054300786,0.0005354701,0.00020308454,0.8215
2021-01-05,CTD9,4171106,693183,0.012556885,0.017604606,0.027881047,0.013028811,0.011524697,0.0030446853,0.0029768532,0.001171101,0.929
2021-01-05,CTD10,4170388,695646,0.008212453,0.012234987,0.019191964,0.0045499015,0.003631147,0.0008278082,0.00081973005,0.00031728455,1.8865
2021-01-05,CTD11,4169609,700351,0.0023569586,0.0033833794,0.0057493118,0.0014854589,0.0012304479,0.00027218473,0.0002764356,0.00010700711,1.6745
2021-01-05,CTD12,4173438,695414,0.0062467,0.008802842,0.013301947,0.003162794,0.0028698475,0.0006572455,0.0006501205,0.00024758198,1.2815
2021-04-20,CTD1,4187246,695025,0.009735226,0.013379797,0.019428883,0.004781765,0.004160425,0.0009670517,0.0010011772,0.00037552425,0.8285
2021-04-20,CTD2,4181518,693105,0.009771271,0.013071406,0.014021377,0.0025297406,0.001640874,0.0004154356,0.00041704706,0.00016072651,0.828
2021-04-20,CTD3,4181698,695238,0.010277318,0.013316623,0.014713472,0.0032452412,0.002248835,0.0006027364,0.0006053064,0.00023910742,0.7285
2021-04-20,CTD4,4180266,698264,0.01541265,0.020339036,0.022572424,0.004942255,0.003552488,0.00086881814,0.0008752356,0.0003409797,0.7815
2021-04-20,CTD5,4179450,700268,0.03554739,0.047971047,0.046855167,0.006607798,0.004065741,0.001052977,0.00100321,0.00039273422,0.54
2021-04-20,CTD6,4176009,695829,0.008158308,0.010765914,0.012287151,0.0025628088,0.0017629043,0.0004396253,0.00044258253,0.00017215783,0.8440000000000001
2021-04-20,CTD7,4176724,690397,0.012755073,0.017899211,0.020318037,0.0037162448,0.0025693018,0.00062284275,0.0006330914,0.00024282922,1.257
2021-04-20,CTD8,4174178,693048,0.010119217,0.013826065,0.01650395,0.0033388122,0.0023601076,0.00057220913,0.00057794683,0.00022619162,1.1995
2021-04-20,CTD9,4171106,693183,0.023497052,0.030734632,0.042954247,0.020527152,0.016857008,0.004762084,0.004737941,0.001857807,2.481
2021-04-20,CTD10,4170388,695646,0.008808428,0.012177421,0.01461177,0.0024380644,0.001812294,0.00041598128,0.00042154518,0.00015934014,1.146
2021-04-20,CTD11,4169609,700351,0.01681857,0.02384971,0.026538456,0.004728543,0.0031554522,0.00076317973,0.0007653559,0.00029350218,0.9445
2021-04-20,CTD12,4173438,695414,0.008974448,0.012087532,0.014801229,0.0029055786,0.002193033,0.00052109285,0.0005284272,0.00020444437,0.9945
2021-05-20,CTD1,4187246,695025,0.013645373,0.01798427,0.02465741,0.0089212805,0.0077469787,0.0020945899,0.0020679915,0.0008156294,0.6895
2021-05-20,CTD2,4181518,693105,0.017754313,0.022795705,0.021622943,0.0065058214,0.003660483,0.0010801866,0.0010993253,0.00045619372,0.704
2021-05-20,CTD3,4181698,695238,0.01606757,0.02111434,0.020318037,0.0053592096,0.0031987315,0.0008905694,0.00088820077,0.00036448776,0.6950000000000001
2021-05-20,CTD4,4180266,698264,0.013889506,0.01903626,0.020684777,0.00509149,0.0035062244,0.00089548953,0.0009148096,0.00036479344,0.7025
2021-05-20,CTD5,4179450,700268,0.025979208,0.037804488,0.044697817,0.008786761,0.005844159,0.0013414518,0.0013899605,0.00054066826,0.63
2021-05-20,CTD6,4176009,695829,0.014723861,0.019243313,0.019662173,0.0052495184,0.0032720042,0.00090186234,0.00091079605,0.0003750501,0.71
2021-05-20,CTD7,4176724,690397,0.017693996,0.027596291,0.039823953,0.013587432,0.009250348,0.0023190633,0.0023360478,0.000935598,1.6015
2021-05-20,CTD8,4174178,693048,0.009936927,0.012926522,0.015740406,0.0046492065,0.0044981213,0.0012856502,0.0012506503,0.00051954796,0.8720000000000001
2021-05-20,CTD9,4171106,693183,0.025832916,0.036122274,0.049498104,0.025620287,0.017751465,0.0049105478,0.00485151,0.0019147767,1.1655
2021-05-20,CTD10,4170388,695646,0.0138280615,0.019049136,0.020534588,0.0056548086,0.0036685304,0.0010162801,0.0010279762,0.0004231881,0.812
2021-05-20,CTD11,4169609,700351,0.012228046,0.017314771,0.02386672,0.0062716207,0.0050158324,0.0011993474,0.0011861777,0.0004666223,0.8085
2021-05-20,CTD12,4173438,695414,0.016205134,0.02200627,0.024207152,0.0068461574,0.0043006656,0.00116869,0.0011788134,0.00047774045,0.7825
2021-06-14,CTD1,4187246,695025,0.005466153,0.007924241,0.012788023,0.0033696683,0.0031804256,0.00073913985,0.0007315756,0.0002854804,0.571
2021-06-14,CTD2,4181518,693105,0.010280784,0.014024006,0.013201774,0.0022272177,0.0014974755,0.00038521417,0.00037839197,0.00015300332,0.4525
2021-06-14,CTD3,4181698,695238,0.011506684,0.01611423,0.017829569,0.00427791,0.0027814528,0.0007559283,0.0007524383,0.00030923588,0.5499999999999999
2021-06-14,CTD4,4180266,698264,0.01256116,0.01791134,0.019461121,0.005383318,0.0033423835,0.00094685896,0.0009450052,0.00039057498,3.974
2021-06-14,CTD5,4179450,700268,0.01402279,0.021436604,0.027492458,0.006342674,0.0043491144,0.0010386205,0.001084525,0.00042978575,0.85
2021-06-14,CTD6,4176009,695829,0.0106733395,0.014910675,0.016286636,0.004068913,0.002633237,0.00072170567,0.0007190595,0.00029302982,0.401
2021-06-14,CTD7,4176724,690397,0.010822326,0.017262049,0.02332994,0.004671264,0.003451863,0.0008038054,0.0008261935,0.0003259848,0.944
2021-06-14,CTD8,4174178,693048,0.009028533,0.013102354,0.015897537,0.003554311,0.002598785,0.0006560294,0.00065231865,0.0002620225,0.4815
2021-06-14,CTD9,4171106,693183,0.009886917,0.01583801,0.026434375,0.009031765,0.0071355673,0.001796152,0.0017554505,0.0007008169,1.271
2021-06-14,CTD10,4170388,695646,0.008405106,0.012230866,0.015688382,0.0031411173,0.0024444046,0.00059234095,0.00058861775,0.00023482354,0.7115
2021-06-14,CTD11,4169609,700351,0.008286179,0.012624685,0.018127736,0.004342627,0.0034707163,0.00083556393,0.0008333727,0.00033153186,0.6625000000000001
2021-06-14,CTD12,4173438,695414,0.009140823,0.013222438,0.01593971,0.003805506,0.002728432,0.00069295854,0.0006905783,0.000282075,0.4445
2021-08-13,CTD1,4187246,695025,0.008808428,0.012590659,0.019532228,0.007484127,0.0063376925,0.0016726963,0.0016782959,0.0006714346,1.065
2021-08-13,CTD2,4181518,693105,0.009953657,0.014033505,0.01917924,0.0072163553,0.0052735996,0.0014737534,0.0014751072,0.0006040186,1.981
2021-08-13,CTD3,4181698,695238,0.011506684,0.01600534,0.022364585,0.010125999,0.007383074,0.0021156822,0.0021129232,0.0008675338,1.807
2021-08-13,CTD4,4180266,698264,0.011514495,0.015699023,0.020774027,0.009519299,0.007080525,0.0020647189,0.0020670851,0.000833965,1.504
2021-08-13,CTD5,4179450,700268,0.011530132,0.0163121,0.020808455,0.006586797,0.0046580313,0.0012597751,0.0012797867,0.00051611906,0.44
2021-08-13,CTD6,4176009,695829,0.009843792,0.013621767,0.019065093,0.00916691,0.006627594,0.0019539515,0.0019510973,0.0008103639,2.3440000000000003
2021-08-13,CTD7,4176724,690397,0.013612843,0.021472698,0.03468295,0.015731579,0.011400023,0.0030084434,0.0030358573,0.0012209823,3.61
2021-08-13,CTD8,4174178,693048,0.0034567926,0.004264436,0.008357132,0.003930708,0.004796967,0.0010402977,0.000996722,0.00037982318,3.3685
2021-08-13,CTD9,4171106,693183,0.0101499455,0.014205595,0.02336074,0.011571047,0.010999586,0.003161742,0.003149042,0.0012622419,2.405
2021-08-13,CTD10,4170388,695646,0.009800869,0.013406966,0.019655656,0.010582074,0.008521012,0.0025466115,0.00253419,0.0010545301,2.7495
2021-08-13,CTD11,4169609,700351,0.0084358305,0.011267624,0.015992587,0.009334594,0.007687058,0.002297821,0.0022570337,0.0009550553,1.9695
2021-08-13,CTD12,4173438,695414,0.010329439,0.01455133,0.02161579,0.010760947,0.008360134,0.0024146014,0.0024244075,0.0009976134,2.7625
2021-11-11,CTD1,4187246,695025,0.007836476,0.011435218,0.017653035,0.0043834755,0.00365112,0.0008384945,0.0008350146,0.00032292114,0.5865
2021-11-11,CTD2,4181518,693105,0.007734051,0.010762314,0.014339397,0.0034665721,0.00280694,0.0006748145,0.0006714988,0.00026140493,0.6985
2021-11-11,CTD3,4181698,695238,0.0063983086,0.009509109,0.011143076,0.0019033513,0.0013420061,0.00032862878,0.00032316174,0.00012466646,0.722
2021-11-11,CTD4,4180266,698264,0.011985227,0.016439782,0.021162806,0.005471511,0.004238575,0.0010331909,0.0010238001,0.00040031606,0.9035
2021-11-11,CTD5,4179450,700268,0.043576624,0.054843973,0.05366035,0.011711255,0.007380212,0.0019692548,0.0018825707,0.00074107107,2.01
2021-11-11,CTD6,4176009,695829,0.0082342215,0.012489153,0.018187966,0.004060861,0.0029815813,0.00069010904,0.0006788991,0.00026713288,0.9655
2021-11-11,CTD7,4176724,690397,0.015002776,0.024049811,0.038314585,0.011357699,0.0083374055,0.0019907234,0.0019215259,0.00075585494,1.582
2021-11-11,CTD8,4174178,693048,0.0124547435,0.019094273,0.029285964,0.008789939,0.0062528676,0.0014774913,0.0014700892,0.0005837651,1.135
2021-11-11,CTD9,4171106,693183,0.015512879,0.02110723,0.03253029,0.01337583,0.012102341,0.0032688603,0.0031758787,0.0012712706,1.2595
2021-11-11,CTD10,4170388,695646,0.010197941,0.01525313,0.022624673,0.0052967346,0.004243316,0.00095860957,0.00095302146,0.00036023988,1.0815
2021-11-11,CTD11,4169609,700351,0.0068791863,0.01098058,0.01610955,0.0038656038,0.0027379827,0.00065215636,0.0006409379,0.00025304098,0.8280000000000001
2021-11-11,CTD12,4173438,695414,0.008657268,0.0129221575,0.018751545,0.0047189402,0.0034368648,0.00082812965,0.0008232776,0.0003183243,1.005
2021-11-26,CTD1,4187246,695025,0.0070761,0.00977111,0.013634216,0.0028781588,0.002297053,0.00053050584,0.0005284272,0.00020323506,8.901
2021-11-26,CTD2,4181518,693105,0.0064373882,0.008634043,0.011738183,0.0028208636,0.0024645652,0.0005779918,0.0005811229,0.00021902102,12.051
2021-11-26,CTD3,4181698,695238,0.007875274,0.010415742,0.011772666,0.0027525113,0.0022285485,0.00054570724,0.00054793135,0.00021300734,20.21
2021-11-26,CTD4,4180266,698264,0.010487496,0.012992171,0.0161416,0.004423293,0.0035576713,0.0009082884,0.0008829177,0.00035191685,26.667
2021-11-26,CTD6,4176009,695829,0.0128992265,0.017279604,0.022812227,0.006284876,0.004923654,0.001249383,0.0012319826,0.00048004204,20.566
2021-11-26,CTD7,4176724,690397,0.033935092,0.05069303,0.07455603,0.029779024,0.021841796,0.005612905,0.0054896954,0.0021288178,5.747
2021-11-26,CTD8,4174178,693048,0.010064836,0.015083476,0.020746525,0.003915272,0.0028759246,0.00065433147,0.00063759467,0.00024902998,12.939
2021-11-26,CTD9,4171106,693183,0.015229702,0.020803697,0.03177466,0.014525499,0.013209276,0.0037758243,0.003617258,0.0014856355,10.698
2021-11-26,CTD10,4170388,695646,0.012616866,0.018844109,0.025767073,0.0068998514,0.005271594,0.001273431,0.0012522202,0.00048958964,13.546
2021-11-26,CTD11,4169609,700351,0.010392357,0.015191216,0.021430641,0.004530033,0.0035011263,0.0008207736,0.0008066655,0.00031062355,16.897
2021-11-26,CTD12,4173438,695414,0.009640879,0.014321517,0.020037206,0.0049003055,0.003798653,0.00088812126,0.0008829177,0.00034083848,16.912
2021-12-01,CTD1,4187246,695025,0.0056717424,0.0076420815,0.012203074,0.0030733657,0.0030818854,0.00072663586,0.0007268169,0.0002771685,0.33
2021-12-01,CTD2,4181518,693105,0.0051613892,0.007209887,0.008575121,0.0017036161,0.0013936581,0.00032292653,0.00031843767,0.00012502499,0.9845
2021-12-01,CTD3,4181698,695238,0.0051821293,0.0070547946,0.008367617,0.0016067595,0.0013342294,0.0002973282,0.0002941671,0.00011306177,1.0585
2021-12-01,CTD4,4180266,698264,0.0083191795,0.011727001,0.015400305,0.0031235192,0.002596987,0.00059621304,0.0005873245,0.00022914124,1.5439999999999998
2021-12-01,CTD5,4179450,700268,0.016433254,0.022575049,0.02556494,0.005070602,0.0035486063,0.0008818622,0.0008439467,0.0003309858,1.6
2021-12-01,CTD6,4176009,695829,0.011176025,0.016863083,0.02411963,0.0054639415,0.0041143065,0.0009438538,0.00093181786,0.00035843713,3.374
2021-12-01,CTD7,4176724,690397,0.013094032,0.021683183,0.030477772,0.0059293644,0.0040222807,0.0009666661,0.000905356,0.00035545594,2.3775
2021-12-01,CTD8,4174178,693048,0.0097581465,0.015186069,0.022557518,0.0048340363,0.003680639,0.0008342654,0.00081364496,0.00031663672,3.5925
2021-12-01,CTD9,4171106,693183,0.011386328,0.016092392,0.026175834,0.012293932,0.011682409,0.0032384978,0.0030850258,0.0012628417,4.3105
2021-12-01,CTD10,4170388,695646,0.012956472,0.020986728,0.03343027,0.010122316,0.0073488066,0.0017662805,0.0017486238,0.0006922354,5.242
2021-12-01,CTD11,4169609,700351,0.010804039,0.016613452,0.023499826,0.0061386074,0.004260749,0.0010495785,0.0010200583,0.00040253784,4.548
2021-12-01,CTD12,4173438,695414,0.012223888,0.018075842,0.02581784,0.0060087247,0.004188373,0.0010453482,0.0009987443,0.00039090627,4.1585
2022-02-24,CTD1,4187246,695025,0.0052742558,0.007558692,0.01285531,0.00427791,0.0042102546,0.0009861671,0.0010056555,0.00039290087,0.2175
2022-02-24,CTD2,4181518,693105,0.0051725446,0.0074619083,0.0098769395,0.0019394401,0.0015591574,0.00035540338,0.00035767572,0.00013804814,0.3745
2022-02-24,CTD3,4181698,695238,0.0058790827,0.00844118,0.011518561,0.0027195357,0.002053684,0.000495804,0.00049980375,0.0001953036,0.321
2022-02-24,CTD4,4180266,698264,0.0068436554,0.01007444,0.014254488,0.0036447642,0.0027351133,0.0006480718,0.000663446,0.00026068668,0.485
2022-02-24,CTD5,4179450,700268,0.022539265,0.0331731,0.036749624,0.006501227,0.0043199733,0.0010841391,0.0010521561,0.00040998906,0.64
2022-02-24,CTD6,4176009,695829,0.009013473,0.013910544,0.01991142,0.0042368053,0.0031633736,0.0007230711,0.00072625943,0.00028320466,0.471
2022-02-24,CTD7,4176724,690397,0.03598043,0.056343567,0.07532876,0.019234188,0.011506805,0.0028526778,0.0027980944,0.0011383175,1.852
2022-02-24,CTD8,4174178,693048,0.0122072715,0.019730497,0.026905747,0.004593041,0.0033267278,0.0007767412,0.00076092273,0.00029719406,0.6615
2022-02-24,CTD9,4171106,693183,0.014966986,0.023921568,0.04298084,0.01907544,0.017717823,0.004804657,0.004746421,0.0018640519,2.769
2022-02-24,CTD10,4170388,695646,0.010615788,0.017652377,0.024351023,0.0052495184,0.0037049924,0.0008766859,0.00087871775,0.00034481884,1.1185
2022-02-24,CTD11,4169609,700351,0.006076025,0.010081147,0.016802013,0.004242447,0.003282629,0.00075133063,0.00077131466,0.00030314358,0.6639999999999999
2022-02-24,CTD12,4173438,695414,0.007826165,0.012288696,0.016919399,0.0030000063,0.002238288,0.0005108209,0.0005167001,0.00019848696,0.5945
2022-07-14,CTD1,4187246,695025,0.013571134,0.018660156,0.027618423,0.008530257,0.0076572765,0.0019145937,0.0019274015,0.00073801685,0.69
2022-07-14,CTD2,4181518,693105,0.01760989,0.023556402,0.023376156,0.0058125127,0.003897868,0.0010166889,0.0010418965,0.00041227305,0.7855000000000001
2022-07-14,CTD3,4181698,695238,0.014288368,0.018920742,0.021232972,0.0042466847,0.0029710243,0.00072608603,0.00073073315,0.0002813998,0.5795
2022-07-14,CTD4,4180266,698264,0.014961881,0.019992018,0.02229817,0.0045837564,0.0032217854,0.0007915049,0.0008057193,0.0003087331,0.532
2022-07-14,CTD5,4179450,700268,0.025670294,0.035492387,0.038787782,0.008359647,0.005180211,0.0012996225,0.0013113389,0.00051498174,0.52
2022-07-14,CTD6,4176009,695829,0.020212391,0.027687559,0.029457686,0.007529791,0.004919931,0.0012457685,0.0012755018,0.0005100111,0.6930000000000001
2022-07-14,CTD7,4176724,690397,0.032458745,0.04711834,0.058141496,0.01615476,0.009991664,0.0024498745,0.0024753714,0.0009938745,1.468
2022-07-14,CTD8,4174178,693048,0.020377202,0.028259514,0.03355909,0.009690198,0.0061906315,0.00162552,0.0016538787,0.00066899724,0.92
2022-07-14,CTD9,4171106,693183,0.018868158,0.024982136,0.039044645,0.018076465,0.018555518,0.0053956304,0.005314,0.002048709,1.108
2022-07-14,CTD10,4170388,695646,0.016721418,0.023438452,0.02711774,0.007911766,0.00515274,0.0013784256,0.0014083344,0.0005650214,0.8275
2022-07-14,CTD11,4169609,700351,0.011210158,0.014809963,0.01932608,0.0051353243,0.004179034,0.001037783,0.0010376555,0.00040288092,0.6499999999999999
2022-07-14,CTD12,4173438,695414,0.021277819,0.029454628,0.031990405,0.008404989,0.005395469,0.0014046895,0.0014330501,0.0005736664,0.8200000000000001
2022-07-29,CTD3,4181698,695238,0.013013978,0.017742293,0.020493815,0.0067115356,0.004441177,0.0012718468,0.0012511733,0.00051771605,0.65
2022-08-03,CTD1,4187246,695025,0.013524943,0.018285098,0.026940972,0.008222215,0.007345958,0.0017930631,0.0018032705,0.0006922354,0.4135
2022-08-03,CTD2,4181518,693105,0.014956776,0.020039309,0.02217324,0.0057741376,0.0037009208,0.00096782343,0.0009854841,0.00039373545,0.8225
2022-08-03,CTD3,4181698,695238,0.014356774,0.018571978,0.021197861,0.005991919,0.004105151,0.0010619584,0.0010809713,0.00043015572,0.771
2022-08-03,CTD4,4180266,698264,0.016056616,0.020615239,0.02288011,0.0071574217,0.0050501637,0.0013510135,0.0013528639,0.0005416291,0.6815
2022-08-03,CTD5,4179450,700268,0.025910271,0.035085186,0.03754879,0.007562205,0.0049106367,0.0011978671,0.0012065731,0.0004660133,0.51
2022-08-03,CTD6,4176009,695829,0.014613754,0.019347655,0.02339158,0.0072009303,0.0049255164,0.001296383,0.0013085849,0.00052115694,0.9205
2022-08-03,CTD7,4176724,690397,0.031536113,0.04613636,0.059558965,0.01744026,0.010473481,0.0026897688,0.00266452,0.0010635101,1.854
2022-08-03,CTD8,4174178,693048,0.020246623,0.028662402,0.03714735,0.014087258,0.009369968,0.0024606702,0.0024644348,0.0009934081,1.586
2022-08-03,CTD9,4171106,693183,0.01928247,0.025562508,0.039898857,0.018815849,0.019081026,0.0055117784,0.0053663678,0.002097412,1.2505000000000002
2022-08-03,CTD10,4170388,695646,0.014361673,0.019911196,0.024877315,0.008302588,0.0053280694,0.0014521562,0.0014738508,0.00060537824,1.1065
2022-08-03,CTD11,4169609,700351,0.01056927,0.013691064,0.017978033,0.005519088,0.0042910483,0.0011154538,0.0011038554,0.00043312885,0.7955000000000001
2022-08-03,CTD12,4173438,695414,0.02810681,0.03772063,0.04548662,0.017345738,0.011628101,0.0030500926,0.0030781482,0.0012146275,1.236
2022-09-07,CTD1,4187246,695025,0.008115277,0.011305483,0.018664673,0.006829169,0.007066834,0.001771602,0.0017208594,0.00068097224,0.6875
2022-09-07,CTD2,4181518,693105,0.0069983923,0.010243557,0.01455879,0.003772194,0.002945865,0.000707688,0.00071412494,0.00027960876,0.6165
2022-09-07,CTD3,4181698,695238,0.0071571167,0.010394916,0.013535853,0.003168738,0.0022285485,0.0005459007,0.0005540971,0.00021598808,0.517
2022-09-07,CTD4,4180266,698264,0.007445386,0.010690594,0.014723196,0.004074291,0.0029563177,0.0007343859,0.0007360885,0.00029409392,0.418
2022-09-07,CTD5,4179450,700268,0.010399372,0.01621836,0.019242946,0.0027442197,0.0018539065,0.0004544717,0.0004539207,0.00017511632,0.49
2022-09-07,CTD6,4176009,695829,0.009410871,0.013872933,0.018559724,0.004691855,0.003325527,0.0007863452,0.00079322717,0.00031303792,0.5595
2022-09-07,CTD7,4176724,690397,0.050117835,0.07602712,0.10429605,0.04573778,0.026590733,0.006477429,0.0064297873,0.002505367,2.6025
2022-09-07,CTD8,4174178,693048,0.02488759,0.03947737,0.057266578,0.020380415,0.012816667,0.003161742,0.0031560818,0.0012443841,1.4535
2022-09-07,CTD9,4171106,693183,0.011108086,0.015688382,0.027286666,0.012284958,0.01508148,0.0039372914,0.0037659656,0.0014519705,0.6585000000000001
2022-09-07,CTD10,4170388,695646,0.0070945257,0.010633586,0.015605514,0.004316603,0.0033327392,0.00078062585,0.0007873738,0.0003087331,0.4505
2022-09-07,CTD11,4169609,700351,0.0061872248,0.009487101,0.014114139,0.0035945582,0.0028577384,0.00065895263,0.00066294655,0.0002599708,0.19
2022-09-07,CTD12,4173438,695414,0.0125483405,0.018939948,0.025775528,0.007023601,0.004571295,0.0011310362,0.0011254343,0.0004473834,0.6665
2022-09-27,CTD1,4187246,695025,0.0070899143,0.009898468,0.01650395,0.005370321,0.005194006,0.0012990818,0.0012932814,0.0005143007,0.61
2022-09-27,CTD2,4181518,693105,0.008291669,0.0118459035,0.016724218,0.0046681054,0.0034973086,0.0008414372,0.0008513078,0.00033663373,0.75
2022-09-27,CTD3,4181698,695238,0.007460017,0.011192308,0.015258316,0.003855509,0.0028187963,0.00065870845,0.0006674577,0.00025885072,0.76
2022-09-27,CTD4,4180266,698264,0.008064504,0.011366339,0.016098881,0.0042143264,0.0032322225,0.0007830279,0.0007873738,0.00030973964,0.72
2022-09-27,CTD5,4179450,700268,0.02064773,0.028083118,0.034938384,0.011254579,0.0079203965,0.0020326516,0.0020499455,0.0008021637,1.8
2022-09-27,CTD6,4176009,695829,0.011577178,0.017029641,0.024103748,0.0065961215,0.004735855,0.0011136368,0.0011171139,0.00043876728,1.16
2022-09-27,CTD7,4176724,690397,0.023512803,0.038774,0.06400326,0.026083026,0.018710362,0.0047939788,0.0047506657,0.0018910556,3.55
2022-09-27,CTD8,4174178,693048,0.015947469,0.025844427,0.04322081,0.018148495,0.0135504445,0.003552376,0.0035119825,0.001408972,2.99
2022-09-27,CTD9,4171106,693183,0.015033521,0.02330544,0.040086642,0.02233375,0.019117016,0.0054028197,0.005359197,0.002138023,4.15
2022-09-27,CTD10,4170388,695646,0.014754034,0.023103377,0.03714735,0.015403009,0.0113293715,0.0029885015,0.0029741994,0.0011963367,2.47
2022-09-27,CTD11,4169609,700351,0.0066284128,0.010257219,0.015839737,0.0042185304,0.0031184172,0.0007464824,0.0007612173,0.0002977947,0.82
2022-09-27,CTD12,4173438,695414,0.017814826,0.027108125,0.039550323,0.013622191,0.009572787,0.0024167239,0.0024254802,0.00096856867,1.88
2023-01-10,CTD1,4187246,695025,0.00527099,0.0066730403,0.0102682775,0.003383614,0.0037501152,0.0009457307,0.00093706703,0.00036910424,0.8915000000000001
2023-01-10,CTD2,4181518,693105,0.0056628473,0.007373639,0.009471906,0.0023527204,0.0020974993,0.0004908672,0.0004985736,0.00019239516,1.411
2023-01-10,CTD3,4181698,695238,0.005550435,0.007524656,0.008499961,0.001989404,0.0014645399,0.00035529266,0.00035304195,0.00013947228,1.016
2023-01-10,CTD4,4180266,698264,0.010139692,0.015170635,0.019538706,0.00372107,0.002756238,0.00064999005,0.00063878624,0.00024528656,0.6145
2023-01-10,CTD5,4179450,700268,0.020042056,0.029319646,0.034727253,0.0060509685,0.004070266,0.0010500026,0.00097992,0.00038288272,0.5
2023-01-10,CTD6,4176009,695829,0.011739432,0.014840105,0.016925009,0.004487583,0.0032649431,0.0008647463,0.00084594684,0.00033593888,0.725
2023-01-10,CTD7,4176724,690397,0.032010116,0.048043866,0.062435884,0.016014434,0.0098679615,0.0024359147,0.002349498,0.00092559593,1.8615
2023-01-10,CTD8,4174178,693048,0.019732192,0.02781579,0.034893844,0.009130444,0.006264912,0.0015690916,0.0015224287,0.0006037471,1.1705
2023-01-10,CTD9,4171106,693183,0.012034207,0.015645891,0.024697995,0.012338904,0.014851553,0.0042263325,0.00408936,0.0015953217,0.747
2023-01-10,CTD10,4170388,695646,0.0067383125,0.008887149,0.012379948,0.00330099,0.0030895928,0.0007343859,0.0007212657,0.000282075,0.505
2023-01-10,CTD11,4169609,700351,0.01462872,0.020831756,0.026184414,0.0059066107,0.004454504,0.0010854603,0.001042747,0.00040442898,0.3235
2023-01-10,CTD12,4173438,695414,0.0076081166,0.010450551,0.013706226,0.0032097285,0.002586228,0.00062880456,0.00061935274,0.00023772985,0.658
2023-03-01,CTD1,4187246,695025,0.00456006,0.0061801877,0.010492342,0.002572686,0.002761066,0.00063437014,0.0006540346,0.0002444325,0.6905
2023-03-01,CTD2,4181518,693105,0.007185135,0.010077793,0.012813211,0.0022829564,0.001739674,0.0004020945,0.0004037884,0.0001518586,0.2789999999999999
2023-03-01,CTD3,4181698,695238,0.010010767,0.014404211,0.01873911,0.003482124,0.0026663782,0.0006158251,0.0006088936,0.00023222744,0.7655000000000001
2023-03-01,CTD4,4180266,698264,0.030566419,0.038749512,0.04538914,0.014615803,0.010368048,0.0026461927,0.002658608,0.0010295196,2.6825
2023-03-01,CTD5,4179450,700268,0.05421031,0.071272165,0.08307157,0.026488187,0.016469471,0.003981391,0.0039366493,0.0014970343,5.35
2023-03-01,CTD6,4176009,695829,0.012974138,0.018143285,0.020023929,0.0035714924,0.002557797,0.0006064722,0.00058753975,0.00022922871,0.73
2023-03-01,CTD7,4176724,690397,0.034230534,0.050526097,0.054524817,0.0069961697,0.004235418,0.001154405,0.0010225511,0.0004108658,0.44
2023-03-01,CTD8,4174178,693048,0.04296401,0.059126247,0.06805667,0.017145721,0.010299678,0.0026473606,0.002536438,0.0010179679,1.015
2023-03-01,CTD9,4171106,693183,0.018312402,0.02359584,0.03445116,0.015743028,0.015731098,0.004399227,0.0042670323,0.001659972,0.345
2023-03-01,CTD10,4170388,695646,0.019178083,0.027714992,0.029736279,0.0051920633,0.0034207008,0.00086271873,0.0008337008,0.0003245153,0.465
2023-03-01,CTD11,4169609,700351,0.01806503,0.026111849,0.034605533,0.0093821185,0.0063670543,0.0015710932,0.0015640336,0.00061112584,0.9845
2023-03-01,CTD12,4173438,695414,0.012646967,0.017551016,0.02104404,0.004215727,0.0030545408,0.00072581135,0.0007124892,0.00027672757,0.3695
2023-03-16,CTD1,4187246,695025,0.005466153,0.007924241,0.012788023,0.0033696683,0.0031804256,0.00073913985,0.0007315756,0.0002854804,0.519
2023-03-16,CTD2,4181518,693105,0.010280784,0.014024006,0.013201774,0.0022272177,0.0014974755,0.00038521417,0.00037839197,0.00015300332,0.6895
2023-03-16,CTD3,4181698,695238,0.011506684,0.01611423,0.017829569,0.00427791,0.0027814528,0.0007559283,0.0007524383,0.00030923588,0.6245
2023-03-16,CTD4,4180266,698264,0.01256116,0.01791134,0.019461121,0.005383318,0.0033423835,0.00094685896,0.0009450052,0.00039057498,0.6375
2023-03-16,CTD5,4179450,700268,0.01402279,0.021436604,0.027492458,0.006342674,0.0043491144,0.0010386205,0.001084525,0.00042978575,0.36
2023-03-16,CTD6,4176009,695829,0.0106733395,0.014910675,0.016286636,0.004068913,0.002633237,0.00072170567,0.0007190595,0.00029302982,0.645
2023-03-16,CTD7,4176724,690397,0.010822326,0.017262049,0.02332994,0.004671264,0.003451863,0.0008038054,0.0008261935,0.0003259848,1.355
2023-03-16,CTD8,4174178,693048,0.009028533,0.013102354,0.015897537,0.003554311,0.002598785,0.0006560294,0.00065231865,0.0002620225,0.7905
2023-03-16,CTD9,4171106,693183,0.009886917,0.01583801,0.026434375,0.009031765,0.0071355673,0.001796152,0.0017554505,0.0007008169,0.992
2023-03-16,CTD10,4170388,695646,0.008405106,0.012230866,0.015688382,0.0031411173,0.0024444046,0.00059234095,0.00058861775,0.00023482354,0.7030000000000001
2023-03-16,CTD11,4169609,700351,0.008286179,0.012624685,0.018127736,0.004342627,0.0034707163,0.00083556393,0.0008333727,0.00033153186,0.623
2023-03-16,CTD12,4173438,695414,0.009140823,0.013222438,0.01593971,0.003805506,0.002728432,0.00069295854,0.0006905783,0.000282075,0.6745
2023-04-20,CTD1,4187246,695025,0.006980249,0.009193867,0.013975236,0.0044292277,0.0041234843,0.0010649717,0.0010818585,0.00042427957,0.2875
2023-04-20,CTD2,4181518,693105,0.008346791,0.011203571,0.012005369,0.0026766174,0.0020044276,0.00048985356,0.00049299834,0.00019260611,0.382
2023-04-20,CTD3,4181698,695238,0.011179812,0.015540171,0.01797207,0.0039813784,0.0026673058,0.0006801203,0.0006895304,0.00027366474,0.511
2023-04-20,CTD4,4180266,698264,0.020342762,0.029590165,0.03381805,0.0071523217,0.004771699,0.0011562981,0.0011856852,0.00046439376,0.6585000000000001
2023-04-20,CTD5,4179450,700268,0.04546997,0.06397302,0.07344729,0.019415129,0.011471103,0.0028653336,0.002887976,0.0011573225,3.18
2023-04-20,CTD6,4176009,695829,0.010644523,0.014855198,0.017960152,0.0050932355,0.003421941,0.00092057337,0.0009214217,0.0003737891,0.5674999999999999
2023-04-20,CTD7,4176724,690397,0.054194473,0.076986216,0.0855125,0.013414949,0.007914244,0.0019212321,0.0018111145,0.00072063686,0.4975
2023-04-20,CTD8,4174178,693048,0.048685245,0.06997601,0.084055625,0.021397652,0.012248708,0.003085482,0.0030548822,0.0012343817,1.774
2023-04-20,CTD9,4171106,693183,0.01717174,0.022719389,0.03441816,0.01704654,0.016133307,0.004530463,0.0044583436,0.001770862,0.5675
2023-04-20,CTD10,4170388,695646,0.007635624,0.010896358,0.0150927035,0.0038795362,0.0031895633,0.00077051466,0.00078584196,0.00030760543,0.4295
2023-04-20,CTD11,4169609,700351,0.017031932,0.024684172,0.029285964,0.0061278446,0.004297457,0.0010224297,0.0010547391,0.00041315542,0.6405000000000001
2023-04-20,CTD12,4173438,695414,0.010232372,0.014200785,0.0172365,0.0042722127,0.0030818854,0.0007854388,0.0008022609,0.0003197606,0.469
2023-05-25,CTD1,4187246,695025,0.010551436,0.014566126,0.019128425,0.006074344,0.0045116367,0.001226859,0.0012181874,0.00049346883,0.5035000000000001
2023-05-25,CTD2,4181518,693105,0.016968226,0.02224409,0.019128425,0.0040729456,0.0022916337,0.00064903003,0.00063926366,0.00026295218,0.5185
2023-05-25,CTD3,4181698,695238,0.015645744,0.020944355,0.021867476,0.0057922797,0.0035824094,0.0010162801,0.0010142688,0.00041350897,0.4815
2023-05-25,CTD4,4180266,698264,0.01874681,0.026654277,0.027708724,0.0061106677,0.0038084453,0.0009865618,0.0010064722,0.0004077197,0.58
2023-05-25,CTD5,4179450,700268,0.019712143,0.029108644,0.033152662,0.0075002094,0.004931109,0.0011993474,0.0012289019,0.00048298956,0.71
2023-05-25,CTD6,4176009,695829,0.017736197,0.02340709,0.021802489,0.0061171027,0.0034393594,0.0010253142,0.0010288137,0.0004246441,0.544
2023-05-25,CTD7,4176724,690397,0.024296597,0.037708666,0.045180827,0.0076685944,0.0050674253,0.0011259678,0.0011291548,0.0004469964,0.917
2023-05-25,CTD8,4174178,693048,0.023790026,0.03606462,0.042530593,0.009392335,0.005941325,0.0013911966,0.0014489722,0.00057187455,1.2045
2023-05-25,CTD9,4171106,693183,0.016282676,0.023977596,0.03383971,0.015852207,0.009952842,0.0028463716,0.0028118282,0.0011485935,1.025
2023-05-25,CTD10,4170388,695646,0.015534062,0.023180898,0.029476823,0.00877089,0.005777372,0.001483118,0.0015185302,0.00061637827,1.311
2023-05-25,CTD11,4169609,700351,0.014839862,0.021969326,0.028776262,0.007665846,0.005635446,0.0013617907,0.0013597347,0.0005445231,1.1775
2023-05-25,CTD12,4173438,695414,0.019499484,0.029435312,0.035737325,0.010155519,0.0061337636,0.0016110352,0.0016631687,0.00068097224,1.12
