Date,Buoy,Chl
2016-06-08,CTD8,4.93
2016-06-29,CTD4,6.0
2016-08-02,CTD1,5.84
2016-08-02,CTD10,8.25
2016-08-02,CTD11,6.33
2016-08-02,CTD12,7.14
2016-08-02,CTD2,5.69
2016-08-02,CTD3,4.91
2016-08-02,CTD4,4.82
2016-08-02,CTD6,6.28
2016-08-02,CTD7,7.47
2016-08-02,CTD8,7.93
2016-08-02,CTD9,
2016-08-04,CTD1,6.87
2016-08-04,CTD10,6.25
2016-08-04,CTD11,5.93
2016-08-04,CTD12,6.06
2016-08-04,CTD2,4.94
2016-08-04,CTD3,3.97
2016-08-04,CTD4,4.47
2016-08-04,CTD6,5.56
2016-08-04,CTD7,5.2
2016-08-04,CTD8,7.18
2016-08-04,CTD9,
2016-08-09,CTD1,6.89
2016-08-09,CTD10,4.72
2016-08-09,CTD11,3.95
2016-08-09,CTD12,4.48
2016-08-09,CTD2,5.08
2016-08-09,CTD3,4.04
2016-08-09,CTD4,3.96
2016-08-09,CTD5,0.15
2016-08-09,CTD6,4.23
2016-08-09,CTD7,5.94
2016-08-09,CTD8,6.3
2016-08-09,CTD9,
2016-08-22,CTD12,7.69
2016-08-25,CTD1,6.87
2016-08-25,CTD10,11.76
2016-08-25,CTD11,10.6
2016-08-25,CTD2,6.07
2016-08-25,CTD3,4.96
2016-08-25,CTD4,
2016-08-25,CTD5,1.27
2016-08-25,CTD6,8.18
2016-08-25,CTD7,9.37
2016-08-25,CTD8,9.77
2016-08-25,CTD9,
2016-08-26,CTD4,
2016-08-27,CTD4,5.35
2016-08-30,CTD1,
2016-08-30,CTD10,8.41
2016-08-30,CTD11,7.6
2016-08-30,CTD2,5.62
2016-08-30,CTD3,4.89
2016-08-30,CTD4,4.22
2016-08-30,CTD5,0.62
2016-08-30,CTD6,5.73
2016-08-30,CTD7,11.92
2016-08-30,CTD8,7.07
2016-08-30,CTD9,
2016-08-31,CTD1,
2016-09-01,CTD1,7.0
2016-09-06,CTD1,4.87
2016-09-06,CTD10,6.08
2016-09-06,CTD11,6.87
2016-09-06,CTD12,
2016-09-06,CTD2,4.01
2016-09-06,CTD3,4.0
2016-09-06,CTD4,4.24
2016-09-06,CTD5,0.28
2016-09-06,CTD6,4.34
2016-09-06,CTD7,7.29
2016-09-06,CTD8,6.17
2016-09-06,CTD9,
2016-09-08,CTD1,4.95
2016-09-08,CTD10,5.38
2016-09-08,CTD11,6.33
2016-09-08,CTD12,4.19
2016-09-08,CTD2,4.29
2016-09-08,CTD3,3.92
2016-09-08,CTD4,4.15
2016-09-08,CTD5,0.24
2016-09-08,CTD6,4.35
2016-09-08,CTD7,4.69
2016-09-08,CTD9,
2016-09-22,CTD1,7.35
2016-09-22,CTD10,9.25
2016-09-22,CTD11,10.46
2016-09-22,CTD2,6.31
2016-09-22,CTD3,7.215
2016-09-22,CTD4,6.67
2016-09-22,CTD5,0.46
2016-09-22,CTD6,6.485
2016-09-22,CTD7,13.67
2016-09-22,CTD8,8.95
2016-09-22,CTD9,
2016-09-29,CTD1,7.3
2016-09-29,CTD10,20.105
2016-09-29,CTD11,11.475
2016-09-29,CTD12,10.71
2016-09-29,CTD2,14.14
2016-09-29,CTD3,6.675
2016-09-29,CTD5,4.115
2016-09-29,CTD6,8.915
2016-09-29,CTD7,12.6
2016-09-29,CTD8,15.9
2016-09-29,CTD9,
2016-10-06,CTD1,5.28
2016-10-06,CTD10,12.355
2016-10-06,CTD11,9.605
2016-10-06,CTD12,8.605
2016-10-06,CTD2,5.59
2016-10-06,CTD3,5.84
2016-10-06,CTD4,6.455
2016-10-06,CTD5,1.015
2016-10-06,CTD6,7.585
2016-10-06,CTD7,6.31
2016-10-06,CTD8,10.335
2016-10-06,CTD9,
2016-10-14,CTD1,6.05
2016-10-14,CTD10,9.305
2016-10-14,CTD11,8.815
2016-10-14,CTD12,8.845
2016-10-14,CTD2,5.53
2016-10-14,CTD3,5.835
2016-10-14,CTD4,6.285
2016-10-14,CTD5,1.465
2016-10-14,CTD6,7.515
2016-10-14,CTD7,9.205
2016-10-14,CTD8,8.165
2016-10-14,CTD9,
2016-10-21,CTD1,5.53
2016-10-21,CTD10,9.475
2016-10-21,CTD11,7.325
2016-10-21,CTD12,6.39
2016-10-21,CTD2,5.29
2016-10-21,CTD3,5.165
2016-10-21,CTD4,6.22
2016-10-21,CTD5,0.75
2016-10-21,CTD6,6.04
2016-10-21,CTD7,6.37
2016-10-21,CTD8,7.18
2016-10-21,CTD9,
2016-10-28,CTD1,4.27
2016-10-28,CTD10,8.1
2016-10-28,CTD11,6.955
2016-10-28,CTD12,7.07
2016-10-28,CTD2,5.42
2016-10-28,CTD3,5.375
2016-10-28,CTD4,5.315
2016-10-28,CTD5,3.565
2016-10-28,CTD6,6.25
2016-10-28,CTD7,7.89
2016-10-28,CTD8,6.55
2016-10-28,CTD9,
2016-11-03,CTD1,7.16
2016-11-03,CTD10,5.1
2016-11-03,CTD11,5.955
2016-11-03,CTD12,4.625
2016-11-03,CTD2,6.16
2016-11-03,CTD3,6.315
2016-11-03,CTD4,4.74
2016-11-03,CTD5,0.98
2016-11-03,CTD6,4.725
2016-11-03,CTD7,10.605
2016-11-03,CTD8,7.47
2016-11-03,CTD9,
2016-11-11,CTD1,3.83
2016-11-11,CTD10,6.755
2016-11-11,CTD11,7.05
2016-11-11,CTD12,7.74
2016-11-11,CTD2,4.21
2016-11-11,CTD3,5.24
2016-11-11,CTD4,4.305
2016-11-11,CTD5,1.53
2016-11-11,CTD6,5.745
2016-11-11,CTD7,6.59
2016-11-11,CTD8,7.535
2016-11-11,CTD9,
2016-11-18,CTD1,7.75
2016-11-18,CTD10,6.59
2016-11-18,CTD11,5.605
2016-11-18,CTD12,7.12
2016-11-18,CTD2,6.465
2016-11-18,CTD3,5.555
2016-11-18,CTD4,5.345
2016-11-18,CTD5,5.005
2016-11-18,CTD6,4.995
2016-11-18,CTD7,6.53
2016-11-18,CTD8,9.175
2016-11-18,CTD9,
2016-11-22,CTD1,7.24
2016-11-22,CTD10,5.95
2016-11-22,CTD11,6.13
2016-11-22,CTD12,4.78
2016-11-22,CTD2,5.1
2016-11-22,CTD3,5.915
2016-11-22,CTD4,5.415
2016-11-22,CTD5,0.945
2016-11-22,CTD6,4.815
2016-11-22,CTD7,5.63
2016-11-22,CTD8,5.94
2016-11-22,CTD9,
2016-12-02,CTD1,3.19
2016-12-02,CTD10,4.375
2016-12-02,CTD11,4.225
2016-12-02,CTD12,4.835
2016-12-02,CTD2,4.725
2016-12-02,CTD3,3.675
2016-12-02,CTD4,3.72
2016-12-02,CTD5,3.805
2016-12-02,CTD6,4.09
2016-12-02,CTD7,4.12
2016-12-02,CTD8,5.915
2016-12-02,CTD9,
2016-12-13,CTD1,2.49
2016-12-13,CTD10,3.595
2016-12-13,CTD11,3.325
2016-12-13,CTD12,3.615
2016-12-13,CTD2,3.455
2016-12-13,CTD3,3.745
2016-12-13,CTD4,3.145
2016-12-13,CTD5,0.775
2016-12-13,CTD6,3.485
2016-12-13,CTD7,4.67
2016-12-13,CTD8,4.31
2016-12-13,CTD9,
2016-12-21,CTD1,7.15
2016-12-21,CTD2,8.545
2016-12-21,CTD3,7.73
2016-12-21,CTD4,
2016-12-21,CTD5,8.1
2016-12-21,CTD6,
2016-12-21,CTD7,
2016-12-29,CTD1,
2016-12-29,CTD2,
2017-01-12,CTD1,5.1
2017-01-12,CTD10,5.54
2017-01-12,CTD11,5.655
2017-01-12,CTD12,5.355
2017-01-12,CTD2,4.975
2017-01-12,CTD3,4.57
2017-01-12,CTD4,4.12
2017-01-12,CTD5,8.22
2017-01-12,CTD6,6.085
2017-01-12,CTD7,6.305
2017-01-12,CTD8,6.44
2017-01-12,CTD9,
2017-01-26,CTD1,3.47
2017-01-26,CTD10,7.985
2017-01-26,CTD11,8.39
2017-01-26,CTD12,7.18
2017-01-26,CTD2,6.38
2017-01-26,CTD3,4.84
2017-01-26,CTD4,4.15
2017-01-26,CTD5,3.94
2017-01-26,CTD6,7.195
2017-01-26,CTD7,7.52
2017-01-26,CTD8,7.44
2017-01-26,CTD9,
2017-02-03,CTD1,
2017-02-03,CTD10,4.265
2017-02-03,CTD11,3.44
2017-02-03,CTD12,3.79
2017-02-03,CTD2,3.64
2017-02-03,CTD3,3.92
2017-02-03,CTD4,3.22
2017-02-03,CTD5,2.015
2017-02-03,CTD6,4.805
2017-02-03,CTD7,5.24
2017-02-03,CTD8,4.575
2017-02-03,CTD9,3.93
2017-02-10,CTD1,4.1
2017-02-10,CTD10,6.395
2017-02-10,CTD11,9.49
2017-02-10,CTD12,6.34
2017-02-10,CTD2,4.26
2017-02-10,CTD3,3.97
2017-02-10,CTD4,3.545
2017-02-10,CTD5,3.365
2017-02-10,CTD6,5.81
2017-02-10,CTD7,4.26
2017-02-10,CTD8,5.595
2017-02-10,CTD9,
2017-02-16,CTD1,2.45
2017-02-16,CTD10,5.495
2017-02-16,CTD11,3.945
2017-02-16,CTD12,4.715
2017-02-16,CTD2,5.15
2017-02-16,CTD3,5.685
2017-02-16,CTD4,2.665
2017-02-16,CTD5,4.05
2017-02-16,CTD6,4.1
2017-02-16,CTD7,8.63
2017-02-16,CTD8,4.725
2017-02-16,CTD9,
2017-02-24,CTD1,2.59
2017-02-24,CTD10,10.955
2017-02-24,CTD11,2.07
2017-02-24,CTD12,2.55
2017-02-24,CTD2,3.89
2017-02-24,CTD3,2.575
2017-02-24,CTD4,2.75
2017-02-24,CTD5,2.875
2017-02-24,CTD6,4.795
2017-02-24,CTD7,4.28
2017-02-24,CTD8,7.505
2017-02-24,CTD9,
2017-03-02,CTD1,3.28
2017-03-02,CTD10,2.9
2017-03-02,CTD11,2.235
2017-03-02,CTD12,2.72
2017-03-02,CTD2,4.18
2017-03-02,CTD3,2.25
2017-03-02,CTD4,1.65
2017-03-02,CTD5,1.15
2017-03-02,CTD6,2.13
2017-03-02,CTD7,4.87
2017-03-02,CTD8,2.915
2017-03-02,CTD9,
2017-03-08,CTD9,
2017-03-22,CTD1,
2017-03-22,CTD10,3.29
2017-03-22,CTD11,1.25
2017-03-22,CTD12,2.41
2017-03-22,CTD2,2.03
2017-03-22,CTD3,1.81
2017-03-22,CTD4,1.965
2017-03-22,CTD5,0.705
2017-03-22,CTD6,2.33
2017-03-22,CTD7,3.32
2017-03-22,CTD8,3.1
2017-03-22,CTD9,
2017-03-30,CTD1,5.36
2017-03-30,CTD10,2.72
2017-03-30,CTD11,1.065
2017-03-30,CTD12,2.46
2017-03-30,CTD2,2.14
2017-03-30,CTD3,1.495
2017-03-30,CTD4,1.365
2017-03-30,CTD5,0.955
2017-03-30,CTD6,2.15
2017-03-30,CTD7,3.99
2017-03-30,CTD8,2.63
2017-03-30,CTD9,
2017-04-05,CTD1,1.96
2017-04-05,CTD10,3.34
2017-04-05,CTD11,1.49
2017-04-05,CTD12,1.765
2017-04-05,CTD2,1.61
2017-04-05,CTD3,1.67
2017-04-05,CTD4,1.27
2017-04-05,CTD5,0.465
2017-04-05,CTD6,2.24
2017-04-05,CTD7,5.04
2017-04-05,CTD8,2.39
2017-04-05,CTD9,
2017-04-12,CTD1,8.64
2017-04-12,CTD10,2.9
2017-04-12,CTD11,1.095
2017-04-12,CTD12,3.005
2017-04-12,CTD2,1.75
2017-04-12,CTD3,1.64
2017-04-12,CTD4,1.97
2017-04-12,CTD5,1.165
2017-04-12,CTD6,2.345
2017-04-12,CTD7,2.505
2017-04-12,CTD8,2.185
2017-04-12,CTD9,
2017-04-18,CTD1,2.6
2017-04-18,CTD10,1.88
2017-04-18,CTD11,1.805
2017-04-18,CTD12,1.835
2017-04-18,CTD2,1.195
2017-04-18,CTD3,1.185
2017-04-18,CTD4,1.56
2017-04-18,CTD5,3.28
2017-04-18,CTD6,1.22
2017-04-18,CTD7,15.285
2017-04-18,CTD8,1.97
2017-04-18,CTD9,
2017-04-25,CTD1,
2017-04-25,CTD10,1.39
2017-04-25,CTD11,1.28
2017-04-25,CTD12,1.955
2017-04-25,CTD2,1.71
2017-04-25,CTD3,1.585
2017-04-25,CTD4,1.63
2017-04-25,CTD5,1.33
2017-04-25,CTD6,1.765
2017-04-25,CTD7,2.475
2017-04-25,CTD8,2.84
2017-04-25,CTD9,
2017-05-04,CTD1,2.91
2017-05-04,CTD10,1.365
2017-05-04,CTD11,1.78
2017-05-04,CTD12,1.875
2017-05-04,CTD2,1.495
2017-05-04,CTD3,1.005
2017-05-04,CTD4,1.24
2017-05-04,CTD5,1.16
2017-05-04,CTD6,1.225
2017-05-04,CTD7,1.58
2017-05-04,CTD8,2.305
2017-05-04,CTD9,
2017-05-10,CTD1,2.32
2017-05-10,CTD10,1.395
2017-05-10,CTD11,1.725
2017-05-10,CTD12,1.085
2017-05-10,CTD2,1.345
2017-05-10,CTD3,1.025
2017-05-10,CTD4,1.34
2017-05-10,CTD5,0.32
2017-05-10,CTD6,0.775
2017-05-10,CTD7,2.285
2017-05-10,CTD8,1.955
2017-05-10,CTD9,
2017-05-19,CTD1,3.8
2017-05-19,CTD10,1.8
2017-05-19,CTD11,1.2
2017-05-19,CTD12,1.585
2017-05-19,CTD2,1.575
2017-05-19,CTD3,1.125
2017-05-19,CTD4,1.555
2017-05-19,CTD5,0.735
2017-05-19,CTD6,1.19
2017-05-19,CTD7,2.6
2017-05-19,CTD8,3.115
2017-05-19,CTD9,
2017-05-24,CTD1,1.97
2017-05-24,CTD10,1.01
2017-05-24,CTD11,1.16
2017-05-24,CTD12,2.23
2017-05-24,CTD2,1.325
2017-05-24,CTD3,1.06
2017-05-24,CTD4,0.74
2017-05-24,CTD5,0.87
2017-05-24,CTD6,1.245
2017-05-24,CTD7,6.44
2017-05-24,CTD8,3.035
2017-05-24,CTD9,
2017-06-02,CTD1,1.66
2017-06-02,CTD10,1.545
2017-06-02,CTD11,1.2
2017-06-02,CTD12,1.55
2017-06-02,CTD2,1.115
2017-06-02,CTD3,0.71
2017-06-02,CTD4,0.78
2017-06-02,CTD5,0.575
2017-06-02,CTD6,1.28
2017-06-02,CTD7,2.455
2017-06-02,CTD8,3.165
2017-06-02,CTD9,
2017-06-06,CTD1,4.7
2017-06-06,CTD10,1.06
2017-06-06,CTD11,0.925
2017-06-06,CTD12,0.885
2017-06-06,CTD2,1.18
2017-06-06,CTD3,0.94
2017-06-06,CTD4,0.69
2017-06-06,CTD5,0.585
2017-06-06,CTD6,0.705
2017-06-06,CTD7,2.805
2017-06-06,CTD8,1.53
2017-06-06,CTD9,
2017-06-13,CTD1,2.23
2017-06-13,CTD10,1.58
2017-06-13,CTD11,1.145
2017-06-13,CTD12,1.435
2017-06-13,CTD2,0.765
2017-06-13,CTD3,1.43
2017-06-13,CTD4,0.78
2017-06-13,CTD5,0.17
2017-06-13,CTD6,0.84
2017-06-13,CTD7,4.47
2017-06-13,CTD8,3.3
2017-06-13,CTD9,
2017-06-21,CTD1,1.88
2017-06-21,CTD10,0.58
2017-06-21,CTD11,0.775
2017-06-21,CTD12,0.805
2017-06-21,CTD2,0.8
2017-06-21,CTD3,0.64
2017-06-21,CTD4,1.17
2017-06-21,CTD5,1.44
2017-06-21,CTD6,0.71
2017-06-21,CTD7,3.34
2017-06-21,CTD8,1.56
2017-06-21,CTD9,
2017-06-30,CTD1,4.9
2017-06-30,CTD10,1.555
2017-06-30,CTD11,1.365
2017-06-30,CTD12,2.47
2017-06-30,CTD2,1.8
2017-06-30,CTD3,1.17
2017-06-30,CTD4,2.005
2017-06-30,CTD5,0.425
2017-06-30,CTD6,2.435
2017-06-30,CTD7,1.8
2017-06-30,CTD8,2.03
2017-06-30,CTD9,
2017-07-05,CTD1,1.59
2017-07-05,CTD10,0.84
2017-07-05,CTD11,1.405
2017-07-05,CTD12,1.335
2017-07-05,CTD2,1.88
2017-07-05,CTD3,1.26
2017-07-05,CTD4,0.99
2017-07-05,CTD5,1.895
2017-07-05,CTD6,1.34
2017-07-05,CTD7,5.785
2017-07-05,CTD8,1.305
2017-07-05,CTD9,
2017-07-12,CTD1,1.65
2017-07-12,CTD10,1.17
2017-07-12,CTD11,2.11
2017-07-12,CTD12,1.245
2017-07-12,CTD2,1.575
2017-07-12,CTD3,1.09
2017-07-12,CTD4,1.25
2017-07-12,CTD5,0.89
2017-07-12,CTD6,1.375
2017-07-12,CTD7,1.855
2017-07-12,CTD8,1.305
2017-07-12,CTD9,
2017-07-19,CTD1,1.64
2017-07-19,CTD10,1.21
2017-07-19,CTD11,1.645
2017-07-19,CTD12,0.795
2017-07-19,CTD2,1.305
2017-07-19,CTD3,1.135
2017-07-19,CTD4,1.21
2017-07-19,CTD5,0.845
2017-07-19,CTD6,0.975
2017-07-19,CTD7,4.165
2017-07-19,CTD8,2.255
2017-07-19,CTD9,
2017-07-26,CTD1,0.87
2017-07-26,CTD10,0.66
2017-07-26,CTD11,1.965
2017-07-26,CTD12,1.14
2017-07-26,CTD2,1.48
2017-07-26,CTD3,0.79
2017-07-26,CTD4,1.125
2017-07-26,CTD5,0.435
2017-07-26,CTD6,1.335
2017-07-26,CTD7,3.87
2017-07-26,CTD8,0.875
2017-07-26,CTD9,
2017-08-08,CTD1,1.6
2017-08-08,CTD10,3.02
2017-08-08,CTD11,4.265
2017-08-08,CTD12,2.52
2017-08-08,CTD2,2.07
2017-08-08,CTD3,1.645
2017-08-08,CTD4,2.31
2017-08-08,CTD5,0.615
2017-08-08,CTD6,2.425
2017-08-08,CTD7,3.02
2017-08-08,CTD8,3.405
2017-08-08,CTD9,
2017-08-16,CTD1,3.34
2017-08-16,CTD10,4.57
2017-08-16,CTD11,3.82
2017-08-16,CTD12,4.115
2017-08-16,CTD2,4.115
2017-08-16,CTD3,3.52
2017-08-16,CTD4,3.5
2017-08-16,CTD5,2.075
2017-08-16,CTD6,4.16
2017-08-16,CTD7,9.155
2017-08-16,CTD8,4.91
2017-08-16,CTD9,
2017-08-23,CTD1,4.65
2017-08-23,CTD10,4.19
2017-08-23,CTD11,4.755
2017-08-23,CTD12,4.445
2017-08-23,CTD2,4.14
2017-08-23,CTD3,3.66
2017-08-23,CTD4,3.4
2017-08-23,CTD5,1.27
2017-08-23,CTD6,4.445
2017-08-23,CTD7,8.43
2017-08-23,CTD8,4.795
2017-08-23,CTD9,
2017-08-30,CTD1,5.32
2017-08-30,CTD10,6.29
2017-08-30,CTD11,6.365
2017-08-30,CTD12,6.555
2017-08-30,CTD2,5.78
2017-08-30,CTD3,5.105
2017-08-30,CTD4,4.885
2017-08-30,CTD5,1.85
2017-08-30,CTD6,6.22
2017-08-30,CTD7,7.85
2017-08-30,CTD8,5.765
2017-08-30,CTD9,
2017-09-06,CTD1,5.61
2017-09-06,CTD10,5.05
2017-09-06,CTD11,5.34
2017-09-06,CTD12,6.39
2017-09-06,CTD2,4.89
2017-09-06,CTD3,4.975
2017-09-06,CTD4,4.57
2017-09-06,CTD5,2.87
2017-09-06,CTD6,4.935
2017-09-06,CTD7,7.275
2017-09-06,CTD8,7.76
2017-09-06,CTD9,
2017-09-11,CTD1,8.37
2017-09-11,CTD10,6.12
2017-09-11,CTD11,5.305
2017-09-11,CTD12,5.255
2017-09-11,CTD2,3.27
2017-09-11,CTD3,2.455
2017-09-11,CTD4,2.38
2017-09-11,CTD5,2.185
2017-09-11,CTD6,4.23
2017-09-11,CTD7,3.18
2017-09-11,CTD8,4.51
2017-09-11,CTD9,
2017-09-20,CTD1,1.76
2017-09-20,CTD10,1.625
2017-09-20,CTD11,2.795
2017-09-20,CTD12,2.7
2017-09-20,CTD2,1.31
2017-09-20,CTD3,1.03
2017-09-20,CTD4,1.11
2017-09-20,CTD5,0.835
2017-09-20,CTD6,1.395
2017-09-20,CTD7,3.235
2017-09-20,CTD8,2.705
2017-09-20,CTD9,
2017-09-27,CTD1,5.1
2017-09-27,CTD10,4.93
2017-09-27,CTD11,6.22
2017-09-27,CTD12,5.56
2017-09-27,CTD2,4.585
2017-09-27,CTD3,3.675
2017-09-27,CTD4,3.89
2017-09-27,CTD5,1.59
2017-09-27,CTD6,4.405
2017-09-27,CTD7,23.79
2017-09-27,CTD8,5.765
2017-09-27,CTD9,
2017-10-04,CTD1,4.02
2017-10-04,CTD10,5.4
2017-10-04,CTD11,7.21
2017-10-04,CTD12,6.33
2017-10-04,CTD2,4.365
2017-10-04,CTD3,4.23
2017-10-04,CTD4,3.895
2017-10-04,CTD5,1.98
2017-10-04,CTD6,4.53
2017-10-04,CTD7,8.035
2017-10-04,CTD8,5.38
2017-10-04,CTD9,
2017-10-11,CTD1,3.65
2017-10-11,CTD10,4.03
2017-10-11,CTD11,4.545
2017-10-11,CTD12,4.5
2017-10-11,CTD2,3.72
2017-10-11,CTD3,3.31
2017-10-11,CTD4,3.915
2017-10-11,CTD5,1.32
2017-10-11,CTD6,3.695
2017-10-11,CTD7,3.945
2017-10-11,CTD8,3.355
2017-10-11,CTD9,
2017-10-17,CTD1,3.01
2017-10-17,CTD10,4.55
2017-10-17,CTD11,6.29
2017-10-17,CTD12,5.795
2017-10-17,CTD2,3.58
2017-10-17,CTD3,3.55
2017-10-17,CTD4,3.445
2017-10-17,CTD5,1.955
2017-10-17,CTD6,3.715
2017-10-17,CTD7,4.49
2017-10-17,CTD8,6.135
2017-10-17,CTD9,
2017-10-25,CTD1,2.81
2017-10-25,CTD10,3.5
2017-10-25,CTD11,4.775
2017-10-25,CTD12,4.36
2017-10-25,CTD2,2.69
2017-10-25,CTD3,2.5
2017-10-25,CTD4,2.88
2017-10-25,CTD5,0.825
2017-10-25,CTD6,3.385
2017-10-25,CTD7,5.52
2017-10-25,CTD8,5.74
2017-10-25,CTD9,
2017-11-03,CTD1,3.07
2017-11-03,CTD10,3.565
2017-11-03,CTD11,4.835
2017-11-03,CTD12,4.655
2017-11-03,CTD2,3.175
2017-11-03,CTD3,3.0
2017-11-03,CTD4,3.55
2017-11-03,CTD5,1.27
2017-11-03,CTD6,3.375
2017-11-03,CTD7,2.85
2017-11-03,CTD8,4.03
2017-11-03,CTD9,
2017-11-08,CTD1,3.15
2017-11-08,CTD10,5.26
2017-11-08,CTD11,7.18
2017-11-08,CTD12,6.165
2017-11-08,CTD2,3.625
2017-11-08,CTD3,3.38
2017-11-08,CTD4,3.265
2017-11-08,CTD5,0.95
2017-11-08,CTD6,3.975
2017-11-08,CTD7,3.94
2017-11-08,CTD8,5.985
2017-11-08,CTD9,
2017-11-15,CTD1,3.79
2017-11-15,CTD10,3.865
2017-11-15,CTD11,4.62
2017-11-15,CTD12,4.61
2017-11-15,CTD2,3.915
2017-11-15,CTD3,3.93
2017-11-15,CTD4,3.985
2017-11-15,CTD5,4.425
2017-11-15,CTD6,4.88
2017-11-15,CTD7,4.24
2017-11-15,CTD8,6.115
2017-11-22,CTD1,3.88
2017-11-22,CTD11,4.395
2017-11-22,CTD12,4.38
2017-11-22,CTD2,3.725
2017-11-22,CTD3,4.11
2017-11-22,CTD4,4.265
2017-11-22,CTD5,0.535
2017-11-22,CTD6,4.405
2017-11-22,CTD7,4.71
2017-11-22,CTD8,5.015
2017-11-22,CTD9,
2017-11-28,CTD1,4.09
2017-11-28,CTD10,4.65
2017-11-28,CTD11,4.46
2017-11-28,CTD12,4.335
2017-11-28,CTD2,3.745
2017-11-28,CTD3,3.51
2017-11-28,CTD4,3.59
2017-11-28,CTD5,0.96
2017-11-28,CTD6,4.22
2017-11-28,CTD7,4.145
2017-11-28,CTD8,5.06
2017-11-28,CTD9,
2017-12-05,CTD1,3.53
2017-12-05,CTD10,14.485
2017-12-05,CTD11,5.66
2017-12-05,CTD12,4.965
2017-12-05,CTD2,3.795
2017-12-05,CTD3,3.595
2017-12-05,CTD4,3.66
2017-12-05,CTD5,2.025
2017-12-05,CTD6,4.695
2017-12-05,CTD7,3.755
2017-12-05,CTD8,4.195
2017-12-05,CTD9,
2017-12-13,CTD1,5.07
2017-12-13,CTD10,6.645
2017-12-13,CTD11,5.905
2017-12-13,CTD12,5.04
2017-12-13,CTD2,5.72
2017-12-13,CTD3,5.34
2017-12-13,CTD4,5.205
2017-12-13,CTD5,3.125
2017-12-13,CTD6,4.8
2017-12-13,CTD7,4.305
2017-12-13,CTD8,3.925
2017-12-13,CTD9,
2017-12-18,CTD1,3.74
2017-12-18,CTD10,5.995
2017-12-18,CTD11,4.26
2017-12-18,CTD12,4.055
2017-12-18,CTD2,3.55
2017-12-18,CTD3,3.48
2017-12-18,CTD4,3.62
2017-12-18,CTD5,1.665
2017-12-18,CTD6,3.7
2017-12-18,CTD7,3.31
2017-12-18,CTD8,3.475
2017-12-18,CTD9,
2017-12-26,CTD1,4.33
2017-12-26,CTD10,3.56
2017-12-26,CTD11,3.375
2017-12-26,CTD12,3.52
2017-12-26,CTD2,3.06
2017-12-26,CTD3,3.24
2017-12-26,CTD4,3.04
2017-12-26,CTD5,0.715
2017-12-26,CTD6,3.66
2017-12-26,CTD7,3.505
2017-12-26,CTD8,4.415
2017-12-26,CTD9,
2018-01-02,CTD1,2.75
2018-01-02,CTD10,3.53
2018-01-02,CTD11,4.675
2018-01-02,CTD12,3.415
2018-01-02,CTD2,2.955
2018-01-02,CTD3,2.95
2018-01-02,CTD4,3.125
2018-01-02,CTD5,1.845
2018-01-02,CTD6,3.325
2018-01-02,CTD7,3.79
2018-01-02,CTD8,3.79
2018-01-02,CTD9,
2018-01-09,CTD1,3.17
2018-01-09,CTD10,2.905
2018-01-09,CTD11,2.655
2018-01-09,CTD12,2.835
2018-01-09,CTD2,2.56
2018-01-09,CTD3,2.56
2018-01-09,CTD4,2.48
2018-01-09,CTD5,1.73
2018-01-09,CTD6,2.635
2018-01-09,CTD7,2.695
2018-01-09,CTD8,2.76
2018-01-09,CTD9,
2018-01-17,CTD1,2.57
2018-01-17,CTD10,2.5
2018-01-17,CTD11,4.345
2018-01-17,CTD12,2.38
2018-01-17,CTD2,2.055
2018-01-17,CTD3,2.265
2018-01-17,CTD4,3.315
2018-01-17,CTD5,1.615
2018-01-17,CTD6,2.27
2018-01-17,CTD7,2.605
2018-01-17,CTD8,2.97
2018-01-17,CTD9,
2018-01-24,CTD1,2.09
2018-01-24,CTD10,2.46
2018-01-24,CTD11,3.765
2018-01-24,CTD12,2.445
2018-01-24,CTD2,2.125
2018-01-24,CTD3,2.125
2018-01-24,CTD4,2.225
2018-01-24,CTD5,0.555
2018-01-24,CTD6,2.355
2018-01-24,CTD7,2.12
2018-01-24,CTD8,2.375
2018-01-24,CTD9,
2018-01-31,CTD1,2.14
2018-01-31,CTD10,14.62
2018-01-31,CTD11,3.23
2018-01-31,CTD12,2.835
2018-01-31,CTD2,2.285
2018-01-31,CTD3,2.27
2018-01-31,CTD4,2.26
2018-01-31,CTD5,2.53
2018-01-31,CTD6,3.525
2018-01-31,CTD7,3.37
2018-01-31,CTD8,6.625
2018-01-31,CTD9,
2018-02-12,CTD1,2.55
2018-02-12,CTD10,3.345
2018-02-12,CTD11,8.015
2018-02-12,CTD12,3.03
2018-02-12,CTD2,2.24
2018-02-12,CTD3,2.155
2018-02-12,CTD4,2.425
2018-02-12,CTD5,0.72
2018-02-12,CTD6,3.12
2018-02-12,CTD7,4.5
2018-02-12,CTD8,4.22
2018-02-12,CTD9,
2018-02-20,CTD1,1.51
2018-02-20,CTD10,3.21
2018-02-20,CTD11,2.89
2018-02-20,CTD12,2.8
2018-02-20,CTD2,2.24
2018-02-20,CTD3,2.145
2018-02-20,CTD4,2.195
2018-02-20,CTD5,0.755
2018-02-20,CTD6,2.35
2018-02-20,CTD7,2.2
2018-02-20,CTD8,2.455
2018-02-20,CTD9,
2018-02-27,CTD1,1.99
2018-02-27,CTD10,3.305
2018-02-27,CTD11,3.495
2018-02-27,CTD12,2.29
2018-02-27,CTD2,2.08
2018-02-27,CTD3,1.915
2018-02-27,CTD4,2.22
2018-02-27,CTD5,1.465
2018-02-27,CTD6,2.11
2018-02-27,CTD7,1.83
2018-02-27,CTD8,2.475
2018-02-27,CTD9,
2018-03-07,CTD1,6.5
2018-03-07,CTD10,2.78
2018-03-07,CTD11,3.235
2018-03-07,CTD12,2.645
2018-03-07,CTD2,3.23
2018-03-07,CTD3,3.92
2018-03-07,CTD4,3.11
2018-03-07,CTD5,1.015
2018-03-07,CTD6,3.08
2018-03-07,CTD7,2.97
2018-03-07,CTD8,2.96
2018-03-07,CTD9,
2018-03-08,CTD1,2.36
2018-03-08,CTD10,2.335
2018-03-08,CTD11,2.745
2018-03-08,CTD12,1.77
2018-03-08,CTD2,2.89
2018-03-08,CTD3,2.095
2018-03-08,CTD4,1.85
2018-03-08,CTD5,1.475
2018-03-08,CTD6,1.49
2018-03-08,CTD7,4.235
2018-03-08,CTD8,3.255
2018-03-13,CTD1,6.61
2018-03-13,CTD10,2.815
2018-03-13,CTD11,2.725
2018-03-13,CTD12,2.33
2018-03-13,CTD2,2.24
2018-03-13,CTD3,2.76
2018-03-13,CTD4,2.725
2018-03-13,CTD5,1.975
2018-03-13,CTD6,2.22
2018-03-13,CTD7,2.26
2018-03-13,CTD8,2.985
2018-03-13,CTD9,
2018-03-26,CTD1,1.75
2018-03-26,CTD10,4.445
2018-03-26,CTD11,12.685
2018-03-26,CTD12,5.715
2018-03-26,CTD2,2.025
2018-03-26,CTD3,2.275
2018-03-26,CTD4,2.995
2018-03-26,CTD5,3.27
2018-03-26,CTD6,5.11
2018-03-26,CTD7,1.75
2018-03-26,CTD8,1.75
2018-03-26,CTD9,
2018-04-05,CTD1,4.33
2018-04-05,CTD10,2.26
2018-04-05,CTD11,2.155
2018-04-05,CTD12,1.885
2018-04-05,CTD2,1.61
2018-04-05,CTD3,1.49
2018-04-05,CTD4,1.33
2018-04-05,CTD5,1.185
2018-04-05,CTD6,1.38
2018-04-05,CTD7,1.92
2018-04-05,CTD8,1.41
2018-04-05,CTD9,
2018-04-17,CTD1,3.54
2018-04-17,CTD10,1.515
2018-04-17,CTD11,2.25
2018-04-17,CTD12,1.785
2018-04-17,CTD2,1.74
2018-04-17,CTD3,1.48
2018-04-17,CTD4,1.96
2018-04-17,CTD5,1.52
2018-04-17,CTD6,1.65
2018-04-17,CTD7,1.28
2018-04-17,CTD8,1.245
2018-04-17,CTD9,
2018-04-27,CTD1,1.32
2018-04-27,CTD10,5.66
2018-04-27,CTD11,3.49
2018-04-27,CTD12,2.52
2018-04-27,CTD2,1.195
2018-04-27,CTD3,1.085
2018-04-27,CTD4,1.44
2018-04-27,CTD5,1.48
2018-04-27,CTD6,2.455
2018-04-27,CTD7,2.88
2018-04-27,CTD8,4.22
2018-04-27,CTD9,
2018-05-02,CTD1,3.74
2018-05-02,CTD10,4.065
2018-05-02,CTD11,2.72
2018-05-02,CTD12,1.97
2018-05-02,CTD2,1.385
2018-05-02,CTD3,1.955
2018-05-02,CTD4,1.36
2018-05-02,CTD5,0.865
2018-05-02,CTD6,1.63
2018-05-02,CTD7,2.18
2018-05-02,CTD8,2.125
2018-05-02,CTD9,
2018-05-11,CTD1,3.78
2018-05-11,CTD10,1.875
2018-05-11,CTD11,1.915
2018-05-11,CTD12,1.25
2018-05-11,CTD2,1.065
2018-05-11,CTD3,1.115
2018-05-11,CTD4,1.415
2018-05-11,CTD5,0.53
2018-05-11,CTD6,1.245
2018-05-11,CTD7,2.06
2018-05-11,CTD8,1.475
2018-05-11,CTD9,
2018-05-16,CTD10,1.765
2018-05-16,CTD11,2.105
2018-05-16,CTD12,1.43
2018-05-16,CTD2,1.255
2018-05-16,CTD3,1.125
2018-05-16,CTD4,1.095
2018-05-16,CTD5,0.8
2018-05-16,CTD6,1.15
2018-05-16,CTD7,4.015
2018-05-16,CTD8,1.39
2018-05-16,CTD9,
2018-05-22,CTD1,2.82
2018-05-22,CTD10,1.645
2018-05-22,CTD11,1.82
2018-05-22,CTD12,1.325
2018-05-22,CTD2,1.095
2018-05-22,CTD3,0.59
2018-05-22,CTD4,0.92
2018-05-22,CTD5,0.24
2018-05-22,CTD6,2.085
2018-05-22,CTD7,3.07
2018-05-22,CTD8,1.73
2018-05-22,CTD9,
2018-05-30,CTD1,4.16
2018-05-30,CTD10,1.8
2018-05-30,CTD11,1.75
2018-05-30,CTD2,0.765
2018-05-30,CTD3,0.6
2018-05-30,CTD4,0.775
2018-05-30,CTD5,0.8
2018-05-30,CTD6,0.935
2018-05-30,CTD7,2.305
2018-05-30,CTD8,1.245
2018-05-30,CTD9,
2018-06-08,CTD1,4.32
2018-06-08,CTD10,2.13
2018-06-08,CTD11,2.17
2018-06-08,CTD12,1.42
2018-06-08,CTD2,0.975
2018-06-08,CTD3,0.605
2018-06-08,CTD4,0.455
2018-06-08,CTD5,0.38
2018-06-08,CTD6,2.42
2018-06-08,CTD7,3.06
2018-06-08,CTD8,2.805
2018-06-08,CTD9,
2018-06-12,CTD1,3.8
2018-06-12,CTD10,1.77
2018-06-12,CTD11,1.735
2018-06-12,CTD12,1.35
2018-06-12,CTD2,0.895
2018-06-12,CTD3,0.51
2018-06-12,CTD4,0.825
2018-06-12,CTD5,0.935
2018-06-12,CTD6,1.28
2018-06-12,CTD7,1.64
2018-06-12,CTD8,1.99
2018-06-12,CTD9,
2018-06-20,CTD1,1.24
2018-06-20,CTD10,1.25
2018-06-20,CTD11,1.2
2018-06-20,CTD12,0.995
2018-06-20,CTD2,0.72
2018-06-20,CTD3,0.885
2018-06-20,CTD4,0.805
2018-06-20,CTD5,0.52
2018-06-20,CTD6,0.875
2018-06-20,CTD7,1.04
2018-06-20,CTD8,1.465
2018-06-20,CTD9,
2018-06-26,CTD1,1.09
2018-06-26,CTD10,1.255
2018-06-26,CTD11,1.265
2018-06-26,CTD12,1.555
2018-06-26,CTD2,0.67
2018-06-26,CTD3,0.785
2018-06-26,CTD4,0.83
2018-06-26,CTD5,1.015
2018-06-26,CTD6,1.025
2018-06-26,CTD7,1.015
2018-06-26,CTD8,1.69
2018-06-26,CTD9,
2018-07-04,CTD1,1.21
2018-07-04,CTD10,0.88
2018-07-04,CTD11,1.72
2018-07-04,CTD12,1.955
2018-07-04,CTD2,0.92
2018-07-04,CTD3,0.96
2018-07-04,CTD4,1.495
2018-07-04,CTD5,0.92
2018-07-04,CTD6,1.075
2018-07-04,CTD7,0.88
2018-07-04,CTD8,2.345
2018-07-04,CTD9,
2018-07-10,CTD1,1.66
2018-07-10,CTD10,1.3
2018-07-10,CTD11,1.145
2018-07-10,CTD12,1.325
2018-07-10,CTD2,1.1
2018-07-10,CTD3,1.245
2018-07-10,CTD4,1.005
2018-07-10,CTD5,1.115
2018-07-10,CTD6,1.145
2018-07-10,CTD7,0.8
2018-07-10,CTD8,1.605
2018-07-10,CTD9,
2018-07-19,CTD1,0.8
2018-07-19,CTD10,1.235
2018-07-19,CTD11,0.99
2018-07-19,CTD12,1.77
2018-07-19,CTD2,0.815
2018-07-19,CTD3,0.795
2018-07-19,CTD4,1.095
2018-07-19,CTD5,1.01
2018-07-19,CTD6,1.03
2018-07-19,CTD7,0.905
2018-07-19,CTD8,1.315
2018-07-19,CTD9,
2018-07-24,CTD1,0.67
2018-07-24,CTD10,1.67
2018-07-24,CTD11,0.995
2018-07-24,CTD12,1.585
2018-07-24,CTD2,0.445
2018-07-24,CTD3,0.72
2018-07-24,CTD4,0.69
2018-07-24,CTD5,0.88
2018-07-24,CTD6,1.425
2018-07-24,CTD7,1.105
2018-07-24,CTD8,1.755
2018-07-24,CTD9,
2018-08-03,CTD1,1.01
2018-08-03,CTD10,0.875
2018-08-03,CTD11,1.15
2018-08-03,CTD12,3.01
2018-08-03,CTD2,0.62
2018-08-03,CTD3,0.74
2018-08-03,CTD4,0.705
2018-08-03,CTD5,0.345
2018-08-03,CTD6,2.23
2018-08-03,CTD7,0.82
2018-08-03,CTD8,1.315
2018-08-03,CTD9,
2018-08-09,CTD1,0.62
2018-08-09,CTD10,0.885
2018-08-09,CTD11,0.995
2018-08-09,CTD12,1.62
2018-08-09,CTD2,0.495
2018-08-09,CTD3,0.48
2018-08-09,CTD4,0.705
2018-08-09,CTD5,0.67
2018-08-09,CTD6,1.005
2018-08-09,CTD7,1.08
2018-08-09,CTD8,2.565
2018-08-09,CTD9,
2018-08-14,CTD1,1.71
2018-08-14,CTD10,0.99
2018-08-14,CTD11,0.61
2018-08-14,CTD12,1.145
2018-08-14,CTD2,0.65
2018-08-14,CTD3,0.435
2018-08-14,CTD4,0.535
2018-08-14,CTD5,0.575
2018-08-14,CTD6,1.015
2018-08-14,CTD7,0.535
2018-08-14,CTD8,1.515
2018-08-14,CTD9,
2018-08-23,CTD1,0.5
2018-08-23,CTD10,0.67
2018-08-23,CTD11,0.84
2018-08-23,CTD12,1.755
2018-08-23,CTD2,0.94
2018-08-23,CTD3,0.62
2018-08-23,CTD4,0.54
2018-08-23,CTD5,0.47
2018-08-23,CTD6,0.645
2018-08-23,CTD7,0.825
2018-08-23,CTD8,1.155
2018-08-23,CTD9,
2018-08-24,CTD5,
2018-08-29,CTD1,0.44
2018-08-29,CTD10,0.62
2018-08-29,CTD11,0.91
2018-08-29,CTD12,2.445
2018-08-29,CTD2,0.615
2018-08-29,CTD3,0.6
2018-08-29,CTD4,0.635
2018-08-29,CTD5,0.53
2018-08-29,CTD6,1.075
2018-08-29,CTD7,0.835
2018-08-29,CTD8,1.615
2018-08-29,CTD9,
2018-09-04,CTD1,0.6
2018-09-04,CTD10,0.695
2018-09-04,CTD11,1.24
2018-09-04,CTD12,2.7
2018-09-04,CTD2,0.85
2018-09-04,CTD3,0.58
2018-09-04,CTD4,0.73
2018-09-04,CTD5,0.67
2018-09-04,CTD6,0.875
2018-09-04,CTD7,3.25
2018-09-04,CTD8,1.005
2018-09-04,CTD9,
2018-09-13,CTD1,0.64
2018-09-13,CTD10,1.36
2018-09-13,CTD11,1.045
2018-09-13,CTD12,2.02
2018-09-13,CTD2,0.69
2018-09-13,CTD3,0.735
2018-09-13,CTD4,0.685
2018-09-13,CTD5,1.18
2018-09-13,CTD6,1.245
2018-09-13,CTD7,1.86
2018-09-13,CTD8,4.755
2018-09-13,CTD9,
2018-09-20,CTD1,0.83
2018-09-20,CTD10,1.465
2018-09-20,CTD11,1.0
2018-09-20,CTD12,1.405
2018-09-20,CTD2,0.6
2018-09-20,CTD3,0.68
2018-09-20,CTD4,0.565
2018-09-20,CTD5,0.68
2018-09-20,CTD6,1.265
2018-09-20,CTD7,0.86
2018-09-20,CTD8,1.73
2018-09-20,CTD9,
2018-09-25,CTD1,0.51
2018-09-25,CTD10,1.07
2018-09-25,CTD11,1.25
2018-09-25,CTD12,1.445
2018-09-25,CTD2,0.69
2018-09-25,CTD3,0.705
2018-09-25,CTD4,0.645
2018-09-25,CTD5,0.355
2018-09-25,CTD6,1.465
2018-09-25,CTD7,0.71
2018-09-25,CTD8,1.195
2018-09-25,CTD9,
2018-10-03,CTD1,0.61
2018-10-03,CTD10,1.01
2018-10-03,CTD11,1.11
2018-10-03,CTD12,3.055
2018-10-03,CTD2,0.565
2018-10-03,CTD3,0.58
2018-10-03,CTD4,0.325
2018-10-03,CTD5,0.755
2018-10-03,CTD6,1.61
2018-10-03,CTD7,0.65
2018-10-03,CTD8,1.455
2018-10-03,CTD9,
2018-10-10,CTD1,0.53
2018-10-10,CTD10,1.885
2018-10-10,CTD11,1.205
2018-10-10,CTD12,1.195
2018-10-10,CTD2,0.715
2018-10-10,CTD3,0.695
2018-10-10,CTD4,0.835
2018-10-10,CTD5,2.515
2018-10-10,CTD6,0.995
2018-10-10,CTD7,2.615
2018-10-10,CTD8,0.64
2018-10-10,CTD9,
2018-10-17,CTD1,0.56
2018-10-17,CTD10,1.09
2018-10-17,CTD11,0.75
2018-10-17,CTD12,2.05
2018-10-17,CTD2,0.65
2018-10-17,CTD3,0.77
2018-10-17,CTD4,0.675
2018-10-17,CTD5,0.66
2018-10-17,CTD6,1.065
2018-10-17,CTD7,0.895
2018-10-17,CTD8,0.66
2018-10-17,CTD9,
2018-10-24,CTD1,0.57
2018-10-24,CTD10,0.75
2018-10-24,CTD11,0.86
2018-10-24,CTD12,1.05
2018-10-24,CTD2,0.675
2018-10-24,CTD3,0.765
2018-10-24,CTD4,0.875
2018-10-24,CTD5,0.89
2018-10-24,CTD6,1.055
2018-10-24,CTD7,0.72
2018-10-24,CTD8,0.725
2018-10-24,CTD9,
2018-10-31,CTD1,1.1
2018-10-31,CTD11,0.78
2018-10-31,CTD12,1.51
2018-10-31,CTD2,1.035
2018-10-31,CTD3,0.575
2018-10-31,CTD4,1.245
2018-10-31,CTD5,1.335
2018-10-31,CTD6,1.285
2018-10-31,CTD7,1.015
2018-10-31,CTD8,4.215
2018-11-07,CTD1,0.55
2018-11-07,CTD10,2.13
2018-11-07,CTD11,1.725
2018-11-07,CTD12,0.87
2018-11-07,CTD2,0.65
2018-11-07,CTD3,0.58
2018-11-07,CTD4,0.76
2018-11-07,CTD5,0.645
2018-11-07,CTD6,1.415
2018-11-07,CTD7,0.505
2018-11-07,CTD8,2.13
2018-11-07,CTD9,
2018-11-21,CTD1,1.76
2018-11-21,CTD10,1.915
2018-11-21,CTD12,1.855
2018-11-21,CTD2,0.99
2018-11-21,CTD3,1.38
2018-11-21,CTD4,1.76
2018-11-21,CTD5,2.195
2018-11-21,CTD6,1.68
2018-11-21,CTD7,7.355
2018-11-21,CTD8,1.915
2018-11-21,CTD9,
2018-11-28,CTD1,0.77
2018-11-28,CTD10,1.34
2018-11-28,CTD11,1.16
2018-11-28,CTD12,1.085
2018-11-28,CTD2,0.8
2018-11-28,CTD3,0.895
2018-11-28,CTD4,1.2
2018-11-28,CTD5,0.715
2018-11-28,CTD6,1.325
2018-11-28,CTD7,1.955
2018-11-28,CTD8,1.035
2018-11-28,CTD9,
2018-12-04,CTD1,0.62
2018-12-04,CTD10,0.93
2018-12-04,CTD11,0.605
2018-12-04,CTD12,0.99
2018-12-04,CTD2,0.62
2018-12-04,CTD3,0.77
2018-12-04,CTD4,0.63
2018-12-04,CTD5,0.54
2018-12-04,CTD6,1.175
2018-12-04,CTD7,2.73
2018-12-04,CTD8,0.81
2018-12-04,CTD9,
2018-12-11,CTD1,0.64
2018-12-11,CTD10,0.845
2018-12-11,CTD11,0.71
2018-12-11,CTD12,1.1
2018-12-11,CTD2,0.715
2018-12-11,CTD3,0.705
2018-12-11,CTD4,0.67
2018-12-11,CTD5,0.555
2018-12-11,CTD6,1.21
2018-12-11,CTD7,2.11
2018-12-11,CTD8,0.825
2018-12-11,CTD9,
2018-12-19,CTD1,0.5
2018-12-19,CTD10,1.095
2018-12-19,CTD11,1.19
2018-12-19,CTD12,1.24
2018-12-19,CTD2,0.63
2018-12-19,CTD3,0.735
2018-12-19,CTD4,0.64
2018-12-19,CTD5,0.56
2018-12-19,CTD6,1.265
2018-12-19,CTD7,2.36
2018-12-19,CTD8,1.095
2018-12-19,CTD9,
2018-12-26,CTD1,0.45
2018-12-26,CTD10,0.91
2018-12-26,CTD11,0.66
2018-12-26,CTD12,0.76
2018-12-26,CTD2,0.58
2018-12-26,CTD3,0.7
2018-12-26,CTD4,0.56
2018-12-26,CTD5,0.625
2018-12-26,CTD6,0.56
2018-12-26,CTD7,0.66
2018-12-26,CTD8,0.7
2018-12-26,CTD9,
2019-01-03,CTD1,0.45
2019-01-03,CTD10,0.615
2019-01-03,CTD11,0.575
2019-01-03,CTD12,0.97
2019-01-03,CTD2,0.675
2019-01-03,CTD3,0.51
2019-01-03,CTD4,0.415
2019-01-03,CTD5,0.42
2019-01-03,CTD6,1.595
2019-01-03,CTD7,1.235
2019-01-03,CTD8,0.965
2019-01-03,CTD9,
2019-01-09,CTD1,0.55
2019-01-09,CTD10,0.5
2019-01-09,CTD11,0.56
2019-01-09,CTD12,0.65
2019-01-09,CTD2,0.64
2019-01-09,CTD3,0.49
2019-01-09,CTD4,0.445
2019-01-09,CTD5,0.545
2019-01-09,CTD6,0.86
2019-01-09,CTD7,5.27
2019-01-09,CTD8,0.53
2019-01-09,CTD9,
2019-01-17,CTD1,0.53
2019-01-17,CTD10,0.585
2019-01-17,CTD11,0.48
2019-01-17,CTD12,0.58
2019-01-17,CTD2,0.545
2019-01-17,CTD3,0.525
2019-01-17,CTD4,0.62
2019-01-17,CTD5,0.83
2019-01-17,CTD6,0.61
2019-01-17,CTD7,0.61
2019-01-17,CTD8,0.92
2019-01-17,CTD9,
2019-01-25,CTD1,0.51
2019-01-25,CTD10,0.82
2019-01-25,CTD11,0.72
2019-01-25,CTD12,0.755
2019-01-25,CTD2,0.585
2019-01-25,CTD3,0.485
2019-01-25,CTD4,0.84
2019-01-25,CTD5,1.83
2019-01-25,CTD6,0.865
2019-01-25,CTD7,1.62
2019-01-25,CTD8,0.79
2019-01-25,CTD9,
2019-02-06,CTD1,0.78
2019-02-06,CTD10,3.29
2019-02-06,CTD11,2.995
2019-02-06,CTD12,2.685
2019-02-06,CTD2,1.045
2019-02-06,CTD3,0.98
2019-02-06,CTD4,1.385
2019-02-06,CTD5,0.96
2019-02-06,CTD6,1.865
2019-02-06,CTD7,0.8
2019-02-06,CTD8,1.085
2019-02-06,CTD9,
2019-02-12,CTD1,0.55
2019-02-12,CTD10,0.96
2019-02-12,CTD11,0.995
2019-02-12,CTD12,1.125
2019-02-12,CTD2,0.715
2019-02-12,CTD3,0.8
2019-02-12,CTD4,0.605
2019-02-12,CTD5,0.855
2019-02-12,CTD6,0.89
2019-02-12,CTD7,1.49
2019-02-12,CTD8,0.62
2019-02-12,CTD9,
2019-02-20,CTD1,0.46
2019-02-20,CTD10,0.9
2019-02-20,CTD11,0.635
2019-02-20,CTD12,1.41
2019-02-20,CTD2,0.825
2019-02-20,CTD3,0.885
2019-02-20,CTD4,0.56
2019-02-20,CTD5,0.855
2019-02-20,CTD6,0.75
2019-02-20,CTD7,3.985
2019-02-20,CTD8,0.625
2019-02-20,CTD9,
2019-02-26,CTD1,0.56
2019-02-26,CTD10,0.77
2019-02-26,CTD11,0.835
2019-02-26,CTD12,0.99
2019-02-26,CTD2,1.035
2019-02-26,CTD3,0.715
2019-02-26,CTD4,0.535
2019-02-26,CTD5,1.485
2019-02-26,CTD6,1.03
2019-02-26,CTD7,1.54
2019-02-26,CTD8,0.79
2019-02-26,CTD9,
2019-03-05,CTD1,1.0
2019-03-05,CTD10,0.69
2019-03-05,CTD11,0.585
2019-03-05,CTD12,1.385
2019-03-05,CTD2,0.78
2019-03-05,CTD3,0.855
2019-03-05,CTD4,0.69
2019-03-05,CTD5,0.465
2019-03-05,CTD6,0.865
2019-03-05,CTD7,1.17
2019-03-05,CTD8,0.9
2019-03-05,CTD9,
2019-03-12,CTD1,0.69
2019-03-12,CTD10,0.785
2019-03-12,CTD11,0.83
2019-03-12,CTD12,1.03
2019-03-12,CTD2,1.295
2019-03-12,CTD3,1.03
2019-03-12,CTD4,0.74
2019-03-12,CTD5,0.62
2019-03-12,CTD6,0.82
2019-03-12,CTD7,1.265
2019-03-12,CTD8,0.825
2019-03-12,CTD9,
2019-03-28,CTD1,0.7
2019-03-28,CTD10,1.02
2019-03-28,CTD11,0.955
2019-03-28,CTD12,2.675
2019-03-28,CTD2,2.285
2019-03-28,CTD3,1.78
2019-03-28,CTD4,1.315
2019-03-28,CTD5,4.28
2019-03-28,CTD6,1.595
2019-03-28,CTD7,15.92
2019-03-28,CTD8,4.13
2019-03-28,CTD9,
2019-04-02,CTD1,0.61
2019-04-02,CTD10,3.575
2019-04-02,CTD11,0.99
2019-04-02,CTD12,1.075
2019-04-02,CTD2,1.515
2019-04-02,CTD3,1.24
2019-04-02,CTD4,1.155
2019-04-02,CTD5,2.655
2019-04-02,CTD6,1.345
2019-04-02,CTD7,8.295
2019-04-02,CTD8,1.28
2019-04-02,CTD9,
2019-04-15,CTD1,1.76
2019-04-15,CTD10,1.555
2019-04-15,CTD11,0.68
2019-04-15,CTD12,1.44
2019-04-15,CTD2,1.025
2019-04-15,CTD3,0.92
2019-04-15,CTD4,0.765
2019-04-15,CTD5,0.525
2019-04-15,CTD6,1.42
2019-04-15,CTD7,2.69
2019-04-15,CTD8,1.59
2019-04-15,CTD9,
2019-04-24,CTD1,1.8
2019-04-24,CTD10,2.985
2019-04-24,CTD11,2.555
2019-04-24,CTD12,2.945
2019-04-24,CTD2,2.145
2019-04-24,CTD3,2.09
2019-04-24,CTD4,3.05
2019-04-24,CTD5,5.43
2019-04-24,CTD6,3.055
2019-04-24,CTD7,3.6
2019-04-24,CTD8,2.52
2019-04-24,CTD9,
2019-04-30,CTD1,1.16
2019-04-30,CTD10,1.61
2019-04-30,CTD11,2.785
2019-04-30,CTD12,1.835
2019-04-30,CTD2,1.92
2019-04-30,CTD3,1.77
2019-04-30,CTD4,2.675
2019-04-30,CTD5,2.605
2019-04-30,CTD6,2.525
2019-04-30,CTD7,4.745
2019-04-30,CTD8,1.6
2019-04-30,CTD9,
2019-05-08,CTD1,1.49
2019-05-08,CTD10,0.865
2019-05-08,CTD11,1.11
2019-05-08,CTD12,1.925
2019-05-08,CTD2,2.125
2019-05-08,CTD3,1.57
2019-05-08,CTD4,1.26
2019-05-08,CTD5,0.675
2019-05-08,CTD6,1.575
2019-05-08,CTD7,4.045
2019-05-08,CTD8,2.135
2019-05-08,CTD9,
2019-05-15,CTD1,1.87
2019-05-15,CTD10,1.165
2019-05-15,CTD11,1.35
2019-05-15,CTD12,1.87
2019-05-15,CTD2,1.75
2019-05-15,CTD3,1.425
2019-05-15,CTD4,1.47
2019-05-15,CTD5,1.36
2019-05-15,CTD6,2.365
2019-05-15,CTD7,3.26
2019-05-15,CTD8,1.64
2019-05-15,CTD9,
2019-05-21,CTD1,1.12
2019-05-21,CTD10,1.56
2019-05-21,CTD11,2.155
2019-05-21,CTD12,1.91
2019-05-21,CTD2,1.665
2019-05-21,CTD3,1.665
2019-05-21,CTD4,1.62
2019-05-21,CTD5,1.07
2019-05-21,CTD6,1.825
2019-05-21,CTD7,2.205
2019-05-21,CTD8,3.37
2019-05-21,CTD9,
2019-05-29,CTD1,1.19
2019-05-29,CTD12,1.965
2019-05-29,CTD2,2.12
2019-05-29,CTD3,1.83
2019-05-29,CTD4,1.5
2019-05-29,CTD5,0.75
2019-05-29,CTD6,1.94
2019-05-29,CTD8,2.435
2019-06-04,CTD1,1.6
2019-06-04,CTD10,1.205
2019-06-04,CTD11,1.705
2019-06-04,CTD12,1.645
2019-06-04,CTD2,1.915
2019-06-04,CTD3,1.735
2019-06-04,CTD4,1.735
2019-06-04,CTD5,0.815
2019-06-04,CTD6,1.87
2019-06-04,CTD7,1.38
2019-06-04,CTD8,2.76
2019-06-04,CTD9,
2019-06-18,CTD1,1.32
2019-06-18,CTD10,1.435
2019-06-18,CTD11,1.96
2019-06-18,CTD12,1.335
2019-06-18,CTD2,1.915
2019-06-18,CTD3,1.405
2019-06-18,CTD4,1.21
2019-06-18,CTD5,0.88
2019-06-18,CTD6,1.475
2019-06-18,CTD7,1.575
2019-06-18,CTD8,2.61
2019-06-18,CTD9,
2019-06-25,CTD1,1.16
2019-06-25,CTD10,1.35
2019-06-25,CTD11,1.645
2019-06-25,CTD12,1.41
2019-06-25,CTD2,1.375
2019-06-25,CTD3,1.38
2019-06-25,CTD4,1.29
2019-06-25,CTD5,0.485
2019-06-25,CTD6,1.685
2019-06-25,CTD7,2.105
2019-06-25,CTD8,1.425
2019-07-04,CTD1,1.02
2019-07-04,CTD10,1.04
2019-07-04,CTD11,1.52
2019-07-04,CTD12,1.515
2019-07-04,CTD2,1.355
2019-07-04,CTD3,1.5
2019-07-04,CTD4,1.48
2019-07-04,CTD6,1.165
2019-07-04,CTD7,1.35
2019-07-04,CTD8,2.84
2019-07-04,CTD9,
2019-07-05,CTD5,0.49
2019-07-11,CTD1,0.83
2019-07-11,CTD10,0.885
2019-07-11,CTD11,1.245
2019-07-11,CTD12,0.855
2019-07-11,CTD2,0.92
2019-07-11,CTD3,1.08
2019-07-11,CTD4,1.105
2019-07-11,CTD5,0.685
2019-07-11,CTD6,1.585
2019-07-11,CTD7,1.045
2019-07-11,CTD8,2.465
2019-07-11,CTD9,
2019-07-19,CTD1,0.73
2019-07-19,CTD10,0.87
2019-07-19,CTD11,1.155
2019-07-19,CTD12,1.02
2019-07-19,CTD2,1.04
2019-07-19,CTD3,1.265
2019-07-19,CTD4,1.075
2019-07-19,CTD5,0.685
2019-07-19,CTD6,1.4
2019-07-19,CTD7,0.71
2019-07-19,CTD8,1.375
2019-07-19,CTD9,
2019-07-26,CTD1,0.95
2019-07-26,CTD10,1.02
2019-07-26,CTD11,1.005
2019-07-26,CTD12,1.28
2019-07-26,CTD2,1.655
2019-07-26,CTD3,1.445
2019-07-26,CTD4,1.54
2019-07-26,CTD5,0.945
2019-07-26,CTD6,1.325
2019-07-26,CTD7,0.895
2019-07-26,CTD8,4.165
2019-07-26,CTD9,
2019-07-30,CTD1,0.79
2019-07-30,CTD10,1.19
2019-07-30,CTD11,1.035
2019-07-30,CTD12,0.99
2019-07-30,CTD2,1.595
2019-07-30,CTD3,1.28
2019-07-30,CTD4,1.13
2019-07-30,CTD5,0.77
2019-07-30,CTD6,2.455
2019-07-30,CTD7,1.45
2019-07-30,CTD8,2.91
2019-07-30,CTD9,
2019-08-06,CTD1,0.77
2019-08-06,CTD10,1.495
2019-08-06,CTD11,1.465
2019-08-06,CTD12,1.31
2019-08-06,CTD2,1.34
2019-08-06,CTD3,1.175
2019-08-06,CTD4,1.465
2019-08-06,CTD5,0.415
2019-08-06,CTD6,1.765
2019-08-06,CTD7,0.635
2019-08-06,CTD8,1.96
2019-08-06,CTD9,
2019-08-14,CTD1,1.34
2019-08-14,CTD10,2.635
2019-08-14,CTD11,2.82
2019-08-14,CTD12,2.2
2019-08-14,CTD2,2.45
2019-08-14,CTD3,2.395
2019-08-14,CTD4,2.525
2019-08-14,CTD5,2.575
2019-08-14,CTD6,3.09
2019-08-14,CTD7,3.75
2019-08-14,CTD8,12.315
2019-08-14,CTD9,
2019-08-22,CTD1,2.6
2019-08-22,CTD10,2.19
2019-08-22,CTD11,3.65
2019-08-22,CTD12,3.125
2019-08-22,CTD2,3.455
2019-08-22,CTD3,2.9
2019-08-22,CTD4,2.875
2019-08-22,CTD5,2.99
2019-08-22,CTD6,4.375
2019-08-22,CTD7,9.65
2019-08-22,CTD8,7.415
2019-08-22,CTD9,
2019-08-29,CTD1,2.44
2019-08-29,CTD10,3.205
2019-08-29,CTD11,3.18
2019-08-29,CTD12,3.16
2019-08-29,CTD2,3.525
2019-08-29,CTD3,3.425
2019-08-29,CTD4,3.78
2019-08-29,CTD5,2.43
2019-08-29,CTD6,3.55
2019-08-29,CTD7,6.505
2019-08-29,CTD8,6.895
2019-08-29,CTD9,
2019-09-04,CTD1,1.56
2019-09-04,CTD10,2.37
2019-09-04,CTD11,2.845
2019-09-04,CTD12,2.995
2019-09-04,CTD2,3.565
2019-09-04,CTD3,3.32
2019-09-04,CTD4,2.96
2019-09-04,CTD5,0.96
2019-09-04,CTD6,3.87
2019-09-04,CTD7,9.25
2019-09-04,CTD8,3.175
2019-09-04,CTD9,
2019-09-10,CTD1,1.78
2019-09-10,CTD10,2.02
2019-09-10,CTD11,1.895
2019-09-10,CTD12,2.145
2019-09-10,CTD2,3.23
2019-09-10,CTD3,2.56
2019-09-10,CTD4,4.005
2019-09-10,CTD5,1.675
2019-09-10,CTD6,3.405
2019-09-10,CTD8,6.05
2019-09-10,CTD9,
2019-09-17,CTD1,8.48
2019-09-17,CTD10,6.955
2019-09-17,CTD11,6.12
2019-09-17,CTD12,6.69
2019-09-17,CTD2,9.72
2019-09-17,CTD3,12.645
2019-09-17,CTD4,9.36
2019-09-17,CTD5,3.835
2019-09-17,CTD6,8.685
2019-09-17,CTD7,11.54
2019-09-17,CTD8,7.07
2019-09-17,CTD9,
2019-09-18,CTD1,15.15
2019-09-18,CTD10,6.545
2019-09-18,CTD11,7.345
2019-09-18,CTD12,6.005
2019-09-18,CTD2,7.465
2019-09-18,CTD3,7.095
2019-09-18,CTD4,5.93
2019-09-18,CTD5,3.94
2019-09-18,CTD6,6.17
2019-09-18,CTD7,6.255
2019-09-18,CTD8,5.94
2019-09-18,CTD9,
2019-09-19,CTD1,13.33
2019-09-19,CTD10,9.81
2019-09-19,CTD11,5.95
2019-09-19,CTD12,5.805
2019-09-19,CTD2,9.51
2019-09-19,CTD3,8.035
2019-09-19,CTD4,5.005
2019-09-19,CTD5,0.95
2019-09-19,CTD6,4.725
2019-09-19,CTD7,8.845
2019-09-19,CTD8,6.74
2019-09-19,CTD9,
2019-09-26,CTD1,14.12
2019-09-26,CTD10,3.96
2019-09-26,CTD11,3.47
2019-09-26,CTD12,1.975
2019-09-26,CTD2,2.505
2019-09-26,CTD3,1.98
2019-09-26,CTD4,2.125
2019-09-26,CTD6,1.73
2019-09-26,CTD7,4.505
2019-09-26,CTD8,2.255
2019-09-26,CTD9,
2019-10-03,CTD1,13.75
2019-10-03,CTD10,2.425
2019-10-03,CTD11,2.375
2019-10-03,CTD12,2.285
2019-10-03,CTD2,2.175
2019-10-03,CTD3,2.205
2019-10-03,CTD4,2.645
2019-10-03,CTD5,1.465
2019-10-03,CTD6,2.38
2019-10-03,CTD7,5.055
2019-10-03,CTD8,2.21
2019-10-03,CTD9,
2019-10-15,CTD1,12.73
2019-10-15,CTD10,6.18
2019-10-15,CTD11,6.45
2019-10-15,CTD12,7.01
2019-10-15,CTD2,3.27
2019-10-15,CTD3,5.445
2019-10-15,CTD4,5.97
2019-10-15,CTD5,2.65
2019-10-15,CTD6,8.38
2019-10-15,CTD7,8.645
2019-10-15,CTD8,5.605
2019-10-15,CTD9,
2019-10-16,CTD1,8.8
2019-10-16,CTD10,8.665
2019-10-16,CTD11,5.675
2019-10-16,CTD12,3.525
2019-10-16,CTD2,6.145
2019-10-16,CTD3,3.86
2019-10-16,CTD4,4.285
2019-10-16,CTD5,1.77
2019-10-16,CTD6,6.37
2019-10-16,CTD7,11.94
2019-10-16,CTD8,5.885
2019-10-16,CTD9,
2019-10-25,CTD1,7.88
2019-10-25,CTD10,6.565
2019-10-25,CTD11,5.005
2019-10-25,CTD12,4.005
2019-10-25,CTD2,5.08
2019-10-25,CTD3,3.47
2019-10-25,CTD4,3.745
2019-10-25,CTD6,4.5
2019-10-25,CTD7,8.475
2019-10-25,CTD8,5.085
2019-10-25,CTD9,
2019-11-04,CTD1,6.62
2019-11-04,CTD10,6.205
2019-11-04,CTD11,7.405
2019-11-04,CTD12,5.935
2019-11-04,CTD2,7.815
2019-11-04,CTD3,6.76
2019-11-04,CTD4,5.82
2019-11-04,CTD6,5.285
2019-11-04,CTD7,7.115
2019-11-04,CTD8,6.47
2019-11-04,CTD9,
2019-11-07,CTD1,14.47
2019-11-07,CTD10,7.58
2019-11-07,CTD11,7.25
2019-11-07,CTD12,5.705
2019-11-07,CTD2,10.04
2019-11-07,CTD3,5.895
2019-11-07,CTD4,3.735
2019-11-07,CTD5,2.4
2019-11-07,CTD6,6.16
2019-11-07,CTD7,9.565
2019-11-07,CTD8,5.15
2019-11-07,CTD9,
2019-11-14,CTD1,6.41
2019-11-14,CTD10,16.335
2019-11-14,CTD11,29.23
2019-11-14,CTD12,18.26
2019-11-14,CTD2,7.6
2019-11-14,CTD3,5.855
2019-11-14,CTD4,4.485
2019-11-14,CTD5,1.24
2019-11-14,CTD6,14.94
2019-11-14,CTD7,9.3
2019-11-14,CTD8,8.52
2019-11-14,CTD9,
2019-11-21,CTD1,2.32
2019-11-21,CTD10,8.59
2019-11-21,CTD11,8.665
2019-11-21,CTD12,8.665
2019-11-21,CTD2,5.295
2019-11-21,CTD3,4.405
2019-11-21,CTD4,4.5
2019-11-21,CTD5,2.7
2019-11-21,CTD6,8.09
2019-11-21,CTD7,5.425
2019-11-21,CTD8,6.36
2019-11-21,CTD9,
2019-11-27,CTD1,1.07
2019-11-27,CTD10,5.02
2019-11-27,CTD11,8.755
2019-11-27,CTD12,5.21
2019-11-27,CTD2,4.67
2019-11-27,CTD3,4.58
2019-11-27,CTD4,4.97
2019-11-27,CTD5,0.755
2019-11-27,CTD6,5.63
2019-11-27,CTD7,4.07
2019-11-27,CTD8,5.4
2019-11-27,CTD9,
2019-12-05,CTD1,4.88
2019-12-05,CTD10,17.495
2019-12-05,CTD11,23.51
2019-12-05,CTD12,13.805
2019-12-05,CTD2,8.14
2019-12-05,CTD3,5.23
2019-12-05,CTD4,4.96
2019-12-05,CTD5,23.275
2019-12-05,CTD6,14.24
2019-12-05,CTD7,11.695
2019-12-05,CTD8,12.22
2019-12-05,CTD9,
2019-12-11,CTD1,2.28
2019-12-11,CTD10,6.635
2019-12-11,CTD11,8.605
2019-12-11,CTD12,7.165
2019-12-11,CTD2,4.475
2019-12-11,CTD3,4.685
2019-12-11,CTD4,4.39
2019-12-11,CTD6,6.58
2019-12-11,CTD7,6.47
2019-12-11,CTD8,7.49
2019-12-11,CTD9,
2019-12-16,CTD1,0.86
2019-12-16,CTD10,4.71
2019-12-16,CTD11,5.56
2019-12-16,CTD12,3.615
2019-12-16,CTD2,3.035
2019-12-16,CTD3,2.42
2019-12-16,CTD4,3.415
2019-12-16,CTD6,3.935
2019-12-16,CTD7,5.17
2019-12-16,CTD8,4.075
2019-12-16,CTD9,
2019-12-26,CTD1,0.87
2019-12-26,CTD10,2.815
2019-12-26,CTD11,3.095
2019-12-26,CTD12,3.495
2019-12-26,CTD2,5.065
2019-12-26,CTD3,4.43
2019-12-26,CTD4,3.52
2019-12-26,CTD5,1.16
2019-12-26,CTD6,7.21
2019-12-26,CTD7,7.24
2019-12-26,CTD8,3.61
2019-12-26,CTD9,
2020-01-03,CTD1,2.81
2020-01-03,CTD10,1.935
2020-01-03,CTD11,1.87
2020-01-03,CTD12,2.085
2020-01-03,CTD2,2.19
2020-01-03,CTD3,2.685
2020-01-03,CTD4,1.865
2020-01-03,CTD5,1.61
2020-01-03,CTD6,3.17
2020-01-03,CTD7,3.42
2020-01-03,CTD8,4.715
2020-01-03,CTD9,
2020-01-08,CTD1,2.31
2020-01-08,CTD10,1.95
2020-01-08,CTD11,1.65
2020-01-08,CTD12,3.065
2020-01-08,CTD2,1.72
2020-01-08,CTD3,2.295
2020-01-08,CTD4,1.685
2020-01-08,CTD5,0.795
2020-01-08,CTD6,2.69
2020-01-08,CTD7,4.01
2020-01-08,CTD8,4.01
2020-01-08,CTD9,
2020-01-17,CTD1,1.29
2020-01-17,CTD10,1.4
2020-01-17,CTD11,1.43
2020-01-17,CTD12,1.82
2020-01-17,CTD2,0.99
2020-01-17,CTD3,1.8
2020-01-17,CTD4,1.33
2020-01-17,CTD5,1.14
2020-01-17,CTD6,3.685
2020-01-17,CTD7,4.095
2020-01-17,CTD8,1.27
2020-01-17,CTD9,
2020-01-23,CTD1,4.82
2020-01-23,CTD10,18.02
2020-01-23,CTD11,11.42
2020-01-23,CTD12,15.46
2020-01-23,CTD2,8.735
2020-01-23,CTD3,7.95
2020-01-23,CTD4,7.12
2020-01-23,CTD6,9.295
2020-01-23,CTD7,14.015
2020-01-23,CTD8,16.565
2020-01-23,CTD9,
2020-01-29,CTD1,1.33
2020-01-29,CTD10,5.52
2020-01-29,CTD11,4.805
2020-01-29,CTD12,5.08
2020-01-29,CTD2,4.86
2020-01-29,CTD3,3.29
2020-01-29,CTD4,3.84
2020-01-29,CTD5,2.35
2020-01-29,CTD6,5.09
2020-01-29,CTD7,6.02
2020-01-29,CTD8,5.26
2020-01-29,CTD9,
2020-02-04,CTD1,2.11
2020-02-04,CTD10,1.66
2020-02-04,CTD11,2.015
2020-02-04,CTD12,1.9
2020-02-04,CTD2,1.845
2020-02-04,CTD3,2.035
2020-02-04,CTD4,1.47
2020-02-04,CTD5,1.17
2020-02-04,CTD6,1.86
2020-02-04,CTD7,3.345
2020-02-04,CTD8,1.795
2020-02-04,CTD9,
2020-02-11,CTD1,1.28
2020-02-11,CTD10,1.885
2020-02-11,CTD11,3.45
2020-02-11,CTD12,2.48
2020-02-11,CTD2,3.315
2020-02-11,CTD3,2.815
2020-02-11,CTD4,4.365
2020-02-11,CTD5,2.795
2020-02-11,CTD6,2.115
2020-02-11,CTD7,3.105
2020-02-11,CTD8,3.405
2020-02-11,CTD9,
2020-02-20,CTD1,0.94
2020-02-20,CTD10,3.005
2020-02-20,CTD11,3.165
2020-02-20,CTD12,1.68
2020-02-20,CTD2,1.72
2020-02-20,CTD3,2.425
2020-02-20,CTD4,2.51
2020-02-20,CTD5,2.165
2020-02-20,CTD6,1.94
2020-02-20,CTD7,5.83
2020-02-20,CTD8,2.19
2020-02-20,CTD9,
2020-02-25,CTD1,4.48
2020-02-25,CTD10,2.145
2020-02-25,CTD11,2.665
2020-02-25,CTD12,2.42
2020-02-25,CTD2,1.58
2020-02-25,CTD3,2.64
2020-02-25,CTD4,1.98
2020-02-25,CTD5,1.68
2020-02-25,CTD6,2.75
2020-02-25,CTD7,4.555
2020-02-25,CTD8,3.445
2020-02-25,CTD9,
2020-03-05,CTD1,2.17
2020-03-05,CTD10,7.12
2020-03-05,CTD11,4.73
2020-03-05,CTD12,5.1
2020-03-05,CTD2,2.695
2020-03-05,CTD3,3.63
2020-03-05,CTD4,7.385
2020-03-05,CTD5,4.715
2020-03-05,CTD6,5.395
2020-03-05,CTD7,5.855
2020-03-05,CTD8,4.28
2020-03-05,CTD9,
2020-03-11,CTD1,3.73
2020-03-11,CTD10,4.25
2020-03-11,CTD11,4.285
2020-03-11,CTD12,4.39
2020-03-11,CTD2,4.685
2020-03-11,CTD3,3.71
2020-03-11,CTD4,2.555
2020-03-11,CTD5,2.7
2020-03-11,CTD6,5.335
2020-03-11,CTD7,8.475
2020-03-11,CTD8,5.265
2020-03-11,CTD9,
2020-03-17,CTD1,3.97
2020-03-17,CTD10,8.395
2020-03-17,CTD12,3.38
2020-03-17,CTD2,2.58
2020-03-17,CTD3,3.505
2020-03-17,CTD4,2.655
2020-03-17,CTD5,7.445
2020-03-17,CTD6,4.31
2020-03-17,CTD7,9.635
2020-03-17,CTD8,3.98
2020-03-17,CTD9,
2020-03-27,CTD1,1.49
2020-03-27,CTD10,17.15
2020-03-27,CTD11,12.49
2020-03-27,CTD12,16.885
2020-03-27,CTD2,5.05
2020-03-27,CTD3,8.815
2020-03-27,CTD4,15.0
2020-03-27,CTD5,17.955
2020-03-27,CTD6,17.865
2020-03-27,CTD7,46.365
2020-03-27,CTD8,16.67
2020-03-27,CTD9,
2020-04-01,CTD1,1.78
2020-04-01,CTD10,5.26
2020-04-01,CTD11,3.055
2020-04-01,CTD12,6.155
2020-04-01,CTD2,3.745
2020-04-01,CTD3,4.65
2020-04-01,CTD4,6.24
2020-04-01,CTD5,7.43
2020-04-01,CTD6,6.35
2020-04-01,CTD7,9.735
2020-04-01,CTD8,9.765
2020-04-01,CTD9,
2020-04-07,CTD1,1.08
2020-04-07,CTD10,3.64
2020-04-07,CTD11,2.765
2020-04-07,CTD12,2.715
2020-04-07,CTD2,2.745
2020-04-07,CTD3,2.595
2020-04-07,CTD4,2.43
2020-04-07,CTD5,2.29
2020-04-07,CTD6,2.52
2020-04-07,CTD7,4.345
2020-04-07,CTD8,3.83
2020-04-07,CTD9,
2020-04-14,CTD1,1.2
2020-04-14,CTD10,4.935
2020-04-14,CTD11,3.92
2020-04-14,CTD12,4.725
2020-04-14,CTD2,3.03
2020-04-14,CTD3,2.28
2020-04-14,CTD4,3.015
2020-04-14,CTD5,2.195
2020-04-14,CTD6,3.195
2020-04-14,CTD7,10.085
2020-04-14,CTD8,5.925
2020-04-14,CTD9,
2020-04-21,CTD1,2.46
2020-04-21,CTD10,7.73
2020-04-21,CTD12,3.135
2020-04-21,CTD2,2.655
2020-04-21,CTD3,3.64
2020-04-21,CTD4,4.61
2020-04-21,CTD5,3.955
2020-04-21,CTD6,5.495
2020-04-21,CTD7,5.38
2020-04-21,CTD8,4.395
2020-04-21,CTD9,
2020-05-13,CTD1,2.61
2020-05-13,CTD10,2.195
2020-05-13,CTD11,1.34
2020-05-13,CTD12,3.145
2020-05-13,CTD2,0.865
2020-05-13,CTD3,2.775
2020-05-13,CTD4,2.705
2020-05-13,CTD5,1.56
2020-05-13,CTD6,1.615
2020-05-13,CTD7,4.245
2020-05-13,CTD8,2.925
2020-05-13,CTD9,
2020-05-20,CTD1,4.3
2020-05-20,CTD10,2.705
2020-05-20,CTD11,1.11
2020-05-20,CTD12,2.395
2020-05-20,CTD2,0.58
2020-05-20,CTD3,2.26
2020-05-20,CTD4,1.555
2020-05-20,CTD5,1.43
2020-05-20,CTD6,1.78
2020-05-20,CTD7,1.31
2020-05-20,CTD8,1.965
2020-05-20,CTD9,
2020-06-01,CTD1,2.04
2020-06-01,CTD10,1.67
2020-06-01,CTD11,1.05
2020-06-01,CTD12,2.135
2020-06-01,CTD2,0.585
2020-06-01,CTD3,0.98
2020-06-01,CTD4,1.205
2020-06-01,CTD5,2.99
2020-06-01,CTD6,3.28
2020-06-01,CTD7,1.46
2020-06-01,CTD8,2.135
2020-06-01,CTD9,
2020-06-15,CTD1,5.93
2020-06-15,CTD10,1.435
2020-06-15,CTD11,0.945
2020-06-15,CTD12,1.95
2020-06-15,CTD2,0.75
2020-06-15,CTD3,0.97
2020-06-15,CTD4,0.685
2020-06-15,CTD5,0.88
2020-06-15,CTD6,1.775
2020-06-15,CTD7,2.63
2020-06-15,CTD8,1.365
2020-06-15,CTD9,
2020-06-26,CTD1,1.34
2020-06-26,CTD10,1.38
2020-06-26,CTD11,1.04
2020-06-26,CTD12,2.705
2020-06-26,CTD2,0.435
2020-06-26,CTD3,1.22
2020-06-26,CTD4,0.835
2020-06-26,CTD5,1.91
2020-06-26,CTD6,2.585
2020-06-26,CTD7,7.745
2020-06-26,CTD8,1.61
2020-06-26,CTD9,
2020-07-02,CTD1,4.98
2020-07-02,CTD10,1.13
2020-07-02,CTD11,0.835
2020-07-02,CTD12,1.62
2020-07-02,CTD2,0.635
2020-07-02,CTD3,1.46
2020-07-02,CTD4,0.7
2020-07-02,CTD5,1.785
2020-07-02,CTD6,1.04
2020-07-02,CTD7,2.975
2020-07-02,CTD8,1.485
2020-07-02,CTD9,
2020-07-07,CTD1,0.83
2020-07-07,CTD10,0.775
2020-07-07,CTD11,0.775
2020-07-07,CTD12,1.455
2020-07-07,CTD2,0.58
2020-07-07,CTD3,1.25
2020-07-07,CTD4,0.81
2020-07-07,CTD5,1.005
2020-07-07,CTD6,1.375
2020-07-07,CTD7,3.27
2020-07-07,CTD8,1.115
2020-07-07,CTD9,
2020-07-17,CTD1,0.83
2020-07-17,CTD10,0.485
2020-07-17,CTD11,0.48
2020-07-17,CTD12,0.93
2020-07-17,CTD2,0.41
2020-07-17,CTD3,0.685
2020-07-17,CTD4,0.78
2020-07-17,CTD5,1.54
2020-07-17,CTD6,0.895
2020-07-17,CTD7,1.94
2020-07-17,CTD8,0.485
2020-07-17,CTD9,
2020-07-23,CTD1,0.54
2020-07-23,CTD10,7.815
2020-07-23,CTD11,0.465
2020-07-23,CTD12,3.76
2020-07-23,CTD2,0.63
2020-07-23,CTD3,1.055
2020-07-23,CTD4,0.62
2020-07-23,CTD5,3.425
2020-07-23,CTD6,0.92
2020-07-23,CTD7,4.37
2020-07-23,CTD8,6.06
2020-07-23,CTD9,
2020-07-28,CTD1,0.89
2020-07-28,CTD10,1.945
2020-07-28,CTD11,1.535
2020-07-28,CTD12,1.515
2020-07-28,CTD2,0.79
2020-07-28,CTD3,0.885
2020-07-28,CTD4,0.9
2020-07-28,CTD5,1.135
2020-07-28,CTD6,1.275
2020-07-28,CTD7,2.06
2020-07-28,CTD8,2.245
2020-07-28,CTD9,
2020-08-04,CTD1,0.56
2020-08-04,CTD10,0.56
2020-08-04,CTD11,0.5
2020-08-04,CTD12,0.92
2020-08-04,CTD2,0.95
2020-08-04,CTD3,0.865
2020-08-04,CTD4,0.8
2020-08-04,CTD5,0.815
2020-08-04,CTD6,0.445
2020-08-04,CTD7,1.495
2020-08-04,CTD8,1.43
2020-08-04,CTD9,
2020-08-13,CTD1,0.93
2020-08-13,CTD10,0.635
2020-08-13,CTD11,1.08
2020-08-13,CTD12,0.75
2020-08-13,CTD2,0.585
2020-08-13,CTD3,0.57
2020-08-13,CTD4,0.51
2020-08-13,CTD5,1.13
2020-08-13,CTD6,0.685
2020-08-13,CTD7,1.59
2020-08-13,CTD8,2.38
2020-08-13,CTD9,
2020-08-19,CTD1,0.72
2020-08-19,CTD10,0.545
2020-08-19,CTD11,0.485
2020-08-19,CTD12,0.745
2020-08-19,CTD2,0.655
2020-08-19,CTD3,0.835
2020-08-19,CTD4,0.68
2020-08-19,CTD5,0.815
2020-08-19,CTD6,0.66
2020-08-19,CTD7,1.585
2020-08-19,CTD8,1.205
2020-08-19,CTD9,
2020-08-26,CTD1,0.53
2020-08-26,CTD10,0.895
2020-08-26,CTD11,0.665
2020-08-26,CTD12,0.785
2020-08-26,CTD2,0.93
2020-08-26,CTD3,0.97
2020-08-26,CTD4,0.765
2020-08-26,CTD5,1.18
2020-08-26,CTD6,0.8
2020-08-26,CTD7,1.57
2020-08-26,CTD8,2.14
2020-08-26,CTD9,
2020-08-29,CTD2,0.92
2020-09-03,CTD1,0.61
2020-09-03,CTD10,0.99
2020-09-03,CTD11,0.635
2020-09-03,CTD12,0.62
2020-09-03,CTD2,0.905
2020-09-03,CTD3,1.12
2020-09-03,CTD4,0.725
2020-09-03,CTD5,0.985
2020-09-03,CTD6,0.79
2020-09-03,CTD7,4.22
2020-09-03,CTD8,0.965
2020-09-03,CTD9,
2020-09-10,CTD1,0.71
2020-09-10,CTD10,0.545
2020-09-10,CTD11,0.45
2020-09-10,CTD12,0.575
2020-09-10,CTD2,0.87
2020-09-10,CTD3,0.72
2020-09-10,CTD4,0.485
2020-09-10,CTD5,1.43
2020-09-10,CTD6,0.495
2020-09-10,CTD7,5.18
2020-09-10,CTD8,0.86
2020-09-10,CTD9,
2020-09-16,CTD1,0.92
2020-09-16,CTD10,0.7
2020-09-16,CTD11,0.79
2020-09-16,CTD12,0.75
2020-09-16,CTD2,0.845
2020-09-16,CTD3,1.07
2020-09-16,CTD4,0.575
2020-09-16,CTD5,1.03
2020-09-16,CTD6,0.81
2020-09-16,CTD7,3.295
2020-09-16,CTD8,1.585
2020-09-16,CTD9,
2020-09-24,CTD1,1.27
2020-09-24,CTD10,0.36
2020-09-24,CTD11,0.84
2020-09-24,CTD12,0.345
2020-09-24,CTD2,0.615
2020-09-24,CTD3,0.605
2020-09-24,CTD4,0.58
2020-09-24,CTD5,0.605
2020-09-24,CTD6,0.42
2020-09-24,CTD7,3.115
2020-09-24,CTD8,1.19
2020-09-24,CTD9,
2020-09-30,CTD1,0.56
2020-09-30,CTD10,0.485
2020-09-30,CTD11,0.765
2020-09-30,CTD12,0.555
2020-09-30,CTD2,0.97
2020-09-30,CTD3,0.815
2020-09-30,CTD4,0.69
2020-09-30,CTD5,1.53
2020-09-30,CTD6,0.685
2020-09-30,CTD7,3.945
2020-09-30,CTD8,1.155
2020-09-30,CTD9,
2020-10-08,CTD1,0.93
2020-10-08,CTD10,0.535
2020-10-08,CTD11,0.625
2020-10-08,CTD12,0.49
2020-10-08,CTD2,0.85
2020-10-08,CTD3,0.865
2020-10-08,CTD4,0.865
2020-10-08,CTD5,0.56
2020-10-08,CTD6,0.495
2020-10-08,CTD7,1.88
2020-10-08,CTD8,1.08
2020-10-08,CTD9,
2020-10-14,CTD1,1.23
2020-10-14,CTD10,0.33
2020-10-14,CTD11,0.945
2020-10-14,CTD12,0.505
2020-10-14,CTD2,1.205
2020-10-14,CTD4,0.78
2020-10-14,CTD5,0.78
2020-10-14,CTD6,0.34
2020-10-14,CTD7,3.35
2020-10-14,CTD8,0.505
2020-10-14,CTD9,
2020-10-22,CTD1,1.0
2020-10-22,CTD10,0.495
2020-10-22,CTD11,0.775
2020-10-22,CTD12,0.43
2020-10-22,CTD2,0.645
2020-10-22,CTD3,0.595
2020-10-22,CTD4,0.775
2020-10-22,CTD5,1.705
2020-10-22,CTD6,0.765
2020-10-22,CTD7,2.935
2020-10-22,CTD8,1.24
2020-10-22,CTD9,
2020-10-29,CTD1,1.93
2020-10-29,CTD10,1.855
2020-10-29,CTD11,0.74
2020-10-29,CTD12,0.74
2020-10-29,CTD2,0.93
2020-10-29,CTD3,0.65
2020-10-29,CTD4,0.725
2020-10-29,CTD5,0.68
2020-10-29,CTD6,0.845
2020-10-29,CTD7,2.0
2020-10-29,CTD8,3.04
2020-10-29,CTD9,
2020-11-04,CTD1,0.63
2020-11-04,CTD10,2.925
2020-11-04,CTD11,0.69
2020-11-04,CTD12,0.67
2020-11-04,CTD2,0.53
2020-11-04,CTD3,0.635
2020-11-04,CTD4,0.565
2020-11-04,CTD5,0.685
2020-11-04,CTD6,0.72
2020-11-04,CTD7,3.895
2020-11-04,CTD8,0.97
2020-11-04,CTD9,
2020-11-12,CTD1,0.68
2020-11-12,CTD10,0.955
2020-11-12,CTD11,0.99
2020-11-12,CTD2,0.545
2020-11-12,CTD3,0.875
2020-11-12,CTD4,0.655
2020-11-12,CTD5,0.64
2020-11-12,CTD6,1.32
2020-11-12,CTD7,4.38
2020-11-12,CTD8,1.745
2020-11-12,CTD9,
2020-11-18,CTD1,0.78
2020-11-18,CTD10,0.705
2020-11-18,CTD11,0.67
2020-11-18,CTD12,0.965
2020-11-18,CTD2,0.84
2020-11-18,CTD3,0.785
2020-11-18,CTD5,0.555
2020-11-18,CTD6,0.685
2020-11-18,CTD7,1.385
2020-11-18,CTD8,2.725
2020-11-18,CTD9,
2020-11-25,CTD1,0.67
2020-11-25,CTD10,0.835
2020-11-25,CTD11,0.795
2020-11-25,CTD12,0.71
2020-11-25,CTD2,0.67
2020-11-25,CTD3,0.63
2020-11-25,CTD4,0.795
2020-11-25,CTD5,0.94
2020-11-25,CTD6,0.85
2020-11-25,CTD7,1.2
2020-11-25,CTD8,0.78
2020-11-25,CTD9,
2020-12-03,CTD1,0.56
2020-12-03,CTD10,0.71
2020-12-03,CTD11,0.73
2020-12-03,CTD12,0.645
2020-12-03,CTD2,0.565
2020-12-03,CTD3,0.815
2020-12-03,CTD4,0.88
2020-12-03,CTD5,0.95
2020-12-03,CTD6,0.535
2020-12-03,CTD7,1.82
2020-12-03,CTD9,
2020-12-10,CTD1,0.67
2020-12-10,CTD10,1.475
2020-12-10,CTD11,1.695
2020-12-10,CTD12,0.975
2020-12-10,CTD2,0.735
2020-12-10,CTD3,0.745
2020-12-10,CTD4,1.325
2020-12-10,CTD5,0.675
2020-12-10,CTD6,1.355
2020-12-10,CTD7,0.63
2020-12-10,CTD8,1.425
2020-12-10,CTD9,
2020-12-15,CTD1,0.66
2020-12-15,CTD10,0.81
2020-12-15,CTD11,1.5
2020-12-15,CTD12,1.085
2020-12-15,CTD2,0.515
2020-12-15,CTD3,0.645
2020-12-15,CTD4,0.72
2020-12-15,CTD5,0.39
2020-12-15,CTD6,0.67
2020-12-15,CTD7,0.85
2020-12-15,CTD8,1.51
2020-12-15,CTD9,
2020-12-21,CTD1,0.57
2020-12-21,CTD10,0.875
2020-12-21,CTD11,1.36
2020-12-21,CTD12,0.77
2020-12-21,CTD2,0.655
2020-12-21,CTD3,0.665
2020-12-21,CTD4,0.7
2020-12-21,CTD5,0.585
2020-12-21,CTD6,0.77
2020-12-21,CTD7,0.93
2020-12-21,CTD8,0.84
2020-12-21,CTD9,
2020-12-29,CTD1,0.78
2020-12-29,CTD10,0.94
2020-12-29,CTD11,2.12
2020-12-29,CTD12,0.905
2020-12-29,CTD2,0.715
2020-12-29,CTD3,0.895
2020-12-29,CTD4,1.055
2020-12-29,CTD5,0.89
2020-12-29,CTD6,0.905
2020-12-29,CTD7,0.795
2020-12-29,CTD8,1.935
2020-12-29,CTD9,
2021-01-05,CTD1,0.61
2021-01-05,CTD10,1.82
2021-01-05,CTD11,1.605
2021-01-05,CTD12,1.6
2021-01-05,CTD2,0.48
2021-01-05,CTD3,0.745
2021-01-05,CTD4,0.755
2021-01-05,CTD5,0.6
2021-01-05,CTD6,1.005
2021-01-05,CTD7,0.73
2021-01-05,CTD8,0.88
2021-01-05,CTD9,
2021-01-13,CTD1,0.67
2021-01-13,CTD10,1.915
2021-01-13,CTD11,2.41
2021-01-13,CTD12,1.425
2021-01-13,CTD2,1.365
2021-01-13,CTD3,1.51
2021-01-13,CTD4,1.42
2021-01-13,CTD5,1.46
2021-01-13,CTD6,1.965
2021-01-13,CTD7,1.655
2021-01-13,CTD8,3.235
2021-01-13,CTD9,
2021-01-20,CTD1,0.62
2021-01-20,CTD10,0.72
2021-01-20,CTD11,1.195
2021-01-20,CTD12,1.1
2021-01-20,CTD2,0.9
2021-01-20,CTD3,0.735
2021-01-20,CTD4,0.675
2021-01-20,CTD5,0.69
2021-01-20,CTD6,0.82
2021-01-20,CTD7,0.795
2021-01-20,CTD8,1.26
2021-01-20,CTD9,
2021-01-27,CTD1,0.69
2021-01-27,CTD10,0.785
2021-01-27,CTD11,1.03
2021-01-27,CTD12,1.1
2021-01-27,CTD2,1.45
2021-01-27,CTD3,1.53
2021-01-27,CTD4,1.355
2021-01-27,CTD5,1.3
2021-01-27,CTD6,1.055
2021-01-27,CTD7,1.51
2021-01-27,CTD8,1.34
2021-01-27,CTD9,
2021-02-03,CTD1,1.47
2021-02-03,CTD10,1.5
2021-02-03,CTD11,1.405
2021-02-03,CTD12,1.45
2021-02-03,CTD2,0.86
2021-02-03,CTD3,1.05
2021-02-03,CTD4,1.45
2021-02-03,CTD5,0.975
2021-02-03,CTD6,1.755
2021-02-03,CTD7,1.5
2021-02-03,CTD8,1.325
2021-02-03,CTD9,
2021-02-12,CTD1,0.74
2021-02-12,CTD10,0.81
2021-02-12,CTD11,1.145
2021-02-12,CTD12,0.89
2021-02-12,CTD2,0.845
2021-02-12,CTD3,1.435
2021-02-12,CTD4,1.35
2021-02-12,CTD5,0.58
2021-02-12,CTD6,1.12
2021-02-12,CTD7,1.035
2021-02-12,CTD8,1.02
2021-02-12,CTD9,
2021-02-17,CTD1,2.7
2021-02-17,CTD10,0.49
2021-02-17,CTD11,0.94
2021-02-17,CTD12,0.635
2021-02-17,CTD2,0.55
2021-02-17,CTD3,0.555
2021-02-17,CTD4,0.74
2021-02-17,CTD5,1.345
2021-02-17,CTD6,0.625
2021-02-17,CTD7,1.145
2021-02-17,CTD8,0.83
2021-02-17,CTD9,
2021-02-24,CTD1,0.54
2021-02-24,CTD10,1.01
2021-02-24,CTD11,0.895
2021-02-24,CTD12,0.7
2021-02-24,CTD2,0.8
2021-02-24,CTD3,0.895
2021-02-24,CTD4,0.77
2021-02-24,CTD5,2.81
2021-02-24,CTD6,0.715
2021-02-24,CTD7,7.165
2021-02-24,CTD8,0.785
2021-02-24,CTD9,
2021-03-05,CTD1,0.62
2021-03-05,CTD10,0.64
2021-03-05,CTD11,0.64
2021-03-05,CTD12,0.615
2021-03-05,CTD2,0.43
2021-03-05,CTD3,0.57
2021-03-05,CTD4,0.485
2021-03-05,CTD5,1.51
2021-03-05,CTD6,0.545
2021-03-05,CTD7,2.92
2021-03-05,CTD8,2.205
2021-03-05,CTD9,
2021-03-10,CTD1,0.76
2021-03-10,CTD10,1.045
2021-03-10,CTD11,0.815
2021-03-10,CTD12,0.8
2021-03-10,CTD2,0.795
2021-03-10,CTD3,0.69
2021-03-10,CTD4,0.47
2021-03-10,CTD5,0.695
2021-03-10,CTD6,0.515
2021-03-10,CTD7,1.375
2021-03-10,CTD8,1.475
2021-03-10,CTD9,
2021-03-15,CTD1,0.96
2021-03-15,CTD10,0.62
2021-03-15,CTD11,0.955
2021-03-15,CTD12,0.61
2021-03-15,CTD2,0.505
2021-03-15,CTD3,0.54
2021-03-15,CTD4,0.455
2021-03-15,CTD5,0.545
2021-03-15,CTD6,0.55
2021-03-15,CTD7,1.145
2021-03-15,CTD8,0.605
2021-03-15,CTD9,
2021-03-24,CTD1,0.83
2021-03-24,CTD10,0.77
2021-03-24,CTD11,0.865
2021-03-24,CTD12,0.49
2021-03-24,CTD2,0.52
2021-03-24,CTD3,0.64
2021-03-24,CTD4,0.545
2021-03-24,CTD5,1.355
2021-03-24,CTD6,0.51
2021-03-24,CTD7,1.115
2021-03-24,CTD8,0.935
2021-03-24,CTD9,
2021-04-06,CTD1,0.93
2021-04-06,CTD10,0.515
2021-04-06,CTD11,0.87
2021-04-06,CTD12,0.465
2021-04-06,CTD2,0.435
2021-04-06,CTD3,0.415
2021-04-06,CTD4,0.54
2021-04-06,CTD5,0.66
2021-04-06,CTD6,0.405
2021-04-06,CTD7,0.74
2021-04-06,CTD8,0.745
2021-04-06,CTD9,
2021-04-13,CTD1,0.56
2021-04-13,CTD10,0.48
2021-04-13,CTD11,0.865
2021-04-13,CTD12,0.52
2021-04-13,CTD2,0.505
2021-04-13,CTD3,0.49
2021-04-13,CTD4,0.49
2021-04-13,CTD5,0.82
2021-04-13,CTD6,0.445
2021-04-13,CTD7,1.975
2021-04-13,CTD8,0.9
2021-04-13,CTD9,
2021-04-20,CTD1,0.85
2021-04-20,CTD10,0.49
2021-04-20,CTD11,0.77
2021-04-20,CTD12,0.435
2021-04-20,CTD2,0.45
2021-04-20,CTD3,0.45
2021-04-20,CTD4,0.53
2021-04-20,CTD5,0.53
2021-04-20,CTD6,0.405
2021-04-20,CTD7,0.825
2021-04-20,CTD8,0.67
2021-04-20,CTD9,
2021-04-27,CTD1,0.8
2021-04-27,CTD10,1.065
2021-04-27,CTD11,0.62
2021-04-27,CTD12,0.515
2021-04-27,CTD2,0.57
2021-04-27,CTD3,0.585
2021-04-27,CTD4,0.565
2021-04-27,CTD5,2.565
2021-04-27,CTD6,0.735
2021-04-27,CTD7,2.045
2021-04-27,CTD8,1.31
2021-04-27,CTD9,
2021-05-06,CTD1,0.72
2021-05-06,CTD10,0.57
2021-05-06,CTD11,0.665
2021-05-06,CTD12,0.5
2021-05-06,CTD2,0.47
2021-05-06,CTD3,0.44
2021-05-06,CTD4,0.42
2021-05-06,CTD5,0.885
2021-05-06,CTD6,0.445
2021-05-06,CTD7,0.85
2021-05-06,CTD8,0.75
2021-05-06,CTD9,
2021-05-13,CTD1,0.89
2021-05-13,CTD10,0.445
2021-05-13,CTD11,0.775
2021-05-13,CTD12,0.34
2021-05-13,CTD2,0.395
2021-05-13,CTD3,0.545
2021-05-13,CTD4,0.655
2021-05-13,CTD5,0.635
2021-05-13,CTD6,0.33
2021-05-13,CTD7,1.735
2021-05-13,CTD8,0.44
2021-05-13,CTD9,
2021-05-20,CTD1,0.69
2021-05-20,CTD10,0.49
2021-05-20,CTD11,0.655
2021-05-20,CTD12,0.53
2021-05-20,CTD2,0.48
2021-05-20,CTD3,0.53
2021-05-20,CTD4,0.46
2021-05-20,CTD5,0.705
2021-05-20,CTD6,0.41
2021-05-20,CTD7,2.155
2021-05-20,CTD8,0.66
2021-05-20,CTD9,
2021-05-25,CTD1,1.08
2021-05-25,CTD10,0.395
2021-05-25,CTD11,0.95
2021-05-25,CTD12,0.72
2021-05-25,CTD2,0.445
2021-05-25,CTD3,0.445
2021-05-25,CTD4,0.475
2021-05-25,CTD5,0.835
2021-05-25,CTD6,0.36
2021-05-25,CTD7,1.98
2021-05-25,CTD8,0.91
2021-05-25,CTD9,
2021-06-02,CTD1,0.67
2021-06-02,CTD10,0.82
2021-06-02,CTD11,0.52
2021-06-02,CTD12,0.54
2021-06-02,CTD2,0.525
2021-06-02,CTD3,0.54
2021-06-02,CTD4,0.575
2021-06-02,CTD5,0.53
2021-06-02,CTD6,0.475
2021-06-02,CTD7,0.62
2021-06-02,CTD8,0.725
2021-06-02,CTD9,
2021-06-08,CTD1,0.73
2021-06-08,CTD10,0.505
2021-06-08,CTD11,0.655
2021-06-08,CTD12,0.525
2021-06-08,CTD2,0.57
2021-06-08,CTD3,0.71
2021-06-08,CTD4,0.775
2021-06-08,CTD5,0.79
2021-06-08,CTD6,0.45
2021-06-08,CTD7,0.86
2021-06-08,CTD8,1.02
2021-06-08,CTD9,
2021-06-14,CTD1,0.57
2021-06-14,CTD10,0.67
2021-06-14,CTD11,0.695
2021-06-14,CTD12,0.405
2021-06-14,CTD2,0.455
2021-06-14,CTD3,0.71
2021-06-14,CTD4,7.38
2021-06-14,CTD5,0.91
2021-06-14,CTD6,0.395
2021-06-14,CTD7,1.77
2021-06-14,CTD8,0.395
2021-06-14,CTD9,
2021-06-22,CTD1,0.9
2021-06-22,CTD10,0.48
2021-06-22,CTD11,0.845
2021-06-22,CTD12,0.445
2021-06-22,CTD2,0.475
2021-06-22,CTD3,0.555
2021-06-22,CTD4,0.52
2021-06-22,CTD5,0.585
2021-06-22,CTD6,0.435
2021-06-22,CTD7,1.785
2021-06-22,CTD8,0.54
2021-06-22,CTD9,
2021-07-01,CTD1,1.0
2021-07-01,CTD10,0.495
2021-07-01,CTD11,0.54
2021-07-01,CTD12,0.46
2021-07-01,CTD2,0.77
2021-07-01,CTD3,0.76
2021-07-01,CTD4,1.07
2021-07-01,CTD5,0.475
2021-07-01,CTD6,0.56
2021-07-01,CTD7,1.065
2021-07-01,CTD8,0.61
2021-07-01,CTD9,
2021-07-06,CTD1,0.79
2021-07-06,CTD10,0.515
2021-07-06,CTD11,0.67
2021-07-06,CTD12,0.45
2021-07-06,CTD2,0.61
2021-07-06,CTD3,0.54
2021-07-06,CTD4,0.625
2021-07-06,CTD5,0.525
2021-07-06,CTD6,0.41
2021-07-06,CTD7,0.815
2021-07-06,CTD8,1.04
2021-07-06,CTD9,
2021-07-14,CTD1,0.73
2021-07-14,CTD10,0.515
2021-07-14,CTD11,0.74
2021-07-14,CTD12,0.45
2021-07-14,CTD2,0.61
2021-07-14,CTD3,0.54
2021-07-14,CTD4,0.625
2021-07-14,CTD5,0.525
2021-07-14,CTD6,0.41
2021-07-14,CTD7,0.815
2021-07-14,CTD8,1.04
2021-07-14,CTD9,
2021-07-20,CTD1,0.82
2021-07-20,CTD10,1.205
2021-07-20,CTD11,0.895
2021-07-20,CTD12,0.945
2021-07-20,CTD2,0.62
2021-07-20,CTD3,0.67
2021-07-20,CTD4,0.73
2021-07-20,CTD5,0.655
2021-07-20,CTD6,0.855
2021-07-20,CTD7,0.87
2021-07-20,CTD8,1.04
2021-07-20,CTD9,
2021-07-27,CTD1,0.84
2021-07-27,CTD10,1.2
2021-07-27,CTD11,0.895
2021-07-27,CTD12,1.08
2021-07-27,CTD2,0.745
2021-07-27,CTD3,0.79
2021-07-27,CTD4,1.275
2021-07-27,CTD5,0.625
2021-07-27,CTD6,1.02
2021-07-27,CTD7,2.93
2021-07-27,CTD8,1.09
2021-07-27,CTD9,
2021-08-03,CTD1,0.81
2021-08-03,CTD10,2.025
2021-08-03,CTD11,1.66
2021-08-03,CTD12,1.595
2021-08-03,CTD2,0.885
2021-08-03,CTD3,1.17
2021-08-03,CTD4,1.3
2021-08-03,CTD5,0.925
2021-08-03,CTD6,1.415
2021-08-03,CTD7,4.955
2021-08-03,CTD8,1.635
2021-08-03,CTD9,
2021-08-09,CTD1,1.07
2021-08-09,CTD10,2.35
2021-08-09,CTD11,2.095
2021-08-09,CTD12,2.13
2021-08-09,CTD2,1.01
2021-08-09,CTD3,1.24
2021-08-09,CTD4,2.945
2021-08-09,CTD5,0.9
2021-08-09,CTD6,2.005
2021-08-09,CTD7,8.4
2021-08-09,CTD8,5.875
2021-08-09,CTD9,
2021-08-13,CTD1,1.03
2021-08-13,CTD10,2.14
2021-08-13,CTD11,1.865
2021-08-13,CTD12,2.05
2021-08-13,CTD2,1.27
2021-08-13,CTD3,1.495
2021-08-13,CTD4,1.625
2021-08-13,CTD5,0.7
2021-08-13,CTD6,1.615
2021-08-13,CTD7,3.395
2021-08-13,CTD8,2.885
2021-08-13,CTD9,
2021-08-16,CTD1,1.43
2021-08-16,CTD10,2.54
2021-08-16,CTD11,2.265
2021-08-16,CTD12,2.325
2021-08-16,CTD2,1.25
2021-08-16,CTD3,1.36
2021-08-16,CTD4,2.525
2021-08-16,CTD5,0.795
2021-08-16,CTD6,2.125
2021-08-16,CTD7,1.605
2021-08-16,CTD8,3.225
2021-08-16,CTD9,0.93
2021-08-19,CTD1,1.36
2021-08-19,CTD10,2.295
2021-08-19,CTD11,2.625
2021-08-19,CTD12,2.175
2021-08-19,CTD2,1.29
2021-08-19,CTD3,1.735
2021-08-19,CTD4,2.49
2021-08-19,CTD5,1.66
2021-08-19,CTD6,2.21
2021-08-19,CTD7,7.02
2021-08-19,CTD8,2.88
2021-08-24,CTD1,1.47
2021-08-24,CTD10,1.845
2021-08-24,CTD11,1.92
2021-08-24,CTD12,1.965
2021-08-24,CTD2,1.425
2021-08-24,CTD3,1.7
2021-08-24,CTD4,2.11
2021-08-24,CTD5,2.28
2021-08-24,CTD6,1.84
2021-08-24,CTD7,9.215
2021-08-24,CTD8,7.12
2021-08-24,CTD9,
2021-08-26,CTD1,1.14
2021-08-26,CTD10,2.09
2021-08-26,CTD11,1.925
2021-08-26,CTD12,2.305
2021-08-26,CTD2,1.74
2021-08-26,CTD3,1.72
2021-08-26,CTD4,1.715
2021-08-26,CTD5,1.125
2021-08-26,CTD6,2.19
2021-08-26,CTD7,4.115
2021-08-26,CTD8,6.155
2021-08-26,CTD9,
2021-08-30,CTD1,1.44
2021-08-30,CTD10,2.14
2021-08-30,CTD11,2.165
2021-08-30,CTD12,1.85
2021-08-30,CTD2,1.495
2021-08-30,CTD3,1.425
2021-08-30,CTD4,2.11
2021-08-30,CTD5,0.71
2021-08-30,CTD6,1.845
2021-08-30,CTD7,3.37
2021-08-30,CTD8,3.52
2021-08-30,CTD9,
2021-09-02,CTD1,1.43
2021-09-02,CTD10,4.31
2021-09-02,CTD11,4.855
2021-09-02,CTD12,5.305
2021-09-02,CTD2,1.55
2021-09-02,CTD3,1.685
2021-09-02,CTD4,2.245
2021-09-02,CTD5,2.33
2021-09-02,CTD6,1.97
2021-09-02,CTD8,1.46
2021-09-02,CTD9,
2021-09-09,CTD1,1.95
2021-09-09,CTD10,3.695
2021-09-09,CTD11,2.305
2021-09-09,CTD12,2.29
2021-09-09,CTD2,1.55
2021-09-09,CTD3,1.435
2021-09-09,CTD4,1.635
2021-09-09,CTD5,0.76
2021-09-09,CTD6,2.12
2021-09-09,CTD7,2.19
2021-09-09,CTD8,3.145
2021-09-09,CTD9,
2021-09-13,CTD1,1.61
2021-09-13,CTD10,2.1
2021-09-13,CTD11,1.87
2021-09-13,CTD12,1.415
2021-09-13,CTD2,1.44
2021-09-13,CTD3,1.32
2021-09-13,CTD4,1.44
2021-09-13,CTD5,0.665
2021-09-13,CTD6,1.655
2021-09-13,CTD7,5.035
2021-09-13,CTD8,3.635
2021-09-13,CTD9,
2021-09-20,CTD1,1.4
2021-09-20,CTD10,1.79
2021-09-20,CTD11,1.82
2021-09-20,CTD12,1.635
2021-09-20,CTD2,1.555
2021-09-20,CTD3,1.61
2021-09-20,CTD4,1.305
2021-09-20,CTD5,1.035
2021-09-20,CTD6,1.69
2021-09-20,CTD7,7.72
2021-09-20,CTD8,2.755
2021-09-20,CTD9,
2021-09-30,CTD1,1.65
2021-09-30,CTD10,2.245
2021-09-30,CTD11,1.77
2021-09-30,CTD12,1.995
2021-09-30,CTD2,1.545
2021-09-30,CTD3,1.605
2021-09-30,CTD4,1.945
2021-09-30,CTD5,1.09
2021-09-30,CTD6,2.03
2021-09-30,CTD7,5.215
2021-09-30,CTD8,2.9
2021-09-30,CTD9,
2021-10-07,CTD1,1.17
2021-10-07,CTD10,1.935
2021-10-07,CTD11,1.995
2021-10-07,CTD12,1.405
2021-10-07,CTD2,1.15
2021-10-07,CTD3,1.15
2021-10-07,CTD4,1.28
2021-10-07,CTD5,1.05
2021-10-07,CTD6,1.355
2021-10-07,CTD7,2.945
2021-10-07,CTD8,3.41
2021-10-07,CTD9,
2021-10-11,CTD1,1.37
2021-10-11,CTD10,1.935
2021-10-11,CTD11,2.405
2021-10-11,CTD12,1.625
2021-10-11,CTD2,1.03
2021-10-11,CTD3,1.19
2021-10-11,CTD4,1.6
2021-10-11,CTD5,0.925
2021-10-11,CTD6,2.03
2021-10-11,CTD7,5.945
2021-10-11,CTD8,3.48
2021-10-11,CTD9,
2021-10-18,CTD1,1.14
2021-10-18,CTD10,1.58
2021-10-18,CTD11,1.37
2021-10-18,CTD12,1.455
2021-10-18,CTD2,0.975
2021-10-18,CTD3,0.965
2021-10-18,CTD4,1.135
2021-10-18,CTD5,0.765
2021-10-18,CTD6,1.44
2021-10-18,CTD7,2.955
2021-10-18,CTD8,1.635
2021-10-18,CTD9,
2021-10-28,CTD1,0.89
2021-10-28,CTD10,3.005
2021-10-28,CTD11,1.11
2021-10-28,CTD12,1.36
2021-10-28,CTD2,0.87
2021-10-28,CTD3,0.96
2021-10-28,CTD4,0.98
2021-10-28,CTD5,0.955
2021-10-28,CTD6,1.31
2021-10-28,CTD7,3.605
2021-10-28,CTD8,2.705
2021-10-28,CTD9,
2021-11-04,CTD1,0.65
2021-11-04,CTD10,2.92
2021-11-04,CTD11,0.98
2021-11-04,CTD12,1.285
2021-11-04,CTD2,0.545
2021-11-04,CTD3,0.6
2021-11-04,CTD4,0.765
2021-11-04,CTD5,0.5
2021-11-04,CTD6,1.0
2021-11-04,CTD7,5.965
2021-11-04,CTD8,1.89
2021-11-04,CTD9,
2021-11-11,CTD1,0.72
2021-11-11,CTD10,1.19
2021-11-11,CTD11,0.77
2021-11-11,CTD12,0.98
2021-11-11,CTD2,0.51
2021-11-11,CTD3,0.595
2021-11-11,CTD4,0.595
2021-11-11,CTD5,1.87
2021-11-11,CTD6,0.98
2021-11-11,CTD7,3.645
2021-11-11,CTD8,1.23
2021-11-11,CTD9,
2021-11-18,CTD1,0.58
2021-11-18,CTD10,1.145
2021-11-18,CTD11,0.71
2021-11-18,CTD12,0.95
2021-11-18,CTD2,0.505
2021-11-18,CTD3,0.51
2021-11-18,CTD4,0.485
2021-11-18,CTD5,1.155
2021-11-18,CTD6,1.115
2021-11-18,CTD7,2.47
2021-11-18,CTD8,2.64
2021-11-18,CTD9,
2021-11-25,CTD1,0.52
2021-11-25,CTD10,1.75
2021-11-25,CTD11,0.795
2021-11-25,CTD12,1.41
2021-11-25,CTD2,0.5
2021-11-25,CTD3,0.68
2021-11-25,CTD4,2.595
2021-11-25,CTD5,0.79
2021-11-25,CTD6,1.275
2021-11-25,CTD7,4.2
2021-11-25,CTD8,0.94
2021-11-25,CTD9,
2021-12-01,CTD1,0.7
2021-12-01,CTD10,2.255
2021-12-01,CTD11,1.28
2021-12-01,CTD12,1.415
2021-12-01,CTD2,0.76
2021-12-01,CTD3,0.78
2021-12-01,CTD4,0.875
2021-12-01,CTD5,0.9
2021-12-01,CTD6,1.71
2021-12-01,CTD7,1.915
2021-12-01,CTD8,1.35
2021-12-01,CTD9,
2021-12-10,CTD1,0.84
2021-12-10,CTD10,1.38
2021-12-10,CTD11,0.78
2021-12-10,CTD12,0.86
2021-12-10,CTD2,0.67
2021-12-10,CTD3,0.735
2021-12-10,CTD4,0.77
2021-12-10,CTD5,0.72
2021-12-10,CTD6,0.755
2021-12-10,CTD7,2.215
2021-12-10,CTD8,1.885
2021-12-10,CTD9,
2021-12-15,CTD1,0.64
2021-12-15,CTD10,1.025
2021-12-15,CTD11,0.69
2021-12-15,CTD12,0.86
2021-12-15,CTD2,0.66
2021-12-15,CTD3,0.675
2021-12-15,CTD4,0.795
2021-12-15,CTD5,1.395
2021-12-15,CTD6,0.815
2021-12-15,CTD7,1.34
2021-12-15,CTD8,0.775
2021-12-15,CTD9,
2021-12-21,CTD1,0.75
2021-12-21,CTD10,1.565
2021-12-21,CTD11,0.595
2021-12-21,CTD12,0.885
2021-12-21,CTD2,0.415
2021-12-21,CTD3,0.505
2021-12-21,CTD4,0.575
2021-12-21,CTD5,0.645
2021-12-21,CTD6,1.315
2021-12-21,CTD7,3.165
2021-12-21,CTD8,1.695
2021-12-21,CTD9,
2021-12-28,CTD1,0.94
2021-12-28,CTD10,0.62
2021-12-28,CTD11,0.6
2021-12-28,CTD12,0.705
2021-12-28,CTD2,0.47
2021-12-28,CTD3,0.51
2021-12-28,CTD4,0.52
2021-12-28,CTD5,0.5
2021-12-28,CTD6,0.61
2021-12-28,CTD7,3.68
2021-12-28,CTD8,0.575
2021-12-28,CTD9,
2022-01-04,CTD1,0.51
2022-01-04,CTD10,0.605
2022-01-04,CTD11,0.69
2022-01-04,CTD12,2.025
2022-01-04,CTD2,0.465
2022-01-04,CTD3,0.515
2022-01-04,CTD4,0.37
2022-01-04,CTD5,0.345
2022-01-04,CTD6,0.53
2022-01-04,CTD7,1.785
2022-01-04,CTD8,0.515
2022-01-04,CTD9,
2022-01-12,CTD1,0.47
2022-01-12,CTD10,1.38
2022-01-12,CTD11,0.57
2022-01-12,CTD12,0.515
2022-01-12,CTD2,0.47
2022-01-12,CTD3,0.495
2022-01-12,CTD4,0.515
2022-01-12,CTD5,0.83
2022-01-12,CTD6,0.625
2022-01-12,CTD7,0.79
2022-01-12,CTD8,0.71
2022-01-12,CTD9,
2022-01-19,CTD1,0.61
2022-01-19,CTD10,0.56
2022-01-19,CTD11,0.54
2022-01-19,CTD12,0.49
2022-01-19,CTD2,0.43
2022-01-19,CTD3,0.47
2022-01-19,CTD4,0.475
2022-01-19,CTD5,0.355
2022-01-19,CTD6,0.99
2022-01-19,CTD7,1.465
2022-01-19,CTD8,1.27
2022-01-19,CTD9,
2022-01-27,CTD1,0.58
2022-01-27,CTD10,1.525
2022-01-27,CTD11,0.49
2022-01-27,CTD12,0.545
2022-01-27,CTD2,0.45
2022-01-27,CTD3,0.51
2022-01-27,CTD4,0.49
2022-01-27,CTD5,3.23
2022-01-27,CTD6,0.905
2022-01-27,CTD7,2.14
2022-01-27,CTD8,1.31
2022-01-27,CTD9,
2022-02-02,CTD1,0.68
2022-02-02,CTD10,0.555
2022-02-02,CTD11,0.555
2022-02-02,CTD12,0.575
2022-02-02,CTD2,0.445
2022-02-02,CTD3,0.42
2022-02-02,CTD4,0.45
2022-02-02,CTD5,0.77
2022-02-02,CTD6,0.595
2022-02-02,CTD7,1.765
2022-02-02,CTD8,0.995
2022-02-02,CTD9,
2022-02-10,CTD1,0.47
2022-02-10,CTD10,1.23
2022-02-10,CTD11,0.63
2022-02-10,CTD12,0.64
2022-02-10,CTD2,0.495
2022-02-10,CTD3,0.48
2022-02-10,CTD4,0.59
2022-02-10,CTD5,1.46
2022-02-10,CTD6,0.68
2022-02-10,CTD7,1.945
2022-02-10,CTD8,1.12
2022-02-10,CTD9,
2022-02-16,CTD1,0.69
2022-02-16,CTD10,0.525
2022-02-16,CTD11,0.765
2022-02-16,CTD12,0.52
2022-02-16,CTD2,0.505
2022-02-16,CTD3,0.465
2022-02-16,CTD4,0.57
2022-02-16,CTD5,0.515
2022-02-16,CTD6,0.59
2022-02-16,CTD7,2.745
2022-02-16,CTD8,0.735
2022-02-16,CTD9,
2022-02-24,CTD1,0.54
2022-02-24,CTD10,1.325
2022-02-24,CTD11,0.665
2022-02-24,CTD12,0.49
2022-02-24,CTD2,0.43
2022-02-24,CTD3,0.51
2022-02-24,CTD4,0.685
2022-02-24,CTD5,0.825
2022-02-24,CTD6,0.625
2022-02-24,CTD7,3.425
2022-02-24,CTD8,0.565
2022-02-24,CTD9,
2022-03-02,CTD1,0.79
2022-03-02,CTD10,1.445
2022-03-02,CTD11,0.77
2022-03-02,CTD12,1.145
2022-03-02,CTD2,0.425
2022-03-02,CTD3,0.44
2022-03-02,CTD4,0.615
2022-03-02,CTD5,0.76
2022-03-02,CTD6,0.675
2022-03-02,CTD7,3.355
2022-03-02,CTD8,1.545
2022-03-02,CTD9,
2022-03-11,CTD1,0.63
2022-03-11,CTD10,2.135
2022-03-11,CTD11,0.84
2022-03-11,CTD12,0.865
2022-03-11,CTD2,1.05
2022-03-11,CTD3,0.515
2022-03-11,CTD4,0.555
2022-03-11,CTD5,0.685
2022-03-11,CTD6,0.69
2022-03-11,CTD7,1.7
2022-03-11,CTD8,1.82
2022-03-11,CTD9,
2022-03-24,CTD1,0.88
2022-03-24,CTD10,22.29
2022-03-24,CTD11,1.835
2022-03-24,CTD12,18.585
2022-03-24,CTD2,1.01
2022-03-24,CTD3,1.125
2022-03-24,CTD4,1.23
2022-03-24,CTD5,18.42
2022-03-24,CTD6,6.78
2022-03-24,CTD7,20.6
2022-03-24,CTD8,24.745
2022-03-24,CTD9,
2022-03-28,CTD1,0.69
2022-03-28,CTD10,4.46
2022-03-28,CTD11,1.265
2022-03-28,CTD12,3.455
2022-03-28,CTD2,1.09
2022-03-28,CTD3,2.04
2022-03-28,CTD4,1.385
2022-03-28,CTD5,3.55
2022-03-28,CTD6,4.67
2022-03-28,CTD7,7.22
2022-03-28,CTD8,4.815
2022-03-28,CTD9,
2022-04-06,CTD1,1.67
2022-04-06,CTD10,9.71
2022-04-06,CTD11,6.05
2022-04-06,CTD12,7.305
2022-04-06,CTD2,5.93
2022-04-06,CTD3,7.1
2022-04-06,CTD4,6.05
2022-04-06,CTD5,9.115
2022-04-06,CTD6,6.67
2022-04-06,CTD7,6.045
2022-04-06,CTD8,8.465
2022-04-06,CTD9,
2022-04-11,CTD1,0.83
2022-04-11,CTD10,13.87
2022-04-11,CTD11,1.98
2022-04-11,CTD12,3.745
2022-04-11,CTD2,0.935
2022-04-11,CTD3,1.66
2022-04-11,CTD4,2.58
2022-04-11,CTD5,10.18
2022-04-11,CTD6,3.995
2022-04-11,CTD7,11.105
2022-04-11,CTD8,6.21
2022-04-11,CTD9,
2022-04-19,CTD1,0.5
2022-04-19,CTD10,1.52
2022-04-19,CTD11,1.11
2022-04-19,CTD12,1.545
2022-04-19,CTD2,0.655
2022-04-19,CTD3,0.875
2022-04-19,CTD4,0.925
2022-04-19,CTD5,0.885
2022-04-19,CTD6,1.52
2022-04-19,CTD7,2.925
2022-04-19,CTD8,2.065
2022-04-19,CTD9,
2022-04-22,CTD1,0.7
2022-04-22,CTD10,2.1
2022-04-22,CTD11,2.405
2022-04-22,CTD12,2.52
2022-04-22,CTD2,0.695
2022-04-22,CTD3,0.885
2022-04-22,CTD4,1.325
2022-04-22,CTD5,1.39
2022-04-22,CTD6,2.905
2022-04-22,CTD7,2.77
2022-04-22,CTD8,1.455
2022-04-22,CTD9,
2022-04-27,CTD1,0.64
2022-04-27,CTD10,2.72
2022-04-27,CTD11,0.7
2022-04-27,CTD12,1.805
2022-04-27,CTD2,0.55
2022-04-27,CTD3,0.71
2022-04-27,CTD4,0.85
2022-04-27,CTD5,1.13
2022-04-27,CTD6,1.5
2022-04-27,CTD7,4.03
2022-04-27,CTD8,1.785
2022-04-27,CTD9,
2022-05-06,CTD1,0.59
2022-05-06,CTD10,3.24
2022-05-06,CTD11,1.255
2022-05-06,CTD12,1.585
2022-05-06,CTD2,0.78
2022-05-06,CTD3,0.505
2022-05-06,CTD4,0.615
2022-05-06,CTD5,2.905
2022-05-06,CTD6,1.43
2022-05-06,CTD7,2.7
2022-05-06,CTD8,1.82
2022-05-06,CTD9,
2022-05-13,CTD1,0.53
2022-05-13,CTD10,3.375
2022-05-13,CTD11,0.92
2022-05-13,CTD12,1.505
2022-05-13,CTD2,0.375
2022-05-13,CTD3,4.83
2022-05-13,CTD4,0.615
2022-05-13,CTD5,1.105
2022-05-13,CTD6,2.94
2022-05-13,CTD7,2.78
2022-05-13,CTD8,2.715
2022-05-13,CTD9,
2022-05-18,CTD1,0.54
2022-05-18,CTD10,1.855
2022-05-18,CTD11,0.92
2022-05-18,CTD12,1.075
2022-05-18,CTD2,0.42
2022-05-18,CTD3,0.635
2022-05-18,CTD4,0.835
2022-05-18,CTD5,0.815
2022-05-18,CTD6,1.095
2022-05-18,CTD7,2.58
2022-05-18,CTD8,1.33
2022-05-18,CTD9,
2022-05-26,CTD1,0.49
2022-05-26,CTD10,1.11
2022-05-26,CTD11,0.575
2022-05-26,CTD12,2.055
2022-05-26,CTD2,0.805
2022-05-26,CTD3,0.43
2022-05-26,CTD4,0.63
2022-05-26,CTD5,0.635
2022-05-26,CTD6,2.15
2022-05-26,CTD7,3.35
2022-05-26,CTD8,0.85
2022-05-26,CTD9,
2022-06-02,CTD1,0.62
2022-06-02,CTD10,1.025
2022-06-02,CTD11,0.59
2022-06-02,CTD12,1.15
2022-06-02,CTD2,0.355
2022-06-02,CTD3,0.365
2022-06-02,CTD4,0.455
2022-06-02,CTD5,0.585
2022-06-02,CTD6,0.87
2022-06-02,CTD7,1.15
2022-06-02,CTD8,1.14
2022-06-02,CTD9,
2022-06-10,CTD1,0.5
2022-06-10,CTD10,1.535
2022-06-10,CTD11,0.84
2022-06-10,CTD12,1.205
2022-06-10,CTD2,0.485
2022-06-10,CTD3,0.425
2022-06-10,CTD4,0.54
2022-06-10,CTD5,0.62
2022-06-10,CTD6,1.425
2022-06-10,CTD7,3.56
2022-06-10,CTD8,1.42
2022-06-10,CTD9,
2022-06-17,CTD1,0.48
2022-06-17,CTD10,1.205
2022-06-17,CTD11,0.515
2022-06-17,CTD12,2.23
2022-06-17,CTD2,0.495
2022-06-17,CTD3,0.585
2022-06-17,CTD4,0.51
2022-06-17,CTD5,0.74
2022-06-17,CTD6,1.52
2022-06-17,CTD7,3.94
2022-06-17,CTD8,0.81
2022-06-17,CTD9,
2022-06-24,CTD1,0.97
2022-06-24,CTD10,1.2
2022-06-24,CTD11,0.6
2022-06-24,CTD12,1.42
2022-06-24,CTD2,0.465
2022-06-24,CTD3,0.405
2022-06-24,CTD4,0.785
2022-06-24,CTD5,0.93
2022-06-24,CTD6,1.105
2022-06-24,CTD7,4.105
2022-06-24,CTD8,1.145
2022-06-24,CTD9,
2022-06-30,CTD1,0.83
2022-06-30,CTD10,1.135
2022-06-30,CTD11,0.8
2022-06-30,CTD12,1.135
2022-06-30,CTD2,0.42
2022-06-30,CTD3,0.48
2022-06-30,CTD4,0.55
2022-06-30,CTD5,1.085
2022-06-30,CTD6,1.38
2022-06-30,CTD7,4.13
2022-06-30,CTD8,1.62
2022-06-30,CTD9,
2022-07-06,CTD1,0.83
2022-07-06,CTD10,1.4
2022-07-06,CTD11,0.945
2022-07-06,CTD12,0.88
2022-07-06,CTD2,0.49
2022-07-06,CTD3,0.655
2022-07-06,CTD4,0.785
2022-07-06,CTD5,0.575
2022-07-06,CTD6,1.455
2022-07-06,CTD7,5.185
2022-07-06,CTD8,1.77
2022-07-06,CTD9,
2022-07-14,CTD1,0.76
2022-07-14,CTD10,0.845
2022-07-14,CTD11,0.72
2022-07-14,CTD12,0.92
2022-07-14,CTD2,0.655
2022-07-14,CTD3,0.445
2022-07-14,CTD4,0.495
2022-07-14,CTD5,0.605
2022-07-14,CTD6,0.835
2022-07-14,CTD7,2.49
2022-07-14,CTD8,1.105
2022-07-14,CTD9,
2022-07-20,CTD1,0.55
2022-07-20,CTD10,0.925
2022-07-20,CTD11,0.87
2022-07-20,CTD12,0.77
2022-07-20,CTD2,0.58
2022-07-20,CTD3,0.765
2022-07-20,CTD4,0.63
2022-07-20,CTD5,0.545
2022-07-20,CTD6,1.065
2022-07-20,CTD7,2.41
2022-07-20,CTD8,1.255
2022-07-20,CTD9,
2022-07-28,CTD1,0.49
2022-07-28,CTD10,0.71
2022-07-28,CTD11,0.72
2022-07-28,CTD12,1.055
2022-07-28,CTD2,0.73
2022-07-28,CTD3,0.665
2022-07-28,CTD4,0.825
2022-07-28,CTD5,0.57
2022-07-28,CTD6,0.915
2022-07-28,CTD7,3.39
2022-07-28,CTD8,1.395
2022-07-28,CTD9,
2022-07-29,CTD3,0.65
2022-08-03,CTD1,0.55
2022-08-03,CTD10,1.12
2022-08-03,CTD11,0.835
2022-08-03,CTD12,1.155
2022-08-03,CTD2,0.605
2022-08-03,CTD3,0.74
2022-08-03,CTD4,0.765
2022-08-03,CTD5,0.575
2022-08-03,CTD6,0.93
2022-08-03,CTD7,3.095
2022-08-03,CTD8,1.56
2022-08-03,CTD9,
2022-08-11,CTD1,0.76
2022-08-11,CTD10,0.9
2022-08-11,CTD11,0.785
2022-08-11,CTD12,2.34
2022-08-11,CTD2,0.66
2022-08-11,CTD3,0.58
2022-08-11,CTD4,0.53
2022-08-11,CTD5,0.895
2022-08-11,CTD6,0.79
2022-08-11,CTD7,16.29
2022-08-11,CTD8,1.515
2022-08-11,CTD9,
2022-08-17,CTD1,0.67
2022-08-17,CTD10,0.645
2022-08-17,CTD11,0.535
2022-08-17,CTD12,1.48
2022-08-17,CTD2,0.515
2022-08-17,CTD3,0.58
2022-08-17,CTD4,0.56
2022-08-17,CTD5,0.83
2022-08-17,CTD6,1.16
2022-08-17,CTD7,5.995
2022-08-17,CTD8,2.43
2022-08-17,CTD9,
2022-08-24,CTD1,0.47
2022-08-24,CTD10,0.78
2022-08-24,CTD11,0.83
2022-08-24,CTD12,2.01
2022-08-24,CTD2,0.485
2022-08-24,CTD3,0.395
2022-08-24,CTD4,0.39
2022-08-24,CTD5,0.575
2022-08-24,CTD6,1.145
2022-08-24,CTD7,4.565
2022-08-24,CTD8,1.075
2022-08-24,CTD9,
2022-09-01,CTD1,1.52
2022-09-01,CTD10,0.56
2022-09-01,CTD11,0.395
2022-09-01,CTD12,1.05
2022-09-01,CTD2,0.505
2022-09-01,CTD3,0.57
2022-09-01,CTD4,0.63
2022-09-01,CTD5,0.735
2022-09-01,CTD6,0.97
2022-09-01,CTD7,7.04
2022-09-01,CTD8,0.775
2022-09-01,CTD9,
2022-09-07,CTD1,0.72
2022-09-07,CTD10,0.83
2022-09-07,CTD11,0.4
2022-09-07,CTD12,1.255
2022-09-07,CTD2,0.43
2022-09-07,CTD3,0.44
2022-09-07,CTD4,0.545
2022-09-07,CTD5,0.645
2022-09-07,CTD6,0.855
2022-09-07,CTD7,6.325
2022-09-07,CTD8,2.695
2022-09-07,CTD9,
2022-09-15,CTD1,0.58
2022-09-15,CTD10,0.68
2022-09-15,CTD11,0.635
2022-09-15,CTD12,1.69
2022-09-15,CTD2,0.64
2022-09-15,CTD3,0.905
2022-09-15,CTD4,0.56
2022-09-15,CTD5,0.695
2022-09-15,CTD6,1.17
2022-09-15,CTD7,5.4
2022-09-15,CTD8,3.735
2022-09-15,CTD9,
2022-09-21,CTD1,0.69
2022-09-21,CTD10,0.68
2022-09-21,CTD11,0.725
2022-09-21,CTD12,1.965
2022-09-21,CTD2,0.52
2022-09-21,CTD3,0.51
2022-09-21,CTD4,0.51
2022-09-21,CTD5,0.96
2022-09-21,CTD6,0.835
2022-09-21,CTD7,6.59
2022-09-21,CTD8,1.265
2022-09-21,CTD9,
2022-09-27,CTD1,0.73
2022-09-27,CTD10,2.395
2022-09-27,CTD11,0.94
2022-09-27,CTD12,2.2
2022-09-27,CTD2,0.75
2022-09-27,CTD3,0.765
2022-09-27,CTD4,0.705
2022-09-27,CTD5,1.035
2022-09-27,CTD6,1.145
2022-09-27,CTD7,8.405
2022-09-27,CTD8,2.465
2022-09-27,CTD9,
2022-09-29,CTD1,0.57
2022-09-29,CTD10,0.91
2022-09-29,CTD11,0.595
2022-09-29,CTD12,1.875
2022-09-29,CTD2,0.875
2022-09-29,CTD4,0.56
2022-09-29,CTD5,0.885
2022-09-29,CTD6,0.94
2022-09-29,CTD7,6.57
2022-09-29,CTD8,3.665
2022-09-29,CTD9,
2022-10-05,CTD1,0.68
2022-10-05,CTD10,1.005
2022-10-05,CTD11,0.875
2022-10-05,CTD12,1.57
2022-10-05,CTD2,0.63
2022-10-05,CTD3,0.525
2022-10-05,CTD4,0.615
2022-10-05,CTD5,0.665
2022-10-05,CTD6,1.1
2022-10-05,CTD7,5.98
2022-10-05,CTD8,2.635
2022-10-05,CTD9,
2022-10-11,CTD1,0.8
2022-10-11,CTD10,1.25
2022-10-11,CTD11,1.52
2022-10-11,CTD12,1.135
2022-10-11,CTD2,0.525
2022-10-11,CTD3,0.62
2022-10-11,CTD4,0.715
2022-10-11,CTD5,0.81
2022-10-11,CTD6,0.73
2022-10-11,CTD7,5.555
2022-10-11,CTD8,1.795
2022-10-11,CTD9,
2022-10-18,CTD1,0.61
2022-10-18,CTD10,1.065
2022-10-18,CTD11,1.005
2022-10-18,CTD12,0.785
2022-10-18,CTD2,0.53
2022-10-18,CTD3,0.49
2022-10-18,CTD4,0.565
2022-10-18,CTD5,0.8
2022-10-18,CTD6,0.825
2022-10-18,CTD7,3.245
2022-10-18,CTD8,1.475
2022-10-18,CTD9,
2022-10-26,CTD1,0.73
2022-10-26,CTD10,0.62
2022-10-26,CTD11,0.735
2022-10-26,CTD12,0.845
2022-10-26,CTD2,0.595
2022-10-26,CTD3,0.98
2022-10-26,CTD4,0.8
2022-10-26,CTD5,0.715
2022-10-26,CTD6,0.715
2022-10-26,CTD7,4.975
2022-10-26,CTD8,3.24
2022-10-26,CTD9,
2022-11-02,CTD1,1.23
2022-11-02,CTD10,0.565
2022-11-02,CTD11,0.7
2022-11-02,CTD12,0.965
2022-11-02,CTD2,0.945
2022-11-02,CTD3,1.66
2022-11-02,CTD4,0.58
2022-11-02,CTD5,0.685
2022-11-02,CTD6,0.75
2022-11-02,CTD7,3.4
2022-11-02,CTD8,1.72
2022-11-02,CTD9,
2022-11-09,CTD1,0.69
2022-11-09,CTD10,0.425
2022-11-09,CTD11,0.52
2022-11-09,CTD12,1.24
2022-11-09,CTD2,0.59
2022-11-09,CTD3,0.62
2022-11-09,CTD4,0.555
2022-11-09,CTD5,0.515
2022-11-09,CTD6,1.52
2022-11-09,CTD7,3.6
2022-11-09,CTD8,3.105
2022-11-09,CTD9,
2022-11-17,CTD1,0.81
2022-11-17,CTD10,0.515
2022-11-17,CTD11,0.81
2022-11-17,CTD12,0.695
2022-11-17,CTD2,0.575
2022-11-17,CTD3,0.595
2022-11-17,CTD4,0.685
2022-11-17,CTD5,0.68
2022-11-17,CTD6,0.695
2022-11-17,CTD7,3.195
2022-11-17,CTD8,2.305
2022-11-17,CTD9,
2022-11-24,CTD1,0.55
2022-11-24,CTD10,0.455
2022-11-24,CTD11,0.66
2022-11-24,CTD12,0.675
2022-11-24,CTD2,0.55
2022-11-24,CTD3,0.505
2022-11-24,CTD4,0.655
2022-11-24,CTD5,0.505
2022-11-24,CTD6,0.76
2022-11-24,CTD7,1.77
2022-11-24,CTD8,2.03
2022-11-24,CTD9,
2022-12-01,CTD1,0.61
2022-12-01,CTD10,0.98
2022-12-01,CTD11,0.805
2022-12-01,CTD12,0.755
2022-12-01,CTD2,0.505
2022-12-01,CTD3,0.545
2022-12-01,CTD4,0.69
2022-12-01,CTD5,0.625
2022-12-01,CTD6,0.905
2022-12-01,CTD7,2.76
2022-12-01,CTD8,1.82
2022-12-01,CTD9,
2022-12-07,CTD1,0.75
2022-12-07,CTD10,0.73
2022-12-07,CTD11,0.69
2022-12-07,CTD12,0.605
2022-12-07,CTD2,0.67
2022-12-07,CTD3,0.795
2022-12-07,CTD4,0.77
2022-12-07,CTD5,0.84
2022-12-07,CTD6,0.74
2022-12-07,CTD7,2.5
2022-12-07,CTD8,0.835
2022-12-07,CTD9,
2022-12-16,CTD1,0.88
2022-12-16,CTD10,0.545
2022-12-16,CTD11,1.01
2022-12-16,CTD12,0.825
2022-12-16,CTD2,0.93
2022-12-16,CTD3,0.855
2022-12-16,CTD4,1.06
2022-12-16,CTD5,1.17
2022-12-16,CTD6,0.85
2022-12-16,CTD7,2.06
2022-12-16,CTD8,2.345
2022-12-16,CTD9,
2022-12-20,CTD1,0.82
2022-12-20,CTD10,0.44
2022-12-20,CTD11,0.69
2022-12-20,CTD12,0.635
2022-12-20,CTD2,0.67
2022-12-20,CTD3,0.73
2022-12-20,CTD4,0.705
2022-12-20,CTD5,0.665
2022-12-20,CTD6,0.725
2022-12-20,CTD7,2.325
2022-12-20,CTD8,2.27
2022-12-20,CTD9,
2022-12-27,CTD1,0.46
2022-12-27,CTD10,0.435
2022-12-27,CTD11,0.58
2022-12-27,CTD12,0.635
2022-12-27,CTD2,0.49
2022-12-27,CTD3,0.54
2022-12-27,CTD4,0.545
2022-12-27,CTD5,0.5
2022-12-27,CTD6,0.59
2022-12-27,CTD7,1.7
2022-12-27,CTD8,1.245
2022-12-27,CTD9,
2023-01-03,CTD1,0.5
2023-01-03,CTD10,0.42
2023-01-03,CTD11,0.635
2023-01-03,CTD12,0.57
2023-01-03,CTD2,0.455
2023-01-03,CTD3,0.53
2023-01-03,CTD4,0.565
2023-01-03,CTD5,0.47
2023-01-03,CTD6,0.905
2023-01-03,CTD7,1.645
2023-01-03,CTD8,1.475
2023-01-03,CTD9,
2023-01-10,CTD1,0.66
2023-01-10,CTD10,0.43
2023-01-10,CTD11,0.545
2023-01-10,CTD12,0.52
2023-01-10,CTD2,0.555
2023-01-10,CTD3,0.545
2023-01-10,CTD4,0.59
2023-01-10,CTD5,0.61
2023-01-10,CTD6,0.51
2023-01-10,CTD7,2.215
2023-01-10,CTD8,1.1
2023-01-10,CTD9,
2023-01-20,CTD1,0.45
2023-01-20,CTD10,0.59
2023-01-20,CTD11,1.02
2023-01-20,CTD12,0.995
2023-01-20,CTD2,0.44
2023-01-20,CTD3,0.44
2023-01-20,CTD4,0.81
2023-01-20,CTD5,0.775
2023-01-20,CTD6,0.665
2023-01-20,CTD7,2.865
2023-01-20,CTD8,1.545
2023-01-20,CTD9,
2023-01-25,CTD1,0.46
2023-01-25,CTD10,0.55
2023-01-25,CTD11,0.68
2023-01-25,CTD12,0.545
2023-01-25,CTD2,0.435
2023-01-25,CTD3,0.495
2023-01-25,CTD4,0.865
2023-01-25,CTD5,2.56
2023-01-25,CTD6,0.56
2023-01-25,CTD7,2.68
2023-01-25,CTD8,0.645
2023-01-25,CTD9,
2023-02-01,CTD1,0.56
2023-02-01,CTD10,0.515
2023-02-01,CTD11,0.535
2023-02-01,CTD12,0.54
2023-02-01,CTD2,0.43
2023-02-01,CTD3,0.465
2023-02-01,CTD4,0.575
2023-02-01,CTD5,0.69
2023-02-01,CTD6,0.43
2023-02-01,CTD7,1.895
2023-02-01,CTD8,0.475
2023-02-01,CTD9,
2023-02-08,CTD1,0.52
2023-02-08,CTD10,0.44
2023-02-08,CTD11,0.72
2023-02-08,CTD12,0.435
2023-02-08,CTD2,0.44
2023-02-08,CTD3,0.475
2023-02-08,CTD4,2.815
2023-02-08,CTD5,16.67
2023-02-08,CTD6,0.67
2023-02-08,CTD7,4.445
2023-02-08,CTD8,0.86
2023-02-08,CTD9,
2023-02-14,CTD1,
2023-02-14,CTD10,0.505
2023-02-14,CTD11,0.47
2023-02-14,CTD12,0.425
2023-02-14,CTD2,0.48
2023-02-14,CTD3,0.57
2023-02-14,CTD4,0.645
2023-02-14,CTD5,3.955
2023-02-14,CTD6,0.47
2023-02-14,CTD7,5.095
2023-02-14,CTD8,1.02
2023-02-14,CTD9,
2023-02-23,CTD1,1.01
2023-02-23,CTD10,1.31
2023-02-23,CTD11,1.26
2023-02-23,CTD12,1.11
2023-02-23,CTD2,0.995
2023-02-23,CTD3,1.145
2023-02-23,CTD4,1.0
2023-02-23,CTD5,1.145
2023-02-23,CTD6,0.89
2023-02-23,CTD7,2.565
2023-02-23,CTD8,1.91
2023-02-23,CTD9,
2023-03-01,CTD1,0.53
2023-03-01,CTD10,1.04
2023-03-01,CTD11,0.705
2023-03-01,CTD12,0.635
2023-03-01,CTD2,0.485
2023-03-01,CTD3,0.545
2023-03-01,CTD4,0.795
2023-03-01,CTD5,5.8
2023-03-01,CTD6,0.76
2023-03-01,CTD7,1.465
2023-03-01,CTD8,2.36
2023-03-01,CTD9,
2023-03-04,CTD12,0.54
2023-03-08,CTD1,0.42
2023-03-08,CTD10,0.6
2023-03-08,CTD11,0.59
2023-03-08,CTD12,0.53
2023-03-08,CTD2,0.45
2023-03-08,CTD3,0.5
2023-03-08,CTD4,0.415
2023-03-08,CTD5,0.56
2023-03-08,CTD6,0.48
2023-03-08,CTD7,1.685
2023-03-08,CTD8,1.195
2023-03-08,CTD9,
2023-03-16,CTD1,0.49
2023-03-16,CTD10,0.42
2023-03-16,CTD11,0.595
2023-03-16,CTD12,0.55
2023-03-16,CTD2,0.46
2023-03-16,CTD3,0.48
2023-03-16,CTD4,0.635
2023-03-16,CTD5,0.545
2023-03-16,CTD6,0.435
2023-03-16,CTD7,2.585
2023-03-16,CTD8,0.69
2023-03-16,CTD9,
2023-03-22,CTD1,0.6
2023-03-22,CTD10,0.325
2023-03-22,CTD11,0.94
2023-03-22,CTD12,0.82
2023-03-22,CTD2,0.43
2023-03-22,CTD3,0.48
2023-03-22,CTD4,0.515
2023-03-22,CTD5,0.64
2023-03-22,CTD6,0.38
2023-03-22,CTD7,4.135
2023-03-22,CTD8,2.21
2023-03-22,CTD9,
2023-03-29,CTD1,0.53
2023-03-29,CTD10,0.375
2023-03-29,CTD11,1.37
2023-03-29,CTD12,0.75
2023-03-29,CTD2,0.435
2023-03-29,CTD3,0.44
2023-03-29,CTD4,0.69
2023-03-29,CTD5,0.68
2023-03-29,CTD6,0.405
2023-03-29,CTD7,3.805
2023-03-29,CTD8,0.49
2023-03-29,CTD9,
2023-04-04,CTD1,0.48
2023-04-04,CTD10,0.355
2023-04-04,CTD11,1.47
2023-04-04,CTD2,0.46
2023-04-04,CTD3,0.43
2023-04-04,CTD4,0.805
2023-04-04,CTD5,0.625
2023-04-04,CTD6,0.42
2023-04-04,CTD7,4.145
2023-04-04,CTD8,0.6
2023-04-04,CTD9,
2023-04-11,CTD1,0.46
2023-04-11,CTD10,0.34
2023-04-11,CTD11,1.2
2023-04-11,CTD12,0.395
2023-04-11,CTD2,0.45
2023-04-11,CTD3,0.47
2023-04-11,CTD4,1.105
2023-04-11,CTD5,0.555
2023-04-11,CTD6,0.55
2023-04-11,CTD7,2.83
2023-04-11,CTD8,3.445
2023-04-11,CTD9,
2023-04-20,CTD1,0.55
2023-04-20,CTD10,0.35
2023-04-20,CTD11,1.815
2023-04-20,CTD12,0.37
2023-04-20,CTD2,0.355
2023-04-20,CTD3,0.455
2023-04-20,CTD4,0.745
2023-04-20,CTD5,4.455
2023-04-20,CTD6,0.565
2023-04-20,CTD7,1.45
2023-04-20,CTD8,2.125
2023-04-20,CTD9,
2023-04-27,CTD1,0.51
2023-04-27,CTD10,0.35
2023-04-27,CTD11,2.21
2023-04-27,CTD12,0.34
2023-04-27,CTD2,0.335
2023-04-27,CTD3,0.395
2023-04-27,CTD4,0.77
2023-04-27,CTD5,0.53
2023-04-27,CTD6,0.4
2023-04-27,CTD7,4.64
2023-04-27,CTD8,1.355
2023-04-27,CTD9,
2023-05-05,CTD1,0.67
2023-05-05,CTD10,0.285
2023-05-05,CTD11,0.95
2023-05-05,CTD12,0.44
2023-05-05,CTD2,0.42
2023-05-05,CTD3,0.48
2023-05-05,CTD4,0.59
2023-05-05,CTD5,1.105
2023-05-05,CTD6,0.525
2023-05-05,CTD7,2.315
2023-05-05,CTD8,2.13
2023-05-05,CTD9,
2023-05-11,CTD1,0.58
2023-05-11,CTD10,0.43
2023-05-11,CTD11,0.745
2023-05-11,CTD12,0.485
2023-05-11,CTD2,0.465
2023-05-11,CTD3,0.57
2023-05-11,CTD4,1.745
2023-05-11,CTD5,0.605
2023-05-11,CTD6,0.445
2023-05-11,CTD7,7.115
2023-05-11,CTD8,2.98
2023-05-11,CTD9,
2023-05-18,CTD1,0.43
2023-05-18,CTD10,0.38
2023-05-18,CTD11,1.035
2023-05-18,CTD12,0.455
2023-05-18,CTD2,0.42
2023-05-18,CTD3,0.48
2023-05-18,CTD4,0.765
2023-05-18,CTD5,1.39
2023-05-18,CTD6,0.4
2023-05-18,CTD7,5.55
2023-05-18,CTD8,3.805
2023-05-18,CTD9,
2023-05-25,CTD1,0.62
2023-05-25,CTD10,1.365
2023-05-25,CTD11,3.0
2023-05-25,CTD12,1.46
2023-05-25,CTD2,0.53
2023-05-25,CTD3,0.45
2023-05-25,CTD4,0.66
2023-05-25,CTD5,0.855
2023-05-25,CTD6,0.545
2023-05-25,CTD7,1.765
2023-05-25,CTD8,1.485
2023-05-25,CTD9,
2023-05-31,CTD1,1.19
2023-05-31,CTD10,0.38
2023-05-31,CTD11,1.82
2023-05-31,CTD12,0.48
2023-05-31,CTD2,0.565
2023-05-31,CTD3,0.485
2023-05-31,CTD4,0.74
2023-05-31,CTD5,0.635
2023-05-31,CTD6,0.435
2023-05-31,CTD7,4.21
2023-05-31,CTD8,1.74
2023-05-31,CTD9,
2023-06-05,CTD1,1.2
2023-06-05,CTD10,0.41
2023-06-05,CTD11,1.165
2023-06-05,CTD12,0.53
2023-06-05,CTD2,0.715
2023-06-05,CTD3,0.53
2023-06-05,CTD4,0.585
2023-06-05,CTD5,0.925
2023-06-05,CTD6,0.495
2023-06-05,CTD7,4.09
2023-06-05,CTD8,2.195
2023-06-05,CTD9,
2023-06-13,CTD1,0.68
2023-06-13,CTD10,0.575
2023-06-13,CTD11,3.215
2023-06-13,CTD12,0.63
2023-06-13,CTD2,0.71
2023-06-13,CTD3,0.75
2023-06-13,CTD4,0.725
2023-06-13,CTD5,0.405
2023-06-13,CTD6,0.575
2023-06-13,CTD7,1.53
2023-06-13,CTD8,1.895
2023-06-13,CTD9,
2023-06-21,CTD1,0.56
2023-06-21,CTD10,0.55
2023-06-21,CTD11,1.965
2023-06-21,CTD12,0.495
2023-06-21,CTD2,0.655
2023-06-21,CTD3,0.61
2023-06-21,CTD4,0.635
2023-06-21,CTD5,0.55
2023-06-21,CTD6,0.575
2023-06-21,CTD7,3.24
2023-06-21,CTD8,3.67
2023-06-21,CTD9,
2023-06-28,CTD1,0.51
2023-06-28,CTD10,0.505
2023-06-28,CTD11,1.22
2023-06-28,CTD12,0.55
2023-06-28,CTD2,0.555
2023-06-28,CTD3,0.595
2023-06-28,CTD4,0.895
2023-06-28,CTD5,0.45
2023-06-28,CTD6,0.5
2023-06-28,CTD7,3.705
2023-06-28,CTD8,1.995
2023-06-28,CTD9,
2023-07-05,CTD1,0.45
2023-07-05,CTD10,0.82
2023-07-05,CTD11,1.21
2023-07-05,CTD12,0.5
2023-07-05,CTD2,0.485
2023-07-05,CTD3,0.52
2023-07-05,CTD4,0.555
2023-07-05,CTD5,0.7
2023-07-05,CTD6,0.535
2023-07-05,CTD7,2.74
2023-07-05,CTD8,1.14
2023-07-05,CTD9,
2023-07-12,CTD1,0.47
2023-07-12,CTD10,0.53
2023-07-12,CTD11,2.205
2023-07-12,CTD12,0.515
2023-07-12,CTD2,0.495
2023-07-12,CTD3,0.42
2023-07-12,CTD4,0.515
2023-07-12,CTD5,0.65
2023-07-12,CTD6,0.42
2023-07-12,CTD7,3.38
2023-07-12,CTD8,2.065
2023-07-12,CTD9,
2023-07-19,CTD1,0.46
2023-07-19,CTD10,0.695
2023-07-19,CTD11,1.3
2023-07-19,CTD12,0.45
2023-07-19,CTD2,0.435
2023-07-19,CTD3,0.39
2023-07-19,CTD4,0.73
2023-07-19,CTD5,0.57
2023-07-19,CTD6,0.38
2023-07-19,CTD7,2.72
2023-07-19,CTD8,1.665
2023-07-19,CTD9,
2023-07-26,CTD1,0.43
2023-07-26,CTD10,0.65
2023-07-26,CTD11,1.16
2023-07-26,CTD12,0.51
2023-07-26,CTD2,0.435
2023-07-26,CTD3,0.435
2023-07-26,CTD4,0.67
2023-07-26,CTD5,0.57
2023-07-26,CTD6,0.43
2023-07-26,CTD7,2.525
2023-07-26,CTD8,2.545
2023-07-26,CTD9,
2023-08-01,CTD1,0.5
2023-08-01,CTD10,0.595
2023-08-01,CTD11,1.0
2023-08-01,CTD12,0.5
2023-08-01,CTD2,0.36
2023-08-01,CTD3,0.39
2023-08-01,CTD4,0.6
2023-08-01,CTD5,0.605
2023-08-01,CTD6,0.39
2023-08-01,CTD7,4.24
2023-08-01,CTD8,1.905
2023-08-01,CTD9,
2023-08-10,CTD1,0.47
2023-08-10,CTD10,0.59
2023-08-10,CTD11,0.795
2023-08-10,CTD12,0.525
2023-08-10,CTD2,0.5
2023-08-10,CTD3,0.52
2023-08-10,CTD4,0.62
2023-08-10,CTD5,0.8
2023-08-10,CTD6,0.455
2023-08-10,CTD7,2.47
2023-08-10,CTD8,2.44
2023-08-10,CTD9,
2023-08-17,CTD1,0.48
2023-08-17,CTD10,0.64
2023-08-17,CTD11,0.86
2023-08-17,CTD12,0.825
2023-08-17,CTD2,0.615
2023-08-17,CTD3,0.53
2023-08-17,CTD4,0.565
2023-08-17,CTD5,0.61
2023-08-17,CTD6,0.625
2023-08-17,CTD7,3.51
2023-08-17,CTD8,3.12
2023-08-17,CTD9,
2023-08-24,CTD1,0.67
2023-08-24,CTD10,0.545
2023-08-24,CTD11,1.065
2023-08-24,CTD12,0.445
2023-08-24,CTD2,0.515
2023-08-24,CTD3,0.475
2023-08-24,CTD4,0.52
2023-08-24,CTD5,0.665
2023-08-24,CTD6,0.425
2023-08-24,CTD7,3.165
2023-08-24,CTD8,2.9
2023-08-24,CTD9,
