Date,Buoy,Latitude,Longitude,rhow_B1,rhow_B2,rhow_B3,rhow_B4,rhow_B5,rhow_B6,rhow_B7,rhow_B8,rhown_B1,rhown_B2,rhown_B3,rhown_B4,rhown_B5,rhown_B6,Band_15,Band_16,Chl
2016-08-09,CTD1,4187246,695025,0.005731157,0.014207409,0.038568657,0.018638626,0.0170158,0.004787862,0.0046895384,0.0018007173,0.0056829103,0.014454156,0.039117813,0.019008828,0.01605457,0.0049948087,0.5182927,0.0,10.27
2016-08-09,CTD2,4181518,693105,0.0061484445,0.011972377,0.023884796,0.011033784,0.010584949,0.003230629,0.0031829225,0.0012446915,0.0061178263,0.011799649,0.024192063,0.011337929,0.0101308925,0.003347566,0.46724638,0.0,11.29
2016-08-09,CTD3,4181698,695238,0.0062793368,0.012703992,0.024710445,0.012148,0.011127428,0.0034067265,0.003342095,0.0013201119,0.006240739,0.012703475,0.024764562,0.01212898,0.010621661,0.003402267,0.50282925,0.0,12.56
2016-08-09,CTD4,4180266,698264,0.0036118168,0.006785014,0.015658265,0.009603352,0.01290134,0.003911526,0.0039216955,0.0015820895,0.0036397362,0.006492031,0.016038617,0.010661883,0.012085402,0.0041480972,0.63983315,0.0,8.48
2016-08-09,CTD6,4176009,695829,0.0065942276,0.012779382,0.024055956,0.009152798,0.007927722,0.002314353,0.0022753547,0.0009009904,0.006558838,0.012684781,0.024236284,0.009220223,0.007660309,0.0023520337,0.31171608,0.0,12.64
2016-08-09,CTD7,4176724,690397,0.013368423,0.021022636,0.0364347,0.01902283,0.018591052,0.0057212044,0.0055950857,0.0021801041,0.01312339,0.020781763,0.036852933,0.019121837,0.017680854,0.0057473877,0.595136,0.0,13.99
2016-08-09,CTD8,4174178,693048,0.0077019064,0.01676312,0.03372512,0.012039777,0.009535782,0.0026410918,0.0025738513,0.0010092695,0.0076012104,0.016859,0.033768218,0.012039851,0.00941098,0.0026996378,0.42793238,0.0,14.12
2016-08-09,CTD9,4171106,693183,0.006087794,0.016020028,0.040854033,0.02219395,0.019630406,0.005633065,0.0055235513,0.0021086298,0.005984252,0.016306255,0.041706342,0.02168231,0.01886277,0.0059794937,0.3814799,0.0,3.66
2016-08-09,CTD10,4170388,695646,0.013091566,0.021001317,0.036947016,0.018572835,0.017491495,0.0052627916,0.0051411605,0.0019936734,0.012876673,0.0208034,0.037351605,0.018702812,0.016661331,0.005308367,0.5947752,0.0,10.85
2016-08-09,CTD11,4169609,700351,0.0043315855,0.009476996,0.026094498,0.012157884,0.011369099,0.003227481,0.0032065627,0.0012303779,0.004356719,0.009389774,0.02679436,0.012237355,0.010907218,0.0035015282,0.53581643,0.0,9.53
2016-08-09,CTD12,4173438,695414,0.01127791,0.020572433,0.036850583,0.012884595,0.010512082,0.002897272,0.0028239845,0.0010946572,0.011097433,0.020443011,0.036994934,0.012728461,0.010140864,0.0029168134,0.35050568,0.0,10.5
2016-09-08,CTD1,4187246,695025,0.006207642,0.012908329,0.029258177,0.01699419,0.016272835,0.004910323,0.0047994447,0.0018157054,0.0061516417,0.012812335,0.029810939,0.017168444,0.016068513,0.0053518624,0.47756115,0.0,23.19
2016-09-08,CTD2,4181518,693105,0.003646756,0.009805792,0.024496019,0.011615957,0.009482059,0.0027521,0.0026820851,0.0010318822,0.0036125854,0.009971882,0.024854759,0.011706504,0.0091352705,0.002865382,0.30567616,0.0,17.47
2016-09-08,CTD3,4181698,695238,0.0015733631,0.0044225655,0.016144725,0.009059243,0.008257379,0.0021562034,0.002103297,0.0007962809,0.0015896033,0.0044992995,0.016703412,0.009307243,0.007716121,0.00232479,0.3304902,0.0,14.11
2016-09-08,CTD4,4180266,698264,0.013034536,0.018500656,0.028131861,0.01449079,0.014649527,0.004621614,0.0045049917,0.0017528116,0.012790599,0.018261459,0.028113594,0.014456104,0.013490983,0.004605106,0.57312465,0.0,14.72
2016-09-08,CTD6,4176009,695829,0.00302549,0.008493967,0.023209797,0.009092814,0.0064613004,0.0017419539,0.0016929943,0.00066734117,0.0030041174,0.008788778,0.023630342,0.00908358,0.006622849,0.0017399004,0.13132186,0.0,15.48
2016-09-08,CTD7,4176724,690397,0.005979565,0.012178509,0.02600316,0.011754035,0.009825755,0.0029214656,0.0028719385,0.0011262529,0.00594945,0.012282843,0.026595168,0.011779145,0.009540207,0.002970071,0.38662773,0.0,17.88
2016-09-08,CTD9,4171106,693183,0.006933538,0.015287411,0.040888462,0.023354677,0.020835783,0.006347452,0.0062277378,0.0024009498,0.0068477,0.015263408,0.041607276,0.023302164,0.02055582,0.006600138,0.5097211,0.0,3.8
2016-09-08,CTD10,4170388,695646,0.0074158907,0.015434597,0.03418007,0.017680287,0.017291304,0.005081328,0.0049879374,0.0019170316,0.007313051,0.015302386,0.034642454,0.018045882,0.016353736,0.005330084,0.53384405,0.0,14.67
2016-09-08,CTD11,4169609,700351,0.0035855295,0.010739749,0.027912332,0.012816878,0.010381201,0.0029646393,0.002881909,0.0010820364,0.0035378777,0.011183533,0.028648453,0.013020797,0.010281272,0.0031155986,0.1734304,0.0,16.1
2016-09-08,CTD12,4173438,695414,0.0027696604,0.008702121,0.022468738,0.012093774,0.010327489,0.0026775994,0.0025918032,0.0009747228,0.0027492878,0.009068005,0.02324992,0.011995478,0.010041493,0.0028497872,0.06722074,0.0,14.53
2017-06-30,CTD1,4187246,695025,0.0137856,0.027497182,0.046204355,0.01157814,0.008428933,0.0023177671,0.0022438774,0.0008891755,0.013713298,0.027634006,0.045923997,0.011522852,0.00850755,0.0022659737,0.1902468,0.0,1.04
2017-06-30,CTD2,4181518,693105,0.00715896,0.015184122,0.022196712,0.0047429833,0.0028392284,0.00075556024,0.0007388904,0.00029079345,0.0071091005,0.01539363,0.022173017,0.0047310423,0.0030648913,0.0007370876,0.009159206,0.0,0.46
2017-06-30,CTD3,4181698,695238,0.014753919,0.022910388,0.03270006,0.010330496,0.0077150157,0.0021414128,0.002081424,0.00082800246,0.014662619,0.023037,0.03273293,0.010300096,0.007753518,0.0021156187,0.21083026,0.0,1.24
2017-06-30,CTD4,4180266,698264,0.017000033,0.026202045,0.04214056,0.012631095,0.010067157,0.002718594,0.0025802485,0.0010050182,0.016736204,0.026217168,0.042270653,0.012582259,0.009738293,0.0025942666,0.26488405,0.0,1.05
2017-06-30,CTD6,4176009,695829,0.024919594,0.03375136,0.04908613,0.015537795,0.011373982,0.0029777116,0.002815603,0.0010791881,0.024468705,0.033737052,0.049534455,0.015492811,0.0110948915,0.0028342623,0.30567616,0.0,1.33
2017-06-30,CTD7,4176724,690397,0.026663989,0.038815834,0.05493893,0.01461361,0.010521165,0.0027119408,0.0025905168,0.0009928945,0.026488122,0.038683675,0.055273674,0.014613894,0.010358801,0.0026135163,0.28293642,0.0,0.46
2017-06-30,CTD8,4174178,693048,0.015544436,0.027863108,0.044584505,0.012044677,0.008495532,0.0022504206,0.0021724585,0.00084656815,0.015392407,0.02784078,0.04460036,0.012032447,0.008553887,0.0021867764,0.19627011,0.0,0.68
2017-06-30,CTD9,4171106,693183,0.016806394,0.030760411,0.064853124,0.030674035,0.024448609,0.0060382527,0.0057134726,0.0021032235,0.016678605,0.03082318,0.06509313,0.030640695,0.024458071,0.0060393936,0.4052667,0.0,0.81
2017-06-30,CTD10,4170388,695646,0.016212951,0.02544736,0.034855157,0.009887233,0.006803235,0.0018946587,0.001797146,0.0007075337,0.016053272,0.02566987,0.03494395,0.009821676,0.0069528637,0.0017928464,0.14699721,0.0,0.62
2017-06-30,CTD11,4169609,700351,0.007408971,0.016878452,0.028843127,0.008751727,0.0063231606,0.0016905457,0.0016473205,0.00065343414,0.007313051,0.017051004,0.0288849,0.008735067,0.006383138,0.0016929886,0.13567168,-1.1e-44,1.04
2017-06-30,CTD12,4173438,695414,0.022062257,0.03215271,0.05188566,0.019719828,0.016537774,0.004512341,0.0043188334,0.0016128935,0.021690758,0.032037597,0.052378267,0.019719565,0.015759086,0.004425364,0.45655692,0.0,1.14
2018-02-20,CTD1,4187246,695025,0.0017193333,0.0049371338,0.013419033,0.009806451,0.0077387528,0.0023707468,0.002309565,0.00091248,0.00172742,0.0050357766,0.013773837,0.009780809,0.007907338,0.0024190734,0.029991439,-1.1e-44,3.69
2018-02-20,CTD2,4181518,693105,0.0019063666,0.0057181865,0.01495783,0.005507873,0.003252217,0.0008900066,0.0008614526,0.00034074858,0.0019114512,0.005919726,0.0152435955,0.005506258,0.0035711995,0.0008605325,2.8214974e-05,-1.1e-44,3.93
2018-02-20,CTD3,4181698,695238,0.0029207787,0.008810616,0.017933173,0.003465611,0.002119145,0.0005314553,0.0005128322,0.00020130043,0.0028973143,0.009211993,0.01800324,0.0033703465,0.002163183,0.00052465557,2.9246054e-05,0.0,1.65
2018-02-20,CTD4,4180266,698264,0.006542198,0.015227099,0.027167078,0.0063966666,0.0042506442,0.0011142116,0.0010869107,0.00043071518,0.006469594,0.0154852895,0.027107436,0.006384793,0.004423461,0.0011137166,0.099371545,0.0,1.77
2018-02-20,CTD6,4176009,695829,0.008053668,0.015543465,0.027451232,0.0076435995,0.005692598,0.0015690541,0.0015396822,0.00061929616,0.007993462,0.015498417,0.02743965,0.007618407,0.0056779995,0.0015794153,0.20549919,0.0,6.31
2018-02-20,CTD7,4176724,690397,0.0044722124,0.012461329,0.028131861,0.0069820024,0.004445974,0.0011487523,0.0011106386,0.0004395174,0.0044072964,0.012895426,0.028047284,0.006883954,0.0046455543,0.001140962,0.002655588,0.0,1.69
2018-02-20,CTD8,4174178,693048,0.0025384955,0.008005093,0.017994566,0.0039509227,0.002375032,0.0005948079,0.00057190144,0.0002250975,0.002528377,0.008401446,0.018072233,0.0038099189,0.0024248336,0.00058463507,2.7586624e-05,0.0,1.43
2018-02-20,CTD9,4171106,693183,0.016377643,0.028100021,0.056029066,0.027438369,0.024678672,0.006858581,0.0066327085,0.0025068768,0.01616584,0.02831568,0.05657485,0.027525341,0.023929456,0.0070132073,0.52537036,0.0,1.2
2018-02-20,CTD10,4170388,695646,0.014439031,0.022006532,0.03546653,0.012811683,0.012565595,0.0036819377,0.0036120121,0.0014043661,0.014132693,0.021653382,0.035611846,0.012860364,0.011375551,0.003717109,0.35482004,0.0,3.2
2018-02-20,CTD11,4169609,700351,0.0043803966,0.0109055415,0.024259487,0.008248333,0.0057863677,0.0015598504,0.0015259832,0.00061443215,0.004339084,0.011092997,0.024398994,0.008187406,0.0059796097,0.0015645595,0.078099966,0.0,3.36
2018-02-20,CTD12,4173438,695414,0.0030315295,0.0077887904,0.018498447,0.005721469,0.004178303,0.0011316178,0.0011046561,0.0004447969,0.003011571,0.007944746,0.018691756,0.0057266373,0.004222158,0.0011414215,0.001977922,0.0,4.68
2018-03-07,CTD1,4187246,695025,0.016278706,0.02892401,0.052058626,0.018391168,0.013887472,0.0036570353,0.0035209623,0.0013502317,0.016085383,0.02901969,0.052137773,0.018379945,0.013773124,0.0035582003,0.2987639,0.0,3.71
2018-03-07,CTD2,4181518,693105,0.012114984,0.022012012,0.03689342,0.011754035,0.008759328,0.0024201635,0.0023536282,0.00093293935,0.011949449,0.022016548,0.036974624,0.011710128,0.008767914,0.0023733121,0.22577903,0.0,2.91
2018-03-07,CTD3,4181698,695238,0.018097235,0.029177811,0.047115546,0.015668746,0.012700007,0.0035885072,0.0034831031,0.0013580432,0.01781974,0.02901969,0.04745097,0.015613674,0.01231506,0.0035359391,0.3692327,0.0,2.39
2018-03-07,CTD4,4180266,698264,0.012776515,0.023686288,0.04189517,0.014438445,0.010575815,0.002866251,0.002772683,0.0010854641,0.012599302,0.023773046,0.04197128,0.014388255,0.0106596295,0.0027962655,0.2146956,0.0,1.93
2018-03-07,CTD6,4176009,695829,0.008583699,0.016452169,0.028637268,0.008207701,0.0058094077,0.0015884071,0.0015558231,0.0006238715,0.008494693,0.01639286,0.028690565,0.008168496,0.0059496793,0.0015881403,0.16419789,0.0,3.09
2018-03-07,CTD7,4176724,690397,0.007987185,0.01695255,0.030138701,0.006357381,0.00404272,0.0010519146,0.0010238634,0.00039978977,0.0078944005,0.017263584,0.030045938,0.0063609267,0.004248812,0.0010411195,0.07399765,0.0,1.6
2018-03-07,CTD8,4174178,693048,0.008612357,0.018643627,0.031381212,0.0072067315,0.004695824,0.0012295856,0.0011956847,0.0004690241,0.008517179,0.018765543,0.03130493,0.0072138817,0.0049298797,0.0012123585,0.08086077,0.0,1.8
2018-03-07,CTD9,4171106,693183,0.018569399,0.032179218,0.061010253,0.023515716,0.017971378,0.0048452695,0.004633225,0.0017637582,0.018394422,0.032351777,0.060986076,0.023366038,0.018044412,0.0047345227,0.33718973,0.0,0.86
2018-03-07,CTD10,4170388,695646,0.0052192365,0.012073292,0.02333138,0.007013668,0.0048839045,0.0013416561,0.0013158416,0.0005288475,0.0051763644,0.012217486,0.023392882,0.0069916304,0.00503363,0.0013356245,0.077437885,0.0,2.96
2018-03-07,CTD11,4169609,700351,0.0059623304,0.014089144,0.027999988,0.008354223,0.0058842693,0.0016009208,0.0015674579,0.000625843,0.0058912556,0.014293108,0.028039005,0.008320821,0.00602691,0.0015950263,0.09287657,0.0,1.41
2018-03-07,CTD12,4173438,695414,0.01576936,0.02354361,0.034999557,0.012749495,0.011344716,0.0032670437,0.003187637,0.0012512513,0.015443202,0.023315681,0.035286598,0.012662896,0.010621661,0.003227619,0.37905017,0.0,2.31
2018-05-16,CTD2,4181518,693105,0.0042131897,0.010511064,0.018511038,0.0035645566,0.0021470315,0.0005544758,0.0005400919,0.00021314352,0.0041717617,0.010795696,0.018532224,0.003499061,0.0022518206,0.0005412028,0.0013407104,0.0,1.58
2018-05-16,CTD3,4181698,695238,0.0068403324,0.015517286,0.0262278,0.0052508838,0.0030707705,0.0008145815,0.00079362385,0.00031184172,0.0067693116,0.015811604,0.026184592,0.0052228384,0.003342331,0.000792075,0.016192682,0.0,2.01
2018-05-16,CTD4,4180266,698264,0.00810569,0.018163383,0.032074526,0.0071153906,0.0046361396,0.0011977246,0.0011666048,0.00045674227,0.00801245,0.018395258,0.03195815,0.007119932,0.0048192386,0.0011892166,0.09061167,0.0,1.41
2018-05-16,CTD6,4176009,695829,0.018976312,0.02846975,0.03418007,0.008802257,0.0056875725,0.0015057764,0.0014673175,0.00057268335,0.018997595,0.028459664,0.034323562,0.00882977,0.0059774676,0.0014675737,0.10765029,0.0,0.67
2018-05-16,CTD7,4176724,690397,0.014343912,0.027800921,0.047518395,0.01232708,0.008551415,0.0022305977,0.0021520115,0.0008354674,0.01419913,0.02784078,0.047319565,0.012327607,0.008667694,0.002174362,0.18042497,0.0,2.18
2018-05-16,CTD8,4174178,693048,0.014726865,0.027726388,0.042304665,0.009575797,0.0060262247,0.0015303179,0.0014738827,0.00056492706,0.014700439,0.02782136,0.04209308,0.009631123,0.0063446774,0.0014745643,0.09853646,0.0,0.56
2018-05-16,CTD9,4171106,693183,0.016369384,0.029483702,0.062322438,0.031974014,0.028901478,0.007833916,0.0075872946,0.0028438307,0.016258681,0.029512,0.0628002,0.032005664,0.028024312,0.008188088,0.563419,0.0,0.77
2018-05-16,CTD10,4170388,695646,0.0018818039,0.0058294265,0.012002554,0.0026055365,0.0015667691,0.00039384371,0.0003794812,0.00014874619,0.0018990894,0.0060970727,0.012136802,0.0025367448,0.0015847834,0.0003850104,2.6613712e-05,-1.4350000000000002e-42,0.29
2018-05-16,CTD11,4169609,700351,0.01417374,0.02540577,0.040991865,0.011233842,0.008011565,0.0021477393,0.0020845348,0.0008171461,0.014004123,0.025368074,0.041005235,0.0112393275,0.008025047,0.0020995475,0.18603216,0.0,1.06
2018-05-16,CTD12,4173438,695414,0.022110868,0.032291982,0.04251626,0.011279791,0.0076981033,0.0020740565,0.0019695237,0.00076578266,0.0219013,0.03216309,0.04286235,0.011207777,0.007761551,0.0019740073,0.18165722,0.0,0.43
2018-06-20,CTD1,4187246,695025,0.014031085,0.025210189,0.038712386,0.01094398,0.0079486035,0.0022055202,0.0021317557,0.00084701524,0.013934669,0.025257744,0.038728636,0.010899545,0.008063683,0.0021538069,0.18986002,0.0,1.04
2018-06-20,CTD2,4181518,693105,0.009303947,0.019207567,0.02704721,0.0052082227,0.0030747731,0.000821571,0.0008016831,0.0003158277,0.009239087,0.01945455,0.027042981,0.0051760515,0.0033385763,0.0007998397,0.030425295,0.0,0.62
2018-06-20,CTD3,4181698,695238,0.014699844,0.02358351,0.029321726,0.0071153906,0.0044577457,0.0012361836,0.0011933307,0.00047196384,0.014662619,0.023637604,0.029345132,0.0071007945,0.0047700177,0.001188739,0.072282195,0.0,1.0
2018-06-20,CTD4,4180266,698264,0.018237723,0.026093533,0.032897335,0.008605385,0.0059495727,0.0016439015,0.0016060863,0.0006482956,0.01811221,0.026054762,0.03291007,0.008562264,0.0060161315,0.0016298648,0.17485642,0.0,0.61
2018-06-20,CTD6,4176009,695829,0.005952774,0.013084361,0.01732302,0.0028325608,0.0016691106,0.00043288924,0.00041935802,0.0001651743,0.005887636,0.013379752,0.017325923,0.002788547,0.0017606743,0.00042310267,0.011833301,0.0,0.55
2018-06-20,CTD7,4176724,690397,0.027451122,0.036377244,0.04575902,0.013807097,0.009736637,0.0026178802,0.0024649925,0.0009538554,0.027075207,0.036326624,0.046088222,0.013685756,0.009658031,0.0024674202,0.22821082,0.0,0.39
2018-06-20,CTD8,4174178,693048,0.022071976,0.032478042,0.0412338,0.01031781,0.006728715,0.0018216039,0.0017321781,0.000675474,0.021997338,0.032442816,0.041519344,0.010264142,0.0069528637,0.0017304257,0.14064282,0.0,0.65
2018-06-20,CTD9,4171106,693183,0.01022204,0.022347832,0.047897954,0.017265696,0.0122639695,0.0032559196,0.0031299568,0.0011997033,0.01007004,0.022657283,0.04771445,0.017005997,0.012253505,0.0032333613,0.21672556,0.0,0.37
2018-06-20,CTD10,4170388,695646,0.005590532,0.012299102,0.016285298,0.0028490615,0.0017135594,0.00044004695,0.00042677962,0.00016818817,0.0055443984,0.01254345,0.016289027,0.0027856317,0.0017731594,0.00042972266,0.011417371,0.0,1.23
2018-06-20,CTD11,4169609,700351,0.0017309627,0.005434205,0.0129002305,0.0028823882,0.0017327104,0.00042661736,0.00040859112,0.00016023559,0.0017506465,0.005696545,0.013048378,0.002770137,0.001746983,0.0004172548,2.6937683e-05,-1.4460000000000003e-42,0.7
2018-06-20,CTD12,4173438,695414,0.012857424,0.023503747,0.031105073,0.0059339195,0.0035365487,0.0009631937,0.00093506236,0.00036835237,0.012838749,0.023655243,0.03122398,0.0059144306,0.0038406814,0.00093405775,0.05531563,0.0,1.33
2018-07-10,CTD1,4187246,695025,0.011281121,0.019051775,0.030934572,0.0112522,0.008581362,0.0023894536,0.0023141645,0.0009168262,0.011165589,0.019141063,0.030964209,0.01121128,0.008670629,0.0023300417,0.20301779,0.0,0.6
2018-07-10,CTD2,4181518,693105,0.021936106,0.031335272,0.036871996,0.007971337,0.0049380953,0.0013482212,0.0012792915,0.00050034677,0.02202138,0.031337854,0.037218846,0.007923432,0.0052071563,0.001287441,0.10667391,0.0,0.37
2018-07-10,CTD3,4181698,695238,0.008983839,0.019247904,0.02833498,0.00580882,0.0034782737,0.000912409,0.00088900543,0.0003495768,0.008909667,0.019537363,0.028304914,0.005750302,0.0037264745,0.00089219975,0.019695576,0.0,0.54
2018-07-10,CTD4,4180266,698264,0.021096075,0.029477315,0.03944764,0.012534067,0.009157687,0.0025035609,0.0023889998,0.000932447,0.020816911,0.02945189,0.03966924,0.012448735,0.009068125,0.0023965486,0.24315341,0.0,1.5
2018-07-10,CTD6,4176009,695829,0.0073629767,0.015369538,0.01981364,0.0036389858,0.0021716491,0.00057914667,0.00056290557,0.0002227802,0.0072561344,0.015568579,0.01979218,0.0036048144,0.0023274978,0.0005667063,0.023232926,0.0,1.42
2018-07-10,CTD7,4176724,690397,0.02375251,0.031479675,0.04116458,0.012895043,0.009535782,0.0025707937,0.0024454705,0.0009508391,0.0233832,0.03146891,0.04146445,0.012805927,0.009301772,0.0024582362,0.2678767,0.0,0.59
2018-07-10,CTD8,4174178,693048,0.0072967107,0.017945627,0.034200393,0.007703611,0.0048367144,0.001238592,0.0012009987,0.00046804844,0.007193107,0.01834562,0.033997223,0.0076821675,0.005092739,0.0012216357,0.033619855,0.0,1.9
2018-07-10,CTD9,4171106,693183,0.0075765457,0.01750587,0.0498619,0.018110937,0.012490891,0.0031024402,0.0029672896,0.0011280343,0.007416924,0.017981285,0.05000199,0.017759956,0.01277212,0.0031346085,0.054412715,0.0,0.41
2018-07-10,CTD10,4170388,695646,0.0119033195,0.02098001,0.033095457,0.009706376,0.006719826,0.0019002553,0.0018543897,0.0007462393,0.011770721,0.020960705,0.03305979,0.009659045,0.0069993837,0.0018594266,0.13398993,0.0,1.29
2018-07-10,CTD11,4169609,700351,0.0054937634,0.013722762,0.024982559,0.0057308464,0.0034449955,0.00090113335,0.00087744783,0.000344956,0.0054392195,0.014117179,0.024998112,0.005679576,0.0036863755,0.00088068395,0.0027941475,0.0,1.13
2018-07-10,CTD12,4173438,695414,0.015030139,0.024546586,0.032572296,0.008577114,0.0049055084,0.0012684942,0.0012146911,0.00046878,0.014982346,0.024631951,0.03260285,0.0086016655,0.0054409807,0.0012089573,0.08046067,0.0,2.33
2018-08-29,CTD1,4187246,695025,0.0031402519,0.009338086,0.019182254,0.0038540894,0.0023190985,0.00058476365,0.000565008,0.00022168602,0.0031121958,0.009766434,0.019262563,0.003759557,0.0023976392,0.0005759478,2.7915616e-05,0.0,0.49
2018-08-29,CTD2,4181518,693105,0.014241647,0.022237398,0.029806228,0.008073694,0.0060209073,0.0016715645,0.0016334575,0.00065137376,0.014106914,0.022112181,0.029897813,0.008015908,0.005958217,0.001656282,0.17822656,0.0,0.53
2018-08-29,CTD3,4181698,695238,0.004085696,0.009756944,0.014734002,0.0030676818,0.0018980289,0.0005005983,0.00048777164,0.0001937188,0.0040675844,0.010094489,0.014727232,0.0030164444,0.0019786833,0.0004917461,0.0008851074,0.0,0.6
2018-08-29,CTD4,4180266,698264,0.012751962,0.017241772,0.021603333,0.007977901,0.0062262737,0.0018441231,0.0017953583,0.0007302748,0.012660563,0.017173592,0.02146276,0.007857941,0.006184012,0.001798429,0.18327089,0.0,0.52
2018-08-29,CTD6,4176009,695829,0.0039553395,0.009288263,0.015005056,0.0030676818,0.0018527937,0.00048592984,0.00047326687,0.00018735736,0.0039363867,0.009468141,0.015022402,0.0030143363,0.0019405924,0.00047449354,0.0011033441,0.0,0.51
2018-08-29,CTD7,4176724,690397,0.008717218,0.018105144,0.026554924,0.006174754,0.003965296,0.0010739908,0.001047684,0.0004136626,0.008678514,0.018325793,0.02655547,0.006183425,0.0041910005,0.0010533916,0.058196668,0.0,0.66
2018-08-29,CTD8,4174178,693048,0.011484743,0.01939965,0.02845916,0.008548934,0.006212553,0.001719851,0.0016795765,0.0006701586,0.011378267,0.019335933,0.028480474,0.00851742,0.006259435,0.0016976281,0.16498698,0.0,0.69
2018-08-29,CTD9,4171106,693183,0.017979177,0.03048763,0.058215596,0.023995427,0.021607691,0.0058681457,0.0056459303,0.0021325725,0.017798347,0.030455273,0.05859057,0.024377583,0.020604696,0.005885911,0.4469257,0.0,0.2
2018-08-29,CTD10,4170388,695646,0.004097871,0.010350149,0.01935811,0.0040503927,0.002453302,0.0006339912,0.0006141094,0.00024316729,0.004058704,0.010630265,0.019378511,0.003980324,0.002585895,0.00062302675,0.000798943,0.0,0.84
2018-08-29,CTD11,4169609,700351,0.006492583,0.0146375345,0.024094991,0.006300208,0.004316659,0.0011644624,0.0011405029,0.00045626753,0.0064302804,0.014579004,0.024103815,0.00628338,0.004423461,0.0011636817,0.11171992,0.0,0.97
2018-08-29,CTD12,4173438,695414,0.006596316,0.01517983,0.027055757,0.005941221,0.0039116675,0.0010288279,0.0010040405,0.00039773108,0.006526981,0.015428498,0.02699472,0.0059164586,0.0040594554,0.001024418,0.06707723,0.0,0.72
2018-10-03,CTD1,4187246,695025,0.014549887,0.022094315,0.03048326,0.009481908,0.0070938296,0.0019891588,0.0019326141,0.00077186804,0.014377342,0.021999698,0.030564327,0.009404055,0.007033831,0.0019498547,0.217017,0.0,0.3
2018-10-03,CTD2,4181518,693105,0.026506469,0.032931633,0.03990905,0.01340598,0.009627352,0.0026436832,0.0024735816,0.00096448755,0.0259992,0.033083457,0.04021514,0.01326626,0.009508559,0.0024821754,0.21196878,0.0,0.43
2018-10-03,CTD3,4181698,695238,0.0047835973,0.011222787,0.0141448965,0.0021653713,0.001276899,0.00032076766,0.0003082869,0.000120815144,0.004709785,0.011541574,0.014212989,0.0021091586,0.0013117881,0.00031270445,0.006908307,0.0,0.31
2018-10-03,CTD4,4180266,698264,0.0011125006,0.0021468783,0.0023519385,0.00093634863,0.00057056843,0.00014381798,0.00013607557,5.390081e-05,0.0011344304,0.0021287538,0.0022728383,0.0009311731,0.0005849954,0.00014036306,0.22958928,0.0,0.16
2018-10-03,CTD6,4176009,695829,0.004947534,0.012131255,0.021361109,0.004351249,0.0026626114,0.0006923467,0.0006723954,0.0002656207,0.004895027,0.012418091,0.021342935,0.0042955405,0.0028100302,0.00068259845,0.0058825966,0.0,0.81
2018-10-03,CTD7,4176724,690397,0.005111624,0.010700263,0.014548891,0.0029037218,0.0018065145,0.0004802851,0.00046768668,0.0001859159,0.0050967108,0.010825116,0.014484533,0.0028604695,0.0018877008,0.00047297444,0.017140154,0.0,0.38
2018-10-03,CTD8,4174178,693048,0.012741449,0.02354361,0.039134584,0.011859822,0.008271848,0.0022360864,0.002154155,0.00084567466,0.012595905,0.023619974,0.039191738,0.01182655,0.008421221,0.0021628302,0.15811986,0.0,1.06
2018-10-03,CTD9,4171106,693183,0.026811305,0.041236658,0.07106303,0.03431295,0.028412482,0.008268288,0.007861343,0.0029928095,0.026608286,0.041503042,0.07214783,0.034470517,0.029072495,0.008212277,0.4306398,0.0,0.21
2018-10-03,CTD10,4170388,695646,0.022535896,0.02949009,0.038447317,0.012947402,0.009556521,0.0026973595,0.0025623748,0.0010119356,0.02193009,0.02954542,0.038707674,0.012767149,0.009467541,0.0025608656,0.2333028,0.0,0.78
2018-10-03,CTD11,4169609,700351,0.018653955,0.023697723,0.026261207,0.0070281094,0.0052669006,0.0014765692,0.0014492373,0.0005832981,0.018233463,0.023696432,0.026263157,0.006984563,0.0052432646,0.0014757323,0.17689541,0.0,0.47
2018-10-03,CTD12,4173438,695414,0.019310778,0.029566795,0.044330124,0.013089768,0.0094779385,0.0025783726,0.0024649925,0.00096550625,0.019073224,0.02960563,0.04462337,0.013005079,0.009426665,0.0024747886,0.22683999,0.0,1.01
2018-11-07,CTD1,4187246,695025,0.0019622878,0.0054287715,0.013038631,0.0040164017,0.0025246267,0.0006644731,0.00064071064,0.0002577651,0.001964748,0.005565938,0.013138684,0.003956716,0.002626084,0.00065066543,4.0646304e-05,0.0,0.66
2018-11-07,CTD2,4181518,693105,0.0012625963,0.0038516363,0.0069115763,0.0009261997,0.000470788,0.00011611314,0.00010721086,4.1292238e-05,0.001309598,0.004019226,0.007099192,0.00088135514,0.00049705897,0.000111679066,2.6761492e-05,-1.4350000000000002e-42,0.34
2018-11-07,CTD3,4181698,695238,0.0035795814,0.0076490953,0.012649948,0.0027719028,0.0017564453,0.00045497378,0.00043868914,0.00017490606,0.0035800533,0.007673129,0.012605526,0.002717555,0.0017970726,0.00044846098,0.0064102737,0.0,0.9
2018-11-07,CTD4,4180266,698264,0.013357563,0.016593428,0.019345038,0.0074540796,0.0058505926,0.0017419539,0.001705672,0.000696434,0.0132603375,0.016539495,0.019129055,0.0073236367,0.0057790866,0.0017277272,0.2223252,0.0,0.86
2018-11-07,CTD6,4176009,695829,0.003446561,0.008218695,0.014254989,0.0026590193,0.0017058256,0.0004380992,0.00042276498,0.00016826832,0.0034250356,0.008346652,0.014254816,0.0026018915,0.0017340485,0.00043454388,0.037552826,0.0,1.02
2018-11-07,CTD7,4176724,690397,0.0014358838,0.003852932,0.009364349,0.0019852924,0.0012115192,0.00030044973,0.0002865373,0.000113265975,0.0014558296,0.0040091057,0.009414071,0.0019255057,0.001225506,0.00029276565,8.761237e-05,0.0,0.3
2018-11-07,CTD8,4174178,693048,0.013756041,0.023572106,0.033745248,0.008357662,0.005748169,0.001566748,0.0015214446,0.0006022846,0.013652045,0.023438271,0.033834893,0.008345527,0.0058796504,0.0015382608,0.13813612,0.0,0.83
2018-11-07,CTD9,4171106,693183,0.015572441,0.025387956,0.04268131,0.018521808,0.0144479945,0.0039514024,0.003819512,0.0014751791,0.015341722,0.025361937,0.042963356,0.01846535,0.014315516,0.0038735103,0.3253863,0.0,0.29
2018-11-07,CTD10,4170388,695646,0.002725,0.007229031,0.012404086,0.0025995593,0.0016061709,0.0004112974,0.00039548555,0.00015641996,0.0027156516,0.007407825,0.012424197,0.0025491042,0.0016475264,0.00040373174,0.00037686827,0.0,0.83
2018-11-07,CTD11,4169609,700351,0.010881855,0.015913246,0.022661494,0.007744943,0.006616971,0.001920919,0.0018888604,0.00075137464,0.010803748,0.015811604,0.022608478,0.0076847277,0.006394488,0.0019148523,0.25473344,0.0,2.63
2018-11-07,CTD12,4173438,695414,0.0069619287,0.013138297,0.016415559,0.0032727893,0.002092537,0.00057358964,0.00056185754,0.00022531957,0.0069520664,0.013208983,0.016320573,0.0032294008,0.0021991907,0.00056877214,0.04661088,0.0,0.63
2019-03-12,CTD1,4187246,695025,0.01576936,0.023203164,0.032591928,0.012483282,0.010251841,0.0030424283,0.0029628898,0.0011790495,0.015549052,0.023129659,0.032649264,0.01231253,0.009959268,0.0029614968,0.2893253,0.0,0.1
2019-03-12,CTD2,4181518,693105,0.007411277,0.016393181,0.018542547,0.0022655057,0.0013252253,0.000333935,0.0003221016,0.00012603991,0.007280167,0.01677986,0.018691756,0.0022160576,0.0013718572,0.00032772752,0.018222434,-2.87e-42,0.34
2019-03-12,CTD3,4181698,695238,0.017042303,0.02673585,0.037226573,0.009466347,0.0069485805,0.0018715173,0.0018142201,0.0007139031,0.016880745,0.02660681,0.037453946,0.009437526,0.006848555,0.00184365,0.21040477,0.0,0.39
2019-03-12,CTD4,4180266,698264,0.01070781,0.0148012545,0.014796167,0.0039241123,0.002588183,0.000742851,0.000727329,0.00029523502,0.010749354,0.01482276,0.014451509,0.0038690658,0.0027390788,0.0007352922,0.039489206,0.0,0.16
2019-03-12,CTD6,4176009,695829,0.005720087,0.012453919,0.016713388,0.003040244,0.0018721424,0.0004934248,0.00047957955,0.00019018601,0.005679409,0.01265492,0.016687302,0.002996478,0.0019632075,0.00048605286,0.028788792,0.0,0.24
2019-03-12,CTD7,4176724,690397,0.012250759,0.016920105,0.020904204,0.0072245463,0.0053206696,0.0015514622,0.0014997016,0.00060641236,0.012176509,0.016849676,0.02077167,0.0071055745,0.00534518,0.0015135619,0.14230496,0.0,0.09
2019-03-12,CTD8,4174178,693048,0.01060316,0.015926568,0.019299343,0.005575855,0.004033844,0.0011786795,0.0011551803,0.00047073662,0.0105695715,0.015824942,0.019153269,0.005494879,0.004120151,0.0011693108,0.10056621,0.0,0.15
2019-03-12,CTD9,4171106,693183,0.024981111,0.037944373,0.06431633,0.032936413,0.029187066,0.009245671,0.008940539,0.0034899113,0.024854029,0.0380216,0.065904,0.03365732,0.03004503,0.009310772,0.4984863,0.0,0.17
2019-03-12,CTD10,4170388,695646,0.005065183,0.011353106,0.017841415,0.00431106,0.002705341,0.00075129775,0.0007346634,0.0002986899,0.005044778,0.011531211,0.017667372,0.004259682,0.0028472568,0.0007467378,0.07932804,0.0,0.24
2019-03-12,CTD11,4169609,700351,0.0150340535,0.01896169,0.0185741,0.004297175,0.0029113316,0.00080957345,0.0007860294,0.00031406718,0.015032241,0.019044146,0.018449971,0.0042552203,0.0030078667,0.00080735184,0.07989241,0.0,0.18
2019-03-12,CTD12,4173438,695414,0.01963007,0.030584933,0.040533613,0.008573586,0.0057863677,0.0014707979,0.0014165647,0.00054116786,0.01965719,0.030434899,0.040896397,0.008632733,0.0058040842,0.0014536837,0.19760275,0.0,0.17
2019-06-25,CTD1,4187246,695025,0.027520165,0.034898855,0.044354312,0.015260552,0.011330109,0.0030752947,0.0028947776,0.0011298184,0.027043633,0.0350034,0.044680934,0.015116646,0.01105574,0.0029199868,0.29084754,0.0,1.42
2019-06-25,CTD2,4181518,693105,0.0097618485,0.017486915,0.029916748,0.011465387,0.008618936,0.0023835923,0.002284428,0.00089956436,0.009669566,0.017482892,0.030002315,0.011455012,0.008638396,0.0022900358,0.2146956,0.0,2.57
2019-06-25,CTD3,4181698,695238,0.010311827,0.017486915,0.029014023,0.008730158,0.0058325385,0.0016806154,0.0016489591,0.0006662877,0.010260595,0.017694555,0.028918803,0.008669569,0.0060161315,0.0016498034,0.12825786,0.0,1.5
2019-06-25,CTD4,4180266,698264,0.019520283,0.025667783,0.028699804,0.008665768,0.006085026,0.001782642,0.001727875,0.0006993765,0.019296652,0.025688417,0.028648453,0.008551034,0.0061928444,0.001729076,0.12301545,0.0,1.48
2019-06-25,CTD6,4176009,695829,0.014622818,0.022248426,0.03303593,0.0106962435,0.0077184024,0.0021414128,0.0020762496,0.0008210378,0.014452046,0.022196788,0.032975513,0.010648428,0.0077214544,0.0021027531,0.19167131,0.0,2.13
2019-06-25,CTD7,4176724,690397,0.0025142606,0.006785014,0.013085062,0.0026437573,0.0016473759,0.00041511306,0.0003995621,0.00015797844,0.0025083688,0.006983933,0.013147316,0.0025749083,0.0016684079,0.0004085643,3.3176795e-05,0.0,1.1
2019-06-25,CTD8,4174178,693048,0.008408236,0.016109396,0.019753722,0.0038387135,0.0022926452,0.00061009394,0.0005928685,0.00023475252,0.008358354,0.016260812,0.01972375,0.0037992613,0.0024606532,0.00059634855,0.02167475,0.0,1.5
2019-06-25,CTD10,4170388,695646,0.007790438,0.017288733,0.029677672,0.006904891,0.004211533,0.0011099043,0.0010736664,0.0004179661,0.0077247126,0.017723562,0.02962913,0.006879306,0.0045140893,0.0010701149,0.00036787015,0.0,1.38
2019-06-25,CTD11,4169609,700351,0.005841033,0.013418336,0.024448568,0.007837946,0.005637562,0.0014012684,0.0013561539,0.0005189836,0.0057197977,0.013379752,0.024458379,0.0078032906,0.005973185,0.0013668591,0.00058950606,-1.1e-44,0.7
2019-06-25,CTD12,4173438,695414,0.010754224,0.022502976,0.029972123,0.008374874,0.005575664,0.0015153958,0.0014724212,0.000584524,0.010689165,0.022881174,0.02991521,0.008342778,0.005860678,0.0014880485,0.070857,0.0,1.48
2019-07-30,CTD1,4187246,695025,0.0008133663,0.001350409,0.0036112862,0.005184914,0.005519317,0.0021340556,0.0021659809,0.0009887116,0.00082802767,0.0013233898,0.0034931146,0.005427064,0.0058396608,0.0020339831,0.68332815,-1.1e-44,0.26
2019-07-30,CTD2,4181518,693105,0.021372715,0.03138119,0.040522203,0.01060908,0.007134524,0.001920919,0.0018305462,0.00071277487,0.021253875,0.031337854,0.04078775,0.010574671,0.007271407,0.0018343835,0.16296503,0.0,1.32
2019-07-30,CTD3,4181698,695238,0.008182985,0.015141233,0.021675,0.010288268,0.00985563,0.0028079234,0.002737177,0.0010797571,0.008112767,0.014907543,0.021569747,0.010169841,0.009511719,0.002793203,0.3920873,-1.1e-44,1.52
2019-07-30,CTD4,4180266,698264,0.0,0.0,0.0,0.0,0.0,0.0,0.0,0.0,0.0,0.0,0.0,0.0,0.0,0.0,0.0,0.0,1.55
2019-07-30,CTD6,4176009,695829,0.028438874,0.038569335,0.053562332,0.016515188,0.012185701,0.0031713191,0.0029790534,0.0011363839,0.028092494,0.0385253,0.053988997,0.016464321,0.011840212,0.0030110748,0.3322075,0.0,1.84
2019-07-30,CTD7,4176724,690397,0.022688247,0.032737892,0.039235026,0.010179256,0.0068242447,0.0018761227,0.0017900056,0.0007052995,0.022456363,0.03269555,0.039488394,0.010092332,0.0069431034,0.0017845015,0.14679462,0.0,0.87
2019-07-30,CTD8,4174178,693048,0.027908914,0.03909803,0.055448048,0.015876565,0.011570874,0.0029952284,0.0028295855,0.0010820364,0.027667014,0.038993567,0.05586309,0.015852856,0.011295851,0.002860176,0.31848478,0.0,1.02
2019-07-30,CTD9,4171106,693183,0.016443804,0.028350437,0.05176611,0.021091728,0.017513065,0.004875373,0.004714517,0.0018081967,0.01622635,0.02831568,0.05196097,0.021048147,0.01710315,0.004839937,0.3928371,0.0,0.33
2019-07-30,CTD10,4170388,695646,0.02397397,0.03284473,0.043071974,0.013031591,0.009453249,0.0025531945,0.0024224855,0.00094284187,0.023671152,0.032822266,0.043402836,0.012938436,0.009298667,0.0024354022,0.25456452,0.0,0.57
2019-07-30,CTD11,4169609,700351,0.020468505,0.03128938,0.03665823,0.01119264,0.007344649,0.0021121344,0.0020161523,0.0008047318,0.02009932,0.031337854,0.036681015,0.011186783,0.007494894,0.0020138163,0.14709862,0.0,0.52
2019-07-30,CTD12,4173438,695414,0.008943438,0.01925295,0.026061255,0.005199734,0.0030868144,0.0008114957,0.0007905766,0.0003115252,0.008888917,0.019630821,0.026067093,0.0051528052,0.0033211086,0.000792075,0.035151165,0.0,0.92
2019-08-14,CTD1,4187246,695025,0.011461987,0.0212795,0.03371506,0.009583662,0.006803235,0.0018641724,0.0018097111,0.0007169206,0.011343657,0.02131617,0.033730157,0.009560069,0.006899328,0.0018230353,0.1522535,0.0,1.53
2019-08-14,CTD2,4181518,693105,0.004746127,0.012513291,0.025763541,0.0061494675,0.0040179174,0.0010253619,0.0010001247,0.00039081508,0.004692221,0.012834953,0.025755808,0.006135038,0.004140059,0.0010252469,0.03241043,0.0,3.14
2019-08-14,CTD3,4181698,695238,0.014023604,0.022094315,0.031784307,0.010195954,0.0077353576,0.002131958,0.0020710882,0.0008249482,0.0138509115,0.022005314,0.031857707,0.010131027,0.007670914,0.0020835828,0.23945537,0.0,3.87
2019-08-14,CTD4,4180266,698264,0.008989237,0.018658457,0.029113308,0.007484822,0.005102083,0.0013835758,0.0013561539,0.00054230256,0.008912263,0.018836185,0.029122844,0.007509814,0.005224232,0.001385483,0.086545676,0.0,3.6
2019-08-14,CTD6,4176009,695829,0.007030029,0.016307231,0.032670546,0.00756535,0.0049098404,0.0012592615,0.0012303651,0.00048165163,0.0069310814,0.016539495,0.03251943,0.0075274,0.0050226166,0.0012680177,0.08407206,0.0,2.05
2019-08-14,CTD7,4176724,690397,0.023227625,0.035480954,0.05191225,0.013840558,0.009967345,0.0026012408,0.002476041,0.0009528489,0.023096884,0.03533045,0.05218835,0.013800362,0.009780236,0.0024997937,0.27576652,0.0,0.95
2019-08-14,CTD8,4174178,693048,0.011400386,0.023634868,0.044390608,0.0137126995,0.009544073,0.0025270176,0.0024357666,0.0009503373,0.011237184,0.02382027,0.044187434,0.013653141,0.009777005,0.0024628246,0.1538328,0.0,1.39
2019-08-14,CTD9,4171106,693183,0.015939383,0.026674915,0.05292837,0.023088388,0.021436,0.006012877,0.0058618817,0.002236615,0.015758205,0.02648705,0.053500332,0.023307966,0.02024786,0.0061640735,0.57452303,0.0,1.34
2019-08-14,CTD10,4170388,695646,0.01239448,0.021161538,0.034968577,0.012093774,0.009161676,0.0025195868,0.002441827,0.00095991656,0.012249569,0.021140674,0.03507094,0.012039851,0.009123032,0.0024720232,0.26071113,0.0,1.47
2019-08-14,CTD11,4169609,700351,0.0031298297,0.009456199,0.018904947,0.0037136353,0.0021965771,0.0005506886,0.0005326351,0.00020799013,0.0031044793,0.009926241,0.019032458,0.0036212676,0.0022764783,0.0005396762,2.6937876e-05,-1.4350000000000002e-42,1.45
2019-08-14,CTD12,4173438,695414,0.0042551174,0.011613835,0.023285728,0.0053047244,0.0034016378,0.0008554608,0.0008327985,0.0003242952,0.0042083855,0.011983866,0.023349918,0.005273667,0.0034906736,0.0008556529,0.0007063345,0.0,1.43
2019-09-18,CTD1,4187246,695025,0.009516633,0.01680919,0.037302088,0.023895182,0.030694809,0.009833499,0.009777397,0.003643907,0.009446899,0.016183777,0.038248487,0.025901984,0.027966933,0.010425453,1.2431469,-1.1e-44,19.61
2019-09-18,CTD2,4181518,693105,0.007853151,0.015000317,0.037518412,0.022546332,0.02748595,0.008537366,0.008485773,0.003167662,0.007810325,0.014549797,0.03836293,0.023763089,0.024267316,0.009144334,1.2391196,0.0,26.89
2019-09-18,CTD3,4181698,695238,0.00088150264,0.0027351954,0.012430694,0.0114700645,0.009984637,0.002941537,0.0028648372,0.001115035,0.00093278097,0.0028861023,0.013014128,0.011447889,0.009959268,0.0031751734,0.19258298,0.0,25.65
2019-09-18,CTD4,4180266,698264,0.0041005816,0.0090424875,0.024926344,0.015426348,0.01933855,0.005837938,0.0057707764,0.0021722997,0.0040943427,0.008769715,0.025779052,0.016459662,0.017273214,0.0063806376,1.0757873,-1.1e-44,27.99
2019-09-18,CTD6,4176009,695829,0.0058598407,0.009611608,0.022542719,0.012252162,0.017635724,0.0053405655,0.0053598788,0.0020710572,0.005887636,0.009197786,0.02294498,0.013246336,0.015426545,0.0057210033,1.6633534,0.0,27.57
2019-09-18,CTD7,4176724,690397,0.0064432947,0.011983158,0.029230973,0.018514529,0.024277225,0.008021198,0.007992433,0.0030228388,0.006438126,0.011555402,0.029776243,0.019840514,0.021351488,0.008552868,1.519925,0.0,27.53
2019-09-18,CTD8,4174178,693048,0.009048782,0.013899019,0.029494734,0.018866831,0.02379703,0.00792347,0.007937581,0.0031207749,0.009019261,0.01327863,0.030361447,0.019861596,0.021284977,0.008240916,1.4893452,-1.1e-44,27.62
2019-09-18,CTD9,4171106,693183,0.0056340285,0.011886404,0.033135183,0.020880343,0.02503685,0.0072117383,0.0071337842,0.002643668,0.005618454,0.0116178,0.03416971,0.021995211,0.022124842,0.007907447,1.0550675,0.0,19.32
2019-09-18,CTD10,4170388,695646,0.0046521123,0.010276805,0.02778124,0.01587023,0.020168502,0.00577252,0.005718908,0.00214244,0.0046399077,0.010106822,0.028673714,0.0168967,0.01802437,0.006230761,0.985972,0.0,24.61
2019-09-18,CTD11,4169609,700351,0.009692929,0.01602895,0.03252325,0.016766448,0.020495715,0.006247686,0.0062042805,0.002347757,0.009605914,0.015515936,0.033069164,0.017706072,0.018029379,0.006584714,1.2478588,0.0,23.98
2019-09-18,CTD12,4173438,695414,0.017237552,0.026595807,0.04611755,0.03047277,0.03465731,0.01446688,0.014511747,0.005960536,0.016909745,0.025861897,0.047367323,0.033512123,0.036662165,0.014471069,0.92594886,-1.1e-44,27.22
2019-10-03,CTD1,4187246,695025,0.015238484,0.028564112,0.05962603,0.042525634,0.044956174,0.016882721,0.016820133,0.006683217,0.015009199,0.028322216,0.061744556,0.04433335,0.046086784,0.01713657,0.7401657,0.0,3.74
2019-10-03,CTD2,4181518,693105,0.004243898,0.009382232,0.0195419,0.0067532477,0.004940275,0.0013286247,0.001284992,0.0005069216,0.0042215423,0.009447768,0.019661717,0.0067502884,0.0049805995,0.001334027,0.16476117,0.0,3.37
2019-10-03,CTD3,4181698,695238,0.0041937577,0.00815829,0.016060889,0.006803416,0.004896855,0.0013748163,0.0013374939,0.00053134374,0.004188726,0.008191886,0.016152957,0.00681683,0.005055723,0.0013674034,0.14914054,0.0,3.4
2019-10-03,CTD4,4180266,698264,0.0016790443,0.0045095915,0.013702368,0.007531175,0.0060716122,0.0017072291,0.0016646102,0.00065000384,0.0016844823,0.004572609,0.014162022,0.007600636,0.006003219,0.0017610458,0.2633121,0.0,3.61
2019-10-03,CTD6,4176009,695829,0.0018119339,0.0046479525,0.0130154705,0.0069077318,0.0057761567,0.001678142,0.001642414,0.00064557197,0.0018145834,0.0046811774,0.013391151,0.007001064,0.0057293773,0.0017392222,0.21139881,0.0,5.29
2019-10-03,CTD7,4176724,690397,0.0038621242,0.009578558,0.021804485,0.008605385,0.005819677,0.0015806368,0.0015252258,0.0005975577,0.0038237274,0.009727582,0.022207322,0.008545424,0.006024753,0.001607616,0.082714446,0.0,7.17
2019-10-03,CTD8,4174178,693048,0.0014056778,0.0039593605,0.011891255,0.005210347,0.0038317868,0.0010688136,0.0010324129,0.0004117413,0.0014228798,0.00404337,0.012041092,0.0051706783,0.0038492717,0.0010653725,0.0060069556,0.0,4.44
2019-10-03,CTD9,4171106,693183,0.003544095,0.010456126,0.036498472,0.027829228,0.024688298,0.0067923423,0.006604785,0.0024490277,0.0035345699,0.0109567065,0.038248487,0.027209297,0.024249474,0.007628231,0.33263808,0.0,6.24
2019-10-03,CTD10,4170388,695646,0.0008847478,0.002611915,0.008715674,0.0062230923,0.0051201372,0.0014998879,0.0014615068,0.00057690515,0.0009275465,0.0026894133,0.008856306,0.006181314,0.005083462,0.0015388678,0.16979662,0.0,6.66
2019-10-03,CTD11,4169609,700351,0.0064351116,0.01037576,0.016644247,0.008385218,0.0068332683,0.0022295013,0.002187648,0.0008887062,0.006447945,0.010305929,0.016580254,0.008323563,0.0068654437,0.0021900972,0.26540992,0.0,4.13
2019-10-03,CTD12,4173438,695414,0.002226262,0.0056689666,0.01283153,0.005045285,0.0034600804,0.0009562824,0.0009291689,0.00037736256,0.0022236162,0.005745616,0.012954395,0.0050171157,0.0035792154,0.0009504849,0.020426141,0.0,3.99
2019-11-27,CTD1,4187246,695025,0.0035641612,0.008056742,0.014538668,0.0047295303,0.0030587956,0.00083415676,0.00080944056,0.00032895533,0.0035555735,0.0081358,0.014555532,0.004678649,0.0032060968,0.00081991707,0.016366135,0.0,0.57
2019-11-27,CTD2,4181518,693105,0.012114984,0.019751556,0.036138125,0.015978228,0.017029835,0.004854514,0.0047533633,0.0018157054,0.011907023,0.019361677,0.036610387,0.016417786,0.015241881,0.004929591,0.6906827,0.0,6.2
2019-11-27,CTD3,4181698,695238,0.0033449982,0.010003209,0.027218575,0.010389896,0.0072293016,0.0019619614,0.0018945105,0.0007322031,0.003298405,0.010451126,0.02743965,0.010189294,0.0073044403,0.002013044,0.003599967,0.0,4.6
2019-11-27,CTD4,4180266,698264,0.00920176,0.017477443,0.031524744,0.012625971,0.0099759875,0.00283972,0.0027864582,0.0011010219,0.0090771075,0.017473314,0.031675674,0.012589922,0.009900394,0.0028157246,0.26226887,0.0,4.15
2019-11-27,CTD6,4176009,695829,0.002711477,0.0080283,0.028414762,0.017197454,0.01677183,0.004555758,0.0044572223,0.001654571,0.0027056476,0.008217498,0.0294052,0.017447975,0.015558076,0.005010808,0.49020386,0.0,5.63
2019-11-27,CTD7,4176724,690397,0.008817781,0.014081014,0.025978291,0.013674005,0.013730125,0.0041766604,0.00411777,0.0016036762,0.00874989,0.013706704,0.02635768,0.014031698,0.012851473,0.0042836294,0.87252426,0.0,1.84
2019-11-27,CTD8,4174178,693048,0.0050174915,0.010918893,0.028432515,0.01555644,0.014959665,0.004456476,0.004327232,0.0016408503,0.004976316,0.010920384,0.028732726,0.015667604,0.014418859,0.004742217,0.39862835,0.0,0.19
2019-11-27,CTD9,4171106,693183,0.008480132,0.01655233,0.036212113,0.021165332,0.02029068,0.0065726116,0.0064455085,0.0025081483,0.008368207,0.01643858,0.036812432,0.021383118,0.019958641,0.006739986,0.59730464,0.0,1.08
2019-11-27,CTD10,4170388,695646,0.012250759,0.020190572,0.03535198,0.020727048,0.020438127,0.0067329057,0.006589318,0.0025842243,0.012041208,0.019949833,0.035809997,0.021009913,0.019846836,0.0067850514,0.7528899,0.0,3.75
2019-11-27,CTD11,4169609,700351,0.0072083855,0.01776789,0.039942954,0.014767004,0.010635317,0.002757498,0.0026741142,0.0010367925,0.0070706187,0.017932452,0.03998975,0.014759985,0.010942441,0.002768804,0.06542477,0.0,5.14
2019-11-27,CTD12,4173438,695414,0.0035665294,0.010799199,0.033045843,0.018391168,0.0151929185,0.0041766604,0.0040540434,0.0015237535,0.0035224678,0.0112071065,0.033474077,0.018105417,0.014974372,0.0044723884,0.1424033,0.0,3.87
2020-02-20,CTD1,4187246,695025,0.008785925,0.0140525885,0.021100033,0.007305265,0.005748169,0.0016398729,0.0016205184,0.0006558464,0.008760126,0.013818428,0.021078663,0.0073015695,0.005700555,0.0016485103,0.23722978,0.0,0.52
2020-02-20,CTD2,4181518,693105,0.007120964,0.012984643,0.019456388,0.005076199,0.0034631058,0.000987567,0.00096748554,0.00039162207,0.007100533,0.012929543,0.019341832,0.005034546,0.003619554,0.00097783,0.08114774,0.0,2.93
2020-02-20,CTD3,4181698,695238,0.001686045,0.005564299,0.014360787,0.003673909,0.0023181129,0.00058800046,0.00056474475,0.00022410112,0.0017060376,0.0058357376,0.014484533,0.0035633831,0.0023345049,0.00058086193,2.6865195e-05,-1.4350000000000002e-42,5.51
2020-02-20,CTD4,4180266,698264,0.003537039,0.008696588,0.01818602,0.0065806014,0.0044166828,0.00122839,0.0011998157,0.0004867,0.0035180775,0.008832492,0.018286416,0.00650755,0.0046200026,0.0012177214,0.020660995,0.0,5.31
2020-02-20,CTD6,4176009,695829,0.001959099,0.006348986,0.015888823,0.004065055,0.002550719,0.00065464445,0.00063081266,0.00025078672,0.0019670783,0.0066521973,0.016028259,0.0039539477,0.0025966163,0.00064671657,2.694619e-05,-1.4350000000000002e-42,3.32
2020-02-20,CTD7,4176724,690397,0.013922864,0.024680883,0.043920208,0.016443094,0.012490891,0.0033737402,0.0032655988,0.0012658016,0.013727739,0.024752721,0.044096008,0.01640849,0.01242333,0.0033052457,0.27722362,0.0,1.86
2020-02-20,CTD8,4174178,693048,0.0070057996,0.014150224,0.027115656,0.010250406,0.0074946354,0.0020679466,0.0020241982,0.00080261065,0.0069499654,0.01427667,0.027204342,0.01022829,0.0076364926,0.0020590462,0.21585341,0.0,2.81
2020-02-20,CTD9,4171106,693183,0.0035962607,0.013344004,0.044209313,0.021296741,0.013437289,0.0033786686,0.0032415404,0.0012316725,0.003516981,0.014528964,0.044727016,0.019961929,0.014170002,0.0035458195,2.9193594e-05,0.0,2.09
2020-02-20,CTD10,4170388,695646,0.0040093837,0.010912216,0.02366065,0.006341736,0.004218954,0.0011387704,0.0011144633,0.00044456596,0.003969714,0.01117008,0.023666492,0.0063069835,0.004392546,0.0011299886,0.016718807,0.0,1.8
2020-02-20,CTD11,4169609,700351,0.008796534,0.01658429,0.029449133,0.011437364,0.009034837,0.0026501727,0.0026021164,0.0010318822,0.008693768,0.016548693,0.029560091,0.011398126,0.009031668,0.0026348287,0.2744973,0.0,2.09
2020-02-20,CTD12,4173438,695414,0.0072241724,0.012048001,0.018360425,0.0073414305,0.0053821146,0.0015837402,0.001558143,0.0006368006,0.0072234743,0.012008846,0.018274784,0.007238146,0.005578483,0.0015584072,0.12361641,0.0,1.86
2020-03-11,CTD1,4187246,695025,0.012199717,0.02239763,0.037953626,0.012242205,0.0091536995,0.0025171149,0.0024503367,0.0009685688,0.012031352,0.0224348,0.038009953,0.012181207,0.009095546,0.0024784796,0.23112991,0.0,1.72
2020-03-11,CTD2,4181518,693105,0.0129954275,0.022220861,0.03800827,0.014909916,0.011472038,0.0031574266,0.0030641858,0.001195922,0.012814658,0.022247652,0.038196545,0.014863741,0.011357401,0.0030878119,0.27179548,0.0,6.15
2020-03-11,CTD3,4181698,695238,0.004488428,0.011016087,0.024087181,0.008278937,0.006036874,0.0016174978,0.0015705754,0.0006186454,0.004441795,0.0112341,0.024324926,0.008307123,0.0060984762,0.0016222054,0.08858748,0.0,3.33
2020-03-11,CTD4,4180266,698264,0.0086332485,0.0168138,0.029095236,0.009262508,0.0069577647,0.0019542596,0.001918236,0.0007706471,0.008539715,0.01682638,0.029139899,0.009235178,0.0069920206,0.00193937,0.16875507,0.0,1.04
2020-03-11,CTD6,4176009,695829,0.0040160227,0.010501352,0.023900315,0.010288268,0.009631533,0.002874679,0.0028295855,0.0011045089,0.003974675,0.010623822,0.024162618,0.0104614915,0.009147521,0.002954011,0.29584524,0.0,3.87
2020-03-11,CTD7,4176724,690397,0.009485616,0.020362644,0.04250449,0.015712619,0.011595705,0.0030558323,0.0029687576,0.0011563057,0.009324996,0.020501887,0.04256025,0.015645118,0.011814031,0.0030284768,0.16612042,0.0,2.94
2020-03-11,CTD8,4174178,693048,0.008344461,0.0149875535,0.031352565,0.01423654,0.013678033,0.0040537566,0.003987352,0.0015421608,0.008262792,0.014810074,0.03164844,0.014443364,0.012843522,0.004142521,0.5269907,0.0,5.96
2020-03-11,CTD9,4171106,693183,0.01318102,0.025358282,0.049784,0.020399608,0.015403677,0.0040478967,0.0039025797,0.0014906833,0.013015256,0.02555876,0.049927995,0.020302225,0.015390394,0.0039927317,0.27613014,0.0,0.7
2020-03-11,CTD10,4170388,695646,0.0053185355,0.0128779,0.027894827,0.009875075,0.007072011,0.0018669233,0.0018124152,0.0007191922,0.0052506845,0.0131204175,0.028113594,0.009783948,0.0072359745,0.0018782261,0.115693375,0.0,1.64
2020-03-11,CTD11,4169609,700351,0.01006782,0.018549874,0.038590744,0.0144558735,0.010390178,0.0028732726,0.0027989128,0.001099862,0.009936055,0.018589756,0.038791563,0.014156795,0.010518641,0.0028208639,0.19773647,0.0,3.36
2020-03-11,CTD12,4173438,695414,0.001561432,0.005118872,0.013567242,0.0038020823,0.0023912815,0.000611505,0.0005887183,0.00023382463,0.0015855274,0.0053661983,0.013719835,0.003693001,0.0024175514,0.00060339464,2.679733e-05,-1.4350000000000002e-42,2.28
2020-12-21,CTD1,4187246,695025,0.017774725,0.021760754,0.030064583,0.013958265,0.01408792,0.004367595,0.004258396,0.0016692692,0.017272763,0.02134368,0.030343853,0.013944616,0.01267343,0.004351177,0.681703,0.0,0.72
2020-12-21,CTD2,4181518,693105,0.0061858785,0.0101691615,0.01124318,0.002315403,0.0014978632,0.0004332727,0.0004204902,0.00017134623,0.0061554094,0.010218404,0.011271098,0.0022615332,0.0015783601,0.0004328154,0.036541592,0.0,1.79
2020-12-21,CTD3,4181698,695238,0.012567124,0.015806967,0.015723838,0.0037151156,0.0024669687,0.0007307174,0.00070781895,0.00028932907,0.012612897,0.015860552,0.015472758,0.0036339746,0.0026211496,0.00072137936,0.025906775,0.0,1.52
2020-12-21,CTD4,4180266,698264,0.015191152,0.019952234,0.025574721,0.010330496,0.00854021,0.002494973,0.00242369,0.0009685688,0.014959355,0.01987106,0.025524292,0.010205528,0.008202924,0.0024417776,0.1464912,0.0,1.24
2020-12-21,CTD6,4176009,695829,0.007388244,0.010172315,0.011336632,0.0035070465,0.002558384,0.00077360513,0.0007575141,0.00031630968,0.007479412,0.010159381,0.011133939,0.0034298901,0.002643925,0.0007758236,0.07279791,0.0,1.07
2020-12-21,CTD7,4176724,690397,0.01139715,0.014097276,0.015457578,0.005276656,0.0038351512,0.0011896059,0.0011568865,0.0004808991,0.011444563,0.014121252,0.015194187,0.0051421095,0.0039773677,0.001166493,0.060270254,0.0,0.84
2020-12-21,CTD8,4174178,693048,0.0136712985,0.017955268,0.023415262,0.0102967005,0.009278079,0.0027146002,0.002663522,0.0010538832,0.013476565,0.017771984,0.023136068,0.010199032,0.008785697,0.0027175415,0.24937834,0.0,0.78
2020-12-21,CTD9,4171106,693183,0.019070905,0.027373673,0.041592643,0.017534172,0.015173886,0.004586381,0.004414206,0.0017167868,0.018657198,0.027248625,0.04203769,0.017472215,0.014466399,0.004484202,0.42176268,0.0,0.92
2020-12-21,CTD10,4170388,695646,0.015508477,0.021140132,0.028343838,0.010859315,0.00906639,0.0026050715,0.0025345325,0.0010055488,0.015256198,0.021026028,0.028405132,0.010763226,0.008638396,0.0025618149,0.3264437,0.0,1.58
2020-12-21,CTD11,4169609,700351,0.0051887636,0.011006,0.01649529,0.003575898,0.0022521487,0.0005754354,0.00055483996,0.00022005585,0.0051683467,0.011123106,0.016569583,0.0034904918,0.0022970932,0.0005683124,0.025501266,0.0,1.73
2020-12-21,CTD12,4173438,695414,0.011191477,0.014400629,0.01865635,0.008047154,0.0066637974,0.0019794023,0.0019480698,0.0007900014,0.011103616,0.014219255,0.018549891,0.007949759,0.006467545,0.0019611437,0.27251357,0.0,1.17
2021-01-05,CTD1,4187246,695025,0.005899511,0.010579252,0.015216538,0.005022741,0.0036465817,0.0010791946,0.0010652791,0.00044134626,0.0059239254,0.01055317,0.015120347,0.004918847,0.003775422,0.001070547,0.10909267,0.0,0.83
2021-01-05,CTD2,4181518,693105,0.0008870034,0.0024863684,0.00573293,0.00091757823,0.000447017,0.00010907346,0.000100091325,3.825907e-05,0.00095720106,0.0025526888,0.00567475,0.00087000645,0.00048175198,0.00010543678,0.030229283,0.0,0.59
2021-01-05,CTD3,4181698,695238,0.00920176,0.0121348845,0.013678151,0.0046837134,0.0034721983,0.0010865245,0.0010611113,0.00044203413,0.009273909,0.0121416,0.013439542,0.0045580156,0.0035899302,0.0010666639,0.056880396,0.0,1.07
2021-01-05,CTD4,4180266,698264,0.010465835,0.01467101,0.015877778,0.0054340875,0.0039740163,0.0012047295,0.0011810515,0.00048898975,0.010477604,0.014654315,0.015639074,0.0053176023,0.0040609622,0.0011944828,0.077657975,0.0,0.46
2021-01-05,CTD6,4176009,695829,0.005731157,0.009919528,0.01227621,0.0031529,0.0022077567,0.0005983823,0.0005756518,0.0002310651,0.005787109,0.009938394,0.0123507315,0.0031020208,0.0022841867,0.00058558234,0.059415296,0.0,0.89
2021-01-05,CTD7,4176724,690397,0.0106400065,0.013473306,0.014194844,0.004963813,0.0036690133,0.0011316178,0.0011030305,0.00045936252,0.010644196,0.013493271,0.013927914,0.004837509,0.0037726087,0.0011186647,0.07837744,0.0,0.43
2021-01-05,CTD8,4174178,693048,0.006283341,0.0105045885,0.013615364,0.0035462105,0.0022742276,0.00066261797,0.0006364908,0.00025712198,0.0063232756,0.010463835,0.013448357,0.0034734157,0.0024606532,0.00064671657,0.0009884582,0.0,0.72
2021-01-05,CTD9,4171106,693183,0.007581245,0.015417228,0.029358085,0.010042503,0.008053805,0.0022327916,0.0022007516,0.00087197305,0.0074928612,0.015397985,0.029448163,0.01007946,0.007885598,0.0022497696,0.28649065,0.0,0.56
2021-01-05,CTD10,4170388,695646,0.0068511153,0.011318696,0.016598292,0.004602798,0.0034600804,0.0010433195,0.0010324129,0.00042539075,0.006887195,0.011264533,0.016468514,0.0045295097,0.0035300564,0.0010453357,0.090292476,0.0,1.76
2021-01-05,CTD11,4169609,700351,0.0014719211,0.004672979,0.00706514,0.0009742589,0.0004926211,0.00012035921,0.00011112252,4.2640633e-05,0.0015142804,0.005024591,0.007322857,0.0009212059,0.00051566924,0.00011531092,2.9262992e-05,-1.4350000000000002e-42,0.65
2021-01-05,CTD12,4173438,695414,0.001923145,0.0055199987,0.011480223,0.0026447715,0.0015763552,0.00038855497,0.00037102134,0.00014537625,0.0019416168,0.0057219374,0.011542687,0.0025535338,0.0015941766,0.00037898085,2.7700962e-05,0.0,0.35
2021-04-20,CTD1,4187246,695025,0.01268199,0.015166956,0.01746638,0.0067754984,0.00551688,0.0016568609,0.0016205184,0.00065653725,0.012646931,0.015159842,0.017253911,0.006670751,0.0053860513,0.0016517446,0.2265364,0.0,0.5
2021-04-20,CTD2,4181518,693105,0.008921949,0.014240162,0.015409104,0.00314796,0.00201913,0.0005688737,0.00055716827,0.00022476484,0.008943472,0.014280778,0.0153130125,0.0030998515,0.0021381779,0.0005632804,0.020035986,0.0,0.73
2021-04-20,CTD3,4181698,695238,0.017696781,0.021478789,0.02403256,0.009746287,0.0074716215,0.002218569,0.002122227,0.0008510497,0.017403262,0.021520292,0.023731675,0.009532383,0.007391433,0.0021245033,0.12870416,0.0,0.74
2021-04-20,CTD4,4180266,698264,0.027281418,0.03241819,0.037054367,0.012868939,0.009371391,0.0025961418,0.0024406137,0.00095637626,0.0266449,0.032583106,0.037106775,0.012716873,0.00919358,0.0024344926,0.18819237,0.0,0.48
2021-04-20,CTD6,4176009,695829,0.004500256,0.009867136,0.01179782,0.0018659801,0.001095561,0.00027422173,0.00026327232,0.00010306863,0.0044487263,0.010125345,0.011738857,0.0018128782,0.0011200043,0.00026775667,0.009058164,-1.4350000000000002e-42,0.45
2021-04-20,CTD7,4176724,690397,0.0051921415,0.012383698,0.015828155,0.002333782,0.0013373717,0.00033750493,0.0003251755,0.00012719756,0.005120484,0.012759687,0.015889008,0.002278746,0.0013945822,0.0003270911,0.0008808932,0.0,0.7
2021-04-20,CTD8,4174178,693048,0.0073629767,0.014683578,0.016523845,0.0026518847,0.0015629533,0.0004044948,0.0003919794,0.00015458738,0.007299882,0.014899048,0.016532283,0.0026000834,0.0016390092,0.00039503162,0.042125482,0.0,0.66
2021-04-20,CTD9,4171106,693183,0.024934968,0.037001785,0.061722945,0.02521713,0.024078535,0.007288292,0.0070217852,0.0026263678,0.024392964,0.03677712,0.062925786,0.025565075,0.022913577,0.007272664,0.63409156,0.0,0.64
2021-04-20,CTD10,4170388,695646,0.0028995113,0.0070728282,0.008290374,0.0009778605,0.00052274746,0.00013064167,0.00012305634,4.8294445e-05,0.0028839165,0.0072807027,0.00846275,0.00093228894,0.0005403346,0.00012506008,9.927425e-05,-1.4350000000000002e-42,0.56
2021-04-20,CTD11,4169609,700351,0.01569282,0.023754945,0.028744536,0.0064335577,0.004399203,0.001184417,0.0011506432,0.00045178336,0.015623822,0.023678774,0.028851032,0.0063934918,0.004477634,0.0011730778,0.14230496,0.0,0.48
2021-04-20,CTD12,4173438,695414,0.0066172336,0.012153046,0.012184364,0.0026764376,0.0017607999,0.0005074303,0.0004968052,0.00020208646,0.006620956,0.0122283595,0.012196988,0.0026191345,0.0018548932,0.00050395215,0.03596861,0.0,0.45
2021-05-20,CTD1,4187246,695025,0.002339664,0.006840823,0.016139124,0.004768074,0.002922694,0.0007467096,0.00072594103,0.000284123,0.0023401936,0.0071443627,0.016362721,0.0047113295,0.0030625903,0.000738287,0.0001417957,0.0,0.28
2021-05-20,CTD2,4181518,693105,0.019333491,0.024030678,0.026252853,0.007919014,0.005429863,0.0015759933,0.0015079112,0.0006038688,0.018962063,0.024027558,0.026137542,0.00777997,0.005572441,0.0015034277,0.10893997,0.0,0.55
2021-05-20,CTD3,4181698,695238,0.019662155,0.02406527,0.025887268,0.009458576,0.0069119628,0.0020316632,0.0019345393,0.0007784129,0.019319076,0.024092935,0.025724843,0.009265149,0.006938228,0.0019311669,0.13023262,0.0,0.38
2021-05-20,CTD4,4180266,698264,0.02372238,0.030080423,0.034793403,0.012811683,0.009660854,0.0026566777,0.002523228,0.0009887116,0.023244772,0.030082868,0.034681253,0.0126551995,0.009342217,0.0025381714,0.23392707,0.0,0.32
2021-05-20,CTD6,4176009,695829,0.00592609,0.012520728,0.016678786,0.0030809017,0.0018336682,0.0004815811,0.0004670476,0.0001845758,0.0058912556,0.012729682,0.016660482,0.003039734,0.0019456751,0.0004707054,0.00578432,0.0,0.31
2021-05-20,CTD7,4176724,690397,0.00960731,0.021231195,0.040545028,0.010398408,0.0072484035,0.0019105591,0.001855313,0.000726817,0.009468705,0.021398768,0.040387433,0.010388778,0.007365757,0.0018833161,0.11520955,0.0,2.58
2021-05-20,CTD8,4174178,693048,0.0033606,0.008858268,0.013225251,0.0025748217,0.0018050192,0.00047259138,0.0004582031,0.00018070701,0.0033272705,0.009206308,0.013329799,0.0024974444,0.0019168167,0.00046266898,0.41698956,0.0,0.55
2021-05-20,CTD9,4171106,693183,0.022174139,0.034646485,0.057313178,0.019959724,0.016827324,0.0047559896,0.0045864084,0.0017674215,0.022031,0.034627113,0.057384674,0.019914364,0.016227078,0.0046672053,0.41593543,0.0,0.23
2021-05-20,CTD10,4170388,695646,0.019147668,0.02535235,0.02605295,0.006548229,0.0041819816,0.0011988891,0.0011500774,0.00045936252,0.019055413,0.025392631,0.02602802,0.0065009203,0.0044169356,0.0011520368,0.060832422,0.0,0.63
2021-05-20,CTD11,4169609,700351,0.0172035,0.026802959,0.03610645,0.009754288,0.0069363536,0.0019180881,0.0018701483,0.0007442737,0.01703855,0.026720552,0.036248673,0.0096870335,0.0069528637,0.0018862302,0.1806708,0.0,0.45
2021-05-20,CTD12,4173438,695414,0.0070344415,0.014780191,0.023993604,0.0047237775,0.0027930238,0.00074145326,0.0007211056,0.00028426622,0.007000544,0.015108262,0.023964623,0.0046900627,0.0030203222,0.0007231406,0.014182794,0.0,0.41
2021-06-14,CTD1,4187246,695025,0.0050717937,0.010382171,0.017859735,0.005376679,0.0038689652,0.0010580269,0.0010303945,0.0004119543,0.0050338265,0.01042258,0.01784885,0.005352626,0.0039376444,0.0010636529,0.048277773,0.0,0.28
2021-06-14,CTD2,4181518,693105,0.003634671,0.008847036,0.012704176,0.0023162744,0.0013236505,0.00033266065,0.00031947417,0.00012495148,0.0036125854,0.009141157,0.012785145,0.0022607541,0.0013788835,0.00032192384,0.000103572034,0.0,0.38
2021-06-14,CTD3,4181698,695238,0.005222632,0.011519433,0.016172756,0.0029515116,0.0017348531,0.00045375866,0.0004388875,0.00017324004,0.0051843943,0.011760985,0.016173825,0.0029159246,0.0018438617,0.0004418845,0.0012067944,0.0,0.56
2021-06-14,CTD4,4180266,698264,0.00548488,0.0120588355,0.016055312,0.0027379002,0.0016286206,0.00041566146,0.0004013495,0.00015812779,0.005454371,0.012203002,0.016100895,0.0026949374,0.00169648,0.0004046933,0.005329411,0.0,0.37
2021-06-14,CTD6,4176009,695829,0.0027522545,0.0069650607,0.011283724,0.0019621586,0.0011416193,0.00028362157,0.0002710706,0.00010598158,0.002738307,0.0071646594,0.011364695,0.0019027621,0.0011691172,0.00027476606,0.00018142941,0.0,0.42
2021-06-14,CTD7,4176724,690397,0.0106185,0.020990662,0.029095236,0.0056632194,0.0033311264,0.00090027216,0.0008765981,0.0003454858,0.0105695715,0.021211853,0.02909728,0.0056367503,0.0036385271,0.00087285176,0.03257381,0.0,0.83
2021-06-14,CTD8,4174178,693048,0.0049169087,0.011222787,0.01624583,0.0031430286,0.0019518221,0.00050536974,0.0004893391,0.00019409493,0.0048798327,0.011503618,0.016257536,0.0030803964,0.0020152892,0.0004975097,0.00017956772,0.0,0.38
2021-06-14,CTD9,4171106,693183,0.022232616,0.03375811,0.05169976,0.015825955,0.0115857655,0.0029631904,0.0028239845,0.0010763471,0.022050248,0.033687115,0.05193574,0.01588918,0.011357401,0.0028518625,0.31232598,0.0,0.54
2021-06-14,CTD10,4170388,695646,0.00900815,0.017739179,0.02291556,0.004536196,0.0026466332,0.0007100831,0.0006872413,0.00027100265,0.0089538945,0.017927574,0.02288861,0.004531089,0.0028914856,0.00068844616,0.009635506,0.0,0.66
2021-06-14,CTD11,4169609,700351,0.0025928437,0.007068212,0.012298171,0.0020934541,0.0011964919,0.00029462986,0.00028103127,0.0001098708,0.0025831184,0.0073497863,0.012461086,0.0020167637,0.0012224172,0.00028327983,3.0542396e-05,-1.4350000000000002e-42,0.53
2021-06-14,CTD12,4173438,695414,0.0056759967,0.012561691,0.019476095,0.004008354,0.0024117636,0.0006410924,0.0006231325,0.00024694478,0.0056375456,0.0127897505,0.019458191,0.0039594863,0.0025800655,0.000627082,0.0025043064,0.0,0.56
2021-08-13,CTD1,4187246,695025,0.0034753096,0.008488547,0.019390823,0.008063732,0.0054974235,0.0014859972,0.0014413546,0.0005702852,0.0034572014,0.008672264,0.019550478,0.008013253,0.0057128915,0.0014851076,0.062639214,0.0,1.06
2021-08-13,CTD2,4181518,693105,0.006562967,0.011925748,0.021718092,0.00857006,0.0063399184,0.0017402435,0.0016879499,0.0006645358,0.0065488676,0.011980301,0.021677177,0.008612952,0.0064423503,0.0017317765,0.14832059,0.0,1.98
2021-08-13,CTD3,4181698,695238,0.010189268,0.015776064,0.025821222,0.013110983,0.011912799,0.0036322933,0.003553974,0.0014014267,0.010095859,0.0156081505,0.025903298,0.013095653,0.01141556,0.0036231265,0.46900052,0.0,2.74
2021-08-13,CTD4,4180266,698264,0.008245757,0.012643926,0.019423584,0.009036929,0.006836279,0.0019706625,0.0019030175,0.0007557478,0.00824087,0.0125990845,0.019341832,0.008948632,0.0069504227,0.0019267052,0.23314697,0.0,2.73
2021-08-13,CTD6,4176009,695829,0.012404792,0.018076072,0.026808687,0.013740401,0.012565595,0.00406746,0.0039737504,0.0015995031,0.012206359,0.017878847,0.02677838,0.0135678025,0.012070206,0.003956272,0.47459373,0.0,3.13
2021-08-13,CTD7,4176724,690397,0.008140523,0.019076848,0.04194184,0.015506763,0.011685502,0.0029545105,0.002854924,0.0011016023,0.008005325,0.019501101,0.042270653,0.015474961,0.011873939,0.0029454748,0.23299123,0.0,3.29
2021-08-13,CTD8,4174178,693048,0.0,0.0,0.0,0.0,0.0,0.0,0.0,0.0,0.0,0.0,0.0,0.0,0.0,0.0,0.0,0.0,3.95
2021-08-13,CTD9,4171106,693183,0.00868828,0.015175537,0.027425306,0.015377052,0.014588193,0.0047855787,0.004703148,0.0018175873,0.0086025745,0.01497564,0.027676545,0.01565411,0.0139621245,0.004756089,0.5518267,0.0,0.84
2021-08-13,CTD10,4170388,695646,0.0052413456,0.009690107,0.019033505,0.011582861,0.009298289,0.0028732726,0.0028281843,0.0011203351,0.0052295798,0.009588248,0.019171448,0.011659475,0.009113863,0.002913643,0.39736295,0.0,4.24
2021-08-13,CTD11,4169609,700351,0.0022512767,0.0057391305,0.012645438,0.006624018,0.005250645,0.0015606153,0.0015274992,0.0006096073,0.0022445044,0.0057730577,0.01283148,0.0066843266,0.005318088,0.0015756893,0.20233347,0.0,2.51
2021-08-13,CTD12,4173438,695414,0.0038226459,0.009039629,0.021361109,0.009130258,0.007584046,0.0020679466,0.0020121413,0.00077595207,0.003801113,0.009127049,0.021663725,0.009241166,0.007391433,0.0021751877,0.20494536,0.0,4.19
2021-11-11,CTD1,4187246,695025,0.0033773964,0.00861944,0.017133443,0.004300642,0.00272522,0.0007421518,0.0007238644,0.0002921183,0.003355353,0.008813343,0.017110683,0.00422559,0.002855834,0.0007332031,0.00045589535,0.0,1.03
2021-11-11,CTD2,4181518,693105,0.006913941,0.0106936935,0.013476231,0.00429198,0.0026752385,0.00070875237,0.0006830098,0.00028028514,0.0069752145,0.010681929,0.013413127,0.0041829823,0.0027879262,0.0006932171,0.09287657,0.0,1.35
2021-11-11,CTD3,4181698,695238,0.00642898,0.009729556,0.01116652,0.002541608,0.0016252969,0.0004515405,0.00043928451,0.0001784638,0.0065051597,0.009691839,0.011148688,0.0024991774,0.0016727421,0.00045043623,0.053447712,0.0,1.08
2021-11-11,CTD4,4180266,698264,0.005128304,0.010359747,0.016105555,0.0040585315,0.0026937204,0.0007544922,0.0007388904,0.00030111906,0.0051268414,0.010397262,0.016028259,0.0040082755,0.0028005359,0.0007506943,0.073161036,0.0,0.65
2021-11-11,CTD6,4176009,695829,0.002329664,0.0070153205,0.014065305,0.0029389106,0.0018713641,0.00047834846,0.00046071067,0.00018307012,0.0023295754,0.0072441082,0.014097397,0.0028714726,0.001900426,0.00047297444,3.69825e-05,0.0,1.14
2021-11-11,CTD7,4176724,690397,0.008762093,0.018658457,0.033165,0.009266314,0.006359524,0.0017122665,0.0016745726,0.0006655864,0.008645538,0.018831134,0.033134837,0.009250154,0.0065228106,0.0017016139,0.097776875,0.0,1.5
2021-11-11,CTD8,4174178,693048,0.006433067,0.014537441,0.027494483,0.0066732103,0.004395328,0.001172971,0.0011466886,0.00045626753,0.0063678264,0.014708895,0.027472232,0.006627925,0.004570968,0.0011683708,0.087963894,0.0,0.89
2021-11-11,CTD9,4171106,693183,0.01603297,0.024273392,0.042187404,0.017912108,0.014897173,0.0040792413,0.0039312863,0.0015245494,0.01575028,0.024206119,0.042448714,0.017848367,0.014195605,0.0039927317,0.36080134,0.0,0.75
2021-11-11,CTD10,4170388,695646,0.012449544,0.019705428,0.029339902,0.009738292,0.0071944087,0.0019832992,0.0019201469,0.00076135085,0.012309586,0.019641224,0.02938803,0.00970573,0.0071505317,0.0019423605,0.19666903,0.0,1.04
2021-11-11,CTD11,4169609,700351,0.0035464498,0.008421052,0.014765055,0.0029071064,0.0017923652,0.00046670382,0.00045138647,0.00017915067,0.0035345699,0.008637314,0.014756028,0.0028584737,0.0018673865,0.00045843032,0.01919601,0.0,0.48
2021-11-11,CTD12,4173438,695414,0.0011987969,0.0035926478,0.009232359,0.0019535657,0.0011193856,0.000275913,0.0002606605,0.00010122376,0.001235569,0.003723593,0.009296067,0.0018758606,0.0011418122,0.00026533141,2.6939333e-05,-1.4350000000000002e-42,0.99
2021-12-01,CTD1,4187246,695025,0.013120146,0.016452169,0.02212365,0.009392774,0.007906893,0.0022883418,0.0022461114,0.0008981406,0.0129701,0.0163746,0.022097703,0.009316284,0.007554933,0.0022693977,0.18017946,0.0,0.46
2021-12-01,CTD2,4181518,693105,0.0009755381,0.0024740957,0.004015772,0.00063985185,0.00034631515,8.662957e-05,8.062525e-05,3.1363285e-05,0.0010189636,0.002548858,0.0040796716,0.0006282317,0.00036957586,8.502648e-05,7.797475e-05,-1.4350000000000002e-42,0.59
2021-12-01,CTD3,4181698,695238,0.012699458,0.01658429,0.020441659,0.008651523,0.007318863,0.0021477393,0.0021085383,0.0008479101,0.012585718,0.016479807,0.019929651,0.008559455,0.007004296,0.0021301738,0.31436682,0.0,0.52
2021-12-01,CTD4,4180266,698264,0.008562905,0.015745202,0.01413991,0.0034931747,0.0023943419,0.0006801562,0.0006663658,0.00027291427,0.0084672775,0.015954318,0.014175905,0.0034467513,0.002485764,0.00067790155,0.070104785,0.0,0.59
2021-12-01,CTD6,4176009,695829,0.008208047,0.015291726,0.022109061,0.005584985,0.0036722296,0.0010224009,0.0010006133,0.00040144482,0.008175398,0.015345783,0.022077201,0.0055615637,0.003878038,0.0010067523,0.06664846,0.0,1.05
2021-12-01,CTD7,4176724,690397,0.0081879925,0.017218323,0.029240038,0.0064733247,0.0042995843,0.0011560185,0.0011293453,0.00044827585,0.008107966,0.017358687,0.029122844,0.0064546824,0.0044759833,0.0011464867,0.08028978,0.0,0.61
2021-12-01,CTD8,4174178,693048,0.0076094936,0.014953556,0.02197811,0.004571218,0.0027690295,0.0007390141,0.000718701,0.00028455292,0.007571733,0.015095388,0.021940917,0.0045453254,0.0029775072,0.00072461163,0.057288565,0.0,0.85
2021-12-01,CTD9,4171106,693183,0.01127791,0.018441707,0.033254568,0.01252898,0.01485979,0.004409711,0.0043546343,0.0016779732,0.011097433,0.018246636,0.03339847,0.012883748,0.012827629,0.004525729,0.55317956,0.0,0.53
2021-12-01,CTD10,4170388,695646,0.0109476615,0.021017306,0.037899036,0.013121603,0.009851357,0.0027494046,0.0026582414,0.0010433756,0.010776524,0.021064198,0.03798926,0.013068037,0.0096740415,0.002675919,0.27179548,0.0,1.49
2021-12-01,CTD11,4169609,700351,0.0077472636,0.015926568,0.02758114,0.0071359132,0.005023848,0.0013654468,0.0013388179,0.0005327358,0.0076810634,0.01601706,0.02752116,0.007124724,0.00513187,0.0013581754,0.12897265,0.0,0.64
2021-12-01,CTD12,4173438,695414,0.0032464042,0.008830211,0.013126977,0.00216215,0.0012849779,0.0003174048,0.0003033189,0.00011912991,0.0032233642,0.009172265,0.013203547,0.0020826035,0.0012999363,0.00030778904,3.7160797e-05,0.0,0.83
2022-02-24,CTD1,4187246,695025,0.0051416834,0.0090424875,0.015259147,0.0072872494,0.0056276126,0.0017669469,0.0017330401,0.000701222,0.005155542,0.009006515,0.015337873,0.0071439184,0.0058438587,0.0017535164,0.20083547,-1.1e-44,0.32
2022-02-24,CTD2,4181518,693105,0.0018533858,0.004962,0.007914212,0.0012684788,0.00072662235,0.00018072565,0.00017149461,6.6994646e-05,0.0018631045,0.005111535,0.007948849,0.0012306422,0.00074103964,0.00017418075,0.0009002872,-1.1e-44,0.28
2022-02-24,CTD3,4181698,695238,0.0025092766,0.006393097,0.009374576,0.0014118704,0.00074652716,0.00018289361,0.00017286037,6.7319466e-05,0.0024938574,0.0066081434,0.009562095,0.0013346815,0.0007688202,0.00017615945,0.00013032075,-1.4460000000000003e-42,0.51
2022-02-24,CTD4,4180266,698264,0.0045032175,0.009717403,0.01512634,0.0032986675,0.0020481457,0.0005524524,0.000539341,0.00021556154,0.0044975425,0.009832493,0.015169537,0.003254369,0.0021591296,0.00054163975,0.0015993853,-1.1e-44,0.22
2022-02-24,CTD6,4176009,695829,0.011423052,0.019695187,0.027607178,0.007744943,0.005234439,0.0014275474,0.0013901455,0.00054858736,0.0113499435,0.019714152,0.027602855,0.0077722096,0.005431135,0.0013948829,0.104014084,0.0,0.38
2022-02-24,CTD7,4176724,690397,0.018783426,0.035103936,0.05746775,0.013443966,0.008099806,0.0019658238,0.0018682875,0.0007030724,0.018962063,0.035170395,0.05717167,0.013653141,0.008658897,0.001870252,0.13548383,-1.1e-44,0.64
2022-02-24,CTD8,4174178,693048,0.004441408,0.011557819,0.01884094,0.0046440093,0.0027726146,0.0007386664,0.0007217942,0.00028613542,0.004385355,0.01195537,0.018882371,0.00457074,0.0029607713,0.00072020764,5.0775452e-05,-1.1e-44,0.19
2022-02-24,CTD9,4171106,693183,0.011162774,0.02220433,0.045475893,0.019604668,0.018682156,0.0051885187,0.005057938,0.0019022365,0.0109620765,0.022044647,0.04565499,0.019951353,0.017380668,0.0053418027,0.53482944,-1.1e-44,0.7
2022-02-24,CTD10,4170388,695646,0.0051668566,0.014036365,0.026919227,0.007515692,0.0043779346,0.0011633328,0.0011377027,0.00044618506,0.005090389,0.014553967,0.02699472,0.007427393,0.0047717676,0.001127261,3.1814656e-05,-1.1e-44,0.37
2022-02-24,CTD11,4169609,700351,0.003608221,0.009527664,0.017263586,0.0042506643,0.0024785972,0.0006525158,0.0006358905,0.0002512872,0.0035845228,0.009826472,0.017342579,0.0041815205,0.0026459147,0.0006324456,2.9820778e-05,0.0,0.39
2022-02-24,CTD12,4173438,695414,0.0025646708,0.0076565226,0.014050426,0.0024653715,0.0014278152,0.00035043163,0.00033591516,0.00013086534,0.00254934,0.007959678,0.014171276,0.0023784256,0.0014561467,0.00034141363,2.7404976e-05,-1.1e-44,0.38
2022-07-14,CTD1,4187246,695025,0.023267435,0.032744568,0.05036999,0.018175265,0.014219002,0.0036908702,0.0034882429,0.0013291485,0.022880785,0.032688517,0.050820176,0.018199947,0.013898921,0.0035569607,0.41857523,0.0,0.34
2022-07-14,CTD2,4181518,693105,0.0076142102,0.015089882,0.01808699,0.0036841638,0.0022435728,0.00060004,0.0005854212,0.0002320957,0.007533335,0.015324073,0.018043458,0.003645449,0.0023895414,0.00058795733,0.040060494,0.0,0.28
2022-07-14,CTD3,4181698,695238,0.020590434,0.024903633,0.026622413,0.0078962315,0.005765964,0.0016087928,0.0015527355,0.0006157254,0.020232547,0.02493455,0.026571343,0.007798103,0.0056718616,0.0015756893,0.15319924,0.0,0.41
2022-07-14,CTD4,4180266,698264,0.014672855,0.019111985,0.023255331,0.008057096,0.0062043346,0.0018046749,0.0017512413,0.00070678815,0.014534525,0.019049238,0.02311477,0.007947124,0.006144405,0.0017665399,0.17786258,0.0,0.22
2022-07-14,CTD6,4176009,695829,0.006303395,0.013560029,0.018210849,0.0029803761,0.0017499361,0.00046379125,0.0004507725,0.00017820699,0.006263674,0.013782438,0.018176155,0.0029384166,0.0018652983,0.00045441458,0.0029389283,0.0,0.58
2022-07-14,CTD7,4176724,690397,0.03086125,0.044162203,0.06714249,0.019067612,0.014010973,0.0035024392,0.0032914497,0.0012375145,0.030743374,0.043911025,0.06717919,0.019152733,0.013639833,0.0033511121,0.37856588,0.0,0.46
2022-07-14,CTD8,4174178,693048,0.012615766,0.024024917,0.0394925,0.0091377655,0.0054370617,0.0014275474,0.0013798568,0.0005363729,0.012545029,0.024140552,0.039234027,0.009142782,0.0058145276,0.0013838303,0.09472759,0.0,0.44
2022-07-14,CTD9,4171106,693183,0.018334666,0.027336674,0.046977546,0.018844638,0.019853769,0.005509671,0.0053984406,0.0020498694,0.017892592,0.027031595,0.047786463,0.019219784,0.017161336,0.0055920435,0.85022706,0.0,0.55
2022-07-14,CTD10,4170388,695646,0.006859752,0.016149726,0.02430665,0.004923597,0.0030376287,0.0007928684,0.0007718148,0.00030356957,0.0067836917,0.016525708,0.024280572,0.004901795,0.0032253966,0.0007831111,0.037310828,0.0,0.54
2022-07-14,CTD11,4169609,700351,0.0080117555,0.013449727,0.019175766,0.0057685156,0.0042170975,0.00119598,0.001179308,0.0004756656,0.0080195805,0.013360257,0.019092781,0.0057168035,0.004318527,0.0011873071,0.11024439,0.0,0.6
2022-07-14,CTD12,4173438,695414,0.02416087,0.03395407,0.04462092,0.012842883,0.009237783,0.0024718086,0.002348951,0.00090815435,0.023935689,0.033915665,0.044981014,0.012740058,0.009095546,0.0023653135,0.25204286,0.0,0.47
2022-07-29,CTD3,4181698,695238,0.008004378,0.015560933,0.020633927,0.0041159983,0.0024817789,0.000668824,0.00065231964,0.00025905654,0.007972146,0.015718475,0.020584138,0.004076145,0.0026679013,0.00065410766,0.03388658,0.0,0.52
2022-08-03,CTD1,4187246,695025,0.009407022,0.015953232,0.023445824,0.0076846094,0.0060076336,0.0016947009,0.0016613028,0.0006676927,0.0093952725,0.015976705,0.023414388,0.0076336674,0.005941152,0.0016804532,0.31539178,0.0,0.27
2022-08-03,CTD2,4181518,693105,0.012128512,0.01765323,0.019390823,0.0043162797,0.0029647613,0.0008449376,0.0008295894,0.00033419873,0.012143406,0.017646287,0.019329619,0.004258194,0.0030694988,0.00084254553,0.08172462,0.0,0.41
2022-08-03,CTD3,4181698,695238,0.014500123,0.018148812,0.019614499,0.006521377,0.0048795952,0.0014366537,0.0013977407,0.00056819525,0.014403458,0.01812344,0.019433644,0.006400023,0.004892148,0.0014116152,0.16464837,0.0,0.42
2022-08-03,CTD4,4180266,698264,0.02233024,0.028570408,0.03655167,0.015908271,0.013323999,0.004028422,0.0038363659,0.0015087068,0.021662127,0.028459664,0.036640644,0.015524082,0.0129391765,0.003847098,0.2746783,0.0,0.58
2022-08-03,CTD6,4176009,695829,0.011083329,0.018177962,0.02398582,0.006667726,0.004821796,0.0013614516,0.0013361712,0.0005414513,0.011014223,0.018113611,0.023942705,0.0066211857,0.0048867795,0.0013522352,0.14548407,0.0,0.47
2022-08-03,CTD7,4176724,690397,0.017631978,0.031683616,0.050867945,0.011956776,0.008142492,0.0020760973,0.001991214,0.0007641681,0.017585268,0.031600233,0.050720587,0.012002865,0.008233822,0.0020145886,0.21168362,0.0,0.37
2022-08-03,CTD8,4174178,693048,0.013045216,0.023344675,0.04049938,0.013542109,0.009967345,0.00268154,0.0025866616,0.0010103352,0.01288703,0.023385683,0.04056022,0.0135151725,0.009992095,0.002620282,0.24363962,0.0,1.39
2022-08-03,CTD9,4171106,693183,0.01896282,0.027398353,0.045279577,0.016853198,0.016455853,0.0046061683,0.0044572223,0.0017025749,0.018508025,0.026904391,0.04584202,0.017005997,0.014863869,0.0046520033,0.6849566,0.0,0.75
2022-08-03,CTD10,4170388,695646,0.013502871,0.020969363,0.028043894,0.0077513214,0.006160685,0.0017513916,0.0017150302,0.0006887697,0.013384099,0.02083588,0.028097006,0.0077052345,0.0060355454,0.0017494216,0.18793702,0.0,0.45
2022-08-03,CTD11,4169609,700351,0.00914142,0.013794665,0.016615512,0.0056055845,0.0047984477,0.00143806,0.0014130592,0.00058054936,0.009145862,0.013670946,0.016346904,0.0056484006,0.0047893,0.0014245687,0.15277824,0.0,0.59
2022-08-03,CTD12,4173438,695414,0.023677215,0.035460357,0.05835727,0.02208322,0.018327525,0.005016567,0.0047994447,0.0018308117,0.023338662,0.03541788,0.058873825,0.022096349,0.01769075,0.004918517,0.46259704,0.0,0.73
2022-09-07,CTD1,4187246,695025,0.011393916,0.017279334,0.02520841,0.010458185,0.011999718,0.0035642069,0.0035192329,0.0013644669,0.01124967,0.016831039,0.025378525,0.010975103,0.010450392,0.00366227,0.8680258,0.0,0.33
2022-09-07,CTD2,4181518,693105,0.0039409595,0.009814973,0.014832536,0.0038618024,0.0025759977,0.00067383476,0.0006532459,0.0002600948,0.0039094384,0.01004529,0.014698487,0.0038072518,0.0027042737,0.0006640067,0.003945206,0.0,0.42
2022-09-07,CTD3,4181698,695238,0.015258234,0.020472618,0.02172528,0.005787446,0.0045772265,0.0013534974,0.0013401433,0.000551469,0.015086099,0.020389587,0.02169737,0.005720735,0.0045524943,0.0013597998,0.1497583,0.0,0.32
2022-09-07,CTD4,4180266,698264,0.0023466134,0.0059604333,0.011058416,0.002411737,0.0014960496,0.00037937236,0.00036518043,0.00014476685,0.0023494398,0.006071974,0.011122889,0.0023547031,0.0015173195,0.0003743786,5.585195e-05,0.0,0.35
2022-09-07,CTD6,4176009,695829,0.01718649,0.023152338,0.029622702,0.010112727,0.0076812273,0.002183942,0.0021064403,0.0008416657,0.016955381,0.023118064,0.029646408,0.009992926,0.0075706616,0.0021156187,0.20913307,0.0,0.46
2022-09-07,CTD7,4176724,690397,0.025853774,0.04430672,0.086154975,0.038194638,0.029675499,0.007866052,0.007379634,0.0027289968,0.026128884,0.04445377,0.08567768,0.03773144,0.030585853,0.007939791,0.39989737,0.0,0.34
2022-09-07,CTD8,4174178,693048,0.016647434,0.030371044,0.05388769,0.017610574,0.012587014,0.0032829992,0.003148553,0.0012079366,0.016494311,0.030475654,0.053821545,0.01757914,0.012712838,0.003174041,0.23190379,0.0,0.72
2022-09-07,CTD9,4171106,693183,0.014699844,0.020477863,0.034322493,0.013260396,0.0153331375,0.0042803753,0.004206932,0.0015961722,0.014403458,0.019902544,0.034788106,0.013829124,0.01322112,0.004500482,1.0323708,0.0,0.57
2022-09-07,CTD10,4170388,695646,0.0034089722,0.008813414,0.017233932,0.0036015608,0.0021937918,0.0005649767,0.0005456341,0.0002167287,0.0033826272,0.0091214115,0.017292654,0.0035248965,0.0022919215,0.0005546975,0.00085115846,0.0,0.51
2022-09-07,CTD11,4169609,700351,0.0074807378,0.012954076,0.018291742,0.0047622714,0.0035072847,0.0010135721,0.0010001247,0.00041004136,0.0074816523,0.012910579,0.018292237,0.004703139,0.0035658649,0.0010186337,0.13041356,0.0,0.34
2022-09-07,CTD12,4173438,695414,0.012773006,0.022686625,0.03371506,0.008374874,0.005829964,0.0015705934,0.0015274992,0.0006029178,0.012674206,0.022680182,0.0337587,0.00837305,0.0059347637,0.0015486095,0.15457506,0.0,0.52
2022-09-27,CTD1,4187246,695025,0.0027141762,0.0072667855,0.015576632,0.0048206355,0.0032593086,0.00089512364,0.0008702532,0.00035390083,0.0027048157,0.007466292,0.015761044,0.0047310423,0.0034055114,0.000882832,5.0524202e-05,0.0,0.41
2022-09-27,CTD2,4181518,693105,0.01587853,0.021516617,0.028070262,0.01012932,0.008110457,0.0023824216,0.002315316,0.00092704763,0.015663268,0.021470523,0.028072137,0.010012104,0.007891028,0.0023265395,0.27905485,0.0,0.5
2022-09-27,CTD3,4181698,695238,0.004030666,0.0096840495,0.015136926,0.0030095568,0.0018397643,0.00047899302,0.0004649244,0.00018368843,0.0040108305,0.0098928865,0.015140005,0.002963157,0.001913241,0.00047032832,5.7613484e-05,0.0,0.62
2022-09-27,CTD4,4180266,698264,0.01067695,0.014945065,0.019214718,0.007770488,0.0060903993,0.0018459368,0.0018160269,0.0007434889,0.010644196,0.014890556,0.01904451,0.007666823,0.0061093844,0.001813157,0.19050507,0.0,0.41
2022-09-27,CTD6,4176009,695829,0.00851885,0.014813904,0.02303591,0.006002429,0.004397265,0.0012200542,0.0011980435,0.00048492683,0.008492198,0.01473414,0.023001462,0.0059694047,0.004454577,0.0012260536,0.14161831,0.0,0.59
2022-09-27,CTD7,4176724,690397,0.02346194,0.040181953,0.075459085,0.033366233,0.0254881,0.0066770273,0.006301558,0.002346561,0.023556769,0.04044856,0.07596763,0.03300925,0.025962103,0.0066523626,0.37929252,0.0,1.38
2022-09-27,CTD8,4174178,693048,0.012135281,0.023709161,0.046216764,0.01673319,0.012533529,0.003328073,0.0032271873,0.0012479672,0.011946181,0.023814363,0.046276357,0.01668895,0.012516689,0.0032784315,0.24041507,0.0,1.89
2022-09-27,CTD9,4171106,693183,0.00851368,0.018510493,0.044657357,0.027265,0.026137078,0.0077983434,0.007622402,0.0028970742,0.0084077185,0.01847986,0.04553834,0.027386058,0.025331993,0.008247533,0.55250275,0.0,0.71
2022-09-27,CTD10,4170388,695646,0.013770816,0.024569912,0.043980338,0.017041422,0.013000329,0.0035092514,0.0033968277,0.0013138908,0.013580227,0.02463798,0.044153135,0.016996473,0.012923199,0.0034407352,0.2808971,0.0,0.83
2022-09-27,CTD11,4169609,700351,0.0057071955,0.011990349,0.019893765,0.0053898706,0.0039168242,0.0010765895,0.0010528271,0.00042539075,0.005677659,0.011998135,0.01984832,0.0053655836,0.0039744126,0.0010822782,0.13794506,0.0,0.49
2022-09-27,CTD12,4173438,695414,0.012165773,0.022480773,0.039134584,0.013233599,0.00966505,0.0026449799,0.0025598314,0.001008205,0.011998541,0.02253731,0.039202306,0.013174798,0.0097996425,0.0025741826,0.20563787,0.0,0.99
2023-01-10,CTD1,4187246,695025,0.0017354159,0.004176887,0.007767906,0.0020581663,0.001254493,0.00032389862,0.00031241067,0.00012393037,0.0017506465,0.0041967817,0.00777703,0.0020133257,0.0012858699,0.00031403807,5.4333803e-05,0.0,0.59
2023-01-10,CTD2,4181518,693105,0.005964243,0.0086139515,0.009828136,0.0038036008,0.0029366454,0.00090372213,0.0008985428,0.00037872442,0.006067421,0.008589132,0.009622589,0.0037176588,0.0030010939,0.00090533163,0.029905416,0.0,0.92
2023-01-10,CTD3,4181698,695238,0.0012952028,0.0032073215,0.0052486747,0.0007816403,0.00039605759,9.898212e-05,9.118193e-05,3.4979348e-05,0.001354849,0.003352712,0.005369137,0.0007558751,0.00042390512,9.592107e-05,2.7292905e-05,0.0,0.96
2023-01-10,CTD4,4180266,698264,0.004185456,0.008715967,0.013122314,0.0028194378,0.0019004019,0.0005153004,0.0005032403,0.00020327193,0.0041848053,0.008688438,0.013052665,0.002775937,0.0019398674,0.0005148161,0.06048587,0.0,1.12
2023-01-10,CTD6,4176009,695829,0.004406447,0.009839492,0.014615498,0.00399872,0.0026138625,0.0007232011,0.0007095074,0.0002927092,0.0043880916,0.009935355,0.014460937,0.003942893,0.0027287959,0.000721966,0.046178274,0.0,0.59
2023-01-10,CTD7,4176724,690397,0.019565988,0.03198722,0.047430094,0.012357168,0.008736415,0.0023120793,0.002219448,0.0008628134,0.019440418,0.03194015,0.047690462,0.012354026,0.008738341,0.0022378936,0.22487329,0.0,0.71
2023-01-10,CTD8,4174178,693048,0.017258853,0.025500884,0.03587474,0.012044677,0.009054545,0.0025245382,0.0024212815,0.000953352,0.017021896,0.025497157,0.03606876,0.011965965,0.008950071,0.0024335834,0.24575683,0.0,0.9
2023-01-10,CTD9,4171106,693183,0.01177694,0.019117007,0.03032459,0.018061046,0.017730026,0.0059847953,0.0058702286,0.0022851347,0.011600388,0.01886146,0.03052897,0.01821989,0.017273214,0.005986733,0.6089872,0.0,0.52
2023-01-10,CTD10,4170388,695646,0.0046720016,0.008119103,0.010705069,0.0035560762,0.0024785972,0.0007057683,0.0006905158,0.00028541492,0.0047274125,0.008082591,0.010675345,0.0035372658,0.0025367632,0.0007022887,0.10622614,0.0,0.5
2023-01-10,CTD11,4169609,700351,0.009251362,0.015939895,0.021804485,0.0069820024,0.004864543,0.001362782,0.0013289206,0.0005288475,0.009164445,0.015896223,0.021710843,0.006979855,0.005015286,0.001333495,0.10600293,0.0,0.42
2023-01-10,CTD12,4173438,695414,0.009991379,0.013390915,0.0141798435,0.005287433,0.0040249876,0.0012604884,0.0012468647,0.00051979825,0.010041413,0.013399269,0.013914255,0.005167099,0.0041109924,0.0012448729,0.05836329,0.0,0.54
2023-03-01,CTD1,4187246,695025,0.007326354,0.010398212,0.012193084,0.005276656,0.0043779346,0.0014115816,0.0014151614,0.00058054936,0.007388066,0.010425748,0.01191853,0.0051993956,0.0042629857,0.0014780711,0.15649922,0.0,0.3
2023-03-01,CTD2,4181518,693105,0.014994943,0.016896956,0.016206447,0.0063027954,0.0043760063,0.0013641138,0.0013074116,0.0005389059,0.014867626,0.0170369,0.015771247,0.006132942,0.0045928895,0.0012988131,0.049150776,0.0,0.36
2023-03-01,CTD3,4181698,695238,0.018547183,0.023714881,0.027624546,0.009262508,0.0068272515,0.0019648576,0.0018860416,0.0007561466,0.018276883,0.023737667,0.027594678,0.009124988,0.0068052905,0.0018920704,0.14659227,0.0,0.4
2023-03-01,CTD4,4180266,698264,0.026800772,0.037482712,0.055655178,0.019928625,0.01572795,0.0046437616,0.0043335413,0.0016779732,0.026420293,0.037654802,0.05612614,0.019620003,0.015458224,0.0043540685,0.296621,0.0,0.25
2023-03-01,CTD6,4176009,695829,0.0038074688,0.0086606955,0.012306966,0.00245976,0.0015100188,0.0003936718,0.00038201152,0.00015142118,0.0037975549,0.00879696,0.012281726,0.002414906,0.0015598325,0.0003857714,0.00031454046,0.0,0.19
2023-03-01,CTD7,4176724,690397,0.021119853,0.03326668,0.042669505,0.007186003,0.0044734906,0.0011509829,0.0011095484,0.00042715782,0.02137688,0.03316837,0.04308702,0.0072138817,0.0046592355,0.0011372931,0.15953714,0.0,0.18
2023-03-01,CTD8,4174178,693048,0.032611415,0.050230086,0.08406136,0.02722434,0.019551156,0.004910323,0.0045620613,0.0017016904,0.032998927,0.05007916,0.083360456,0.027367093,0.019894706,0.004683969,0.3817236,0.0,0.31
2023-03-01,CTD9,4171106,693183,0.024394078,0.03541917,0.054118816,0.021620035,0.017927285,0.0050644646,0.004843605,0.0018623444,0.023960713,0.035454337,0.055130113,0.021582304,0.017395355,0.0049565583,0.5022068,0.0,0.16
2023-03-01,CTD10,4170388,695646,0.010863107,0.019303456,0.022750905,0.003997117,0.0024334753,0.00065464445,0.00064131594,0.0002555857,0.010824958,0.0193926,0.022783227,0.003951181,0.0025927124,0.00064961,0.06617519,0.0,0.23
2023-03-01,CTD11,4169609,700351,0.020109588,0.032265436,0.04734189,0.013558531,0.00965666,0.002614031,0.0025057415,0.0009809156,0.020003142,0.032246888,0.04754668,0.013490933,0.009735072,0.0025147118,0.21026312,0.0,0.18
2023-03-01,CTD12,4173438,695414,0.011140487,0.01637506,0.01787807,0.0043075844,0.0029583464,0.00085342623,0.0008200413,0.00033283708,0.01115938,0.016365474,0.017729571,0.004232979,0.0031547837,0.0008276164,0.04046528,0.0,0.17
2023-03-16,CTD1,4187246,695025,0.0057035172,0.0074003073,0.010246642,0.005248742,0.004809046,0.0015139118,0.0014982139,0.00061314175,0.005810304,0.0073220795,0.0101979105,0.0053841453,0.004691875,0.0015309941,0.2964269,0.0,0.36
2023-03-16,CTD2,4181518,693105,0.0017127271,0.0044285143,0.0065709585,0.0008157073,0.00040655973,0.00010081872,9.242603e-05,3.5329642e-05,0.0017470884,0.004623632,0.0067926757,0.00077871344,0.00043254808,9.7170814e-05,3.8445924e-05,-1.4350000000000002e-42,0.43
2023-03-16,CTD3,4181698,695238,0.0013084416,0.0041377367,0.008152151,0.001208407,0.000617648,0.00014994682,0.00013964692,5.400355e-05,0.001351871,0.004403442,0.0083208205,0.0011353972,0.00064220786,0.00014308142,2.6625397e-05,-1.4350000000000002e-42,0.32
2023-03-16,CTD4,4180266,698264,0.003933137,0.009264894,0.015110471,0.0031075324,0.0019673838,0.0005178759,0.0005041672,0.00020081089,0.0039143246,0.009427435,0.015100711,0.0030535827,0.0020319526,0.0005119227,0.007231754,0.0,0.24
2023-03-16,CTD6,4176009,695829,0.005327176,0.009638721,0.013267571,0.0033696743,0.0021854595,0.0006146221,0.0006007022,0.00024425742,0.005359075,0.0097694285,0.013151634,0.0033222986,0.002286762,0.0006102791,0.05156793,0.0,0.22
2023-03-16,CTD7,4176724,690397,0.02981739,0.045435745,0.07311387,0.020328341,0.014637242,0.0036322933,0.0034169422,0.001282536,0.029935196,0.045172084,0.07274198,0.020462973,0.014466399,0.0034758928,0.34847856,0.0,0.29
2023-03-16,CTD8,4174178,693048,0.0078048734,0.015171247,0.019221216,0.0036303117,0.0022321944,0.00060031685,0.0005848737,0.00023221053,0.0077732042,0.015315395,0.019171448,0.003597246,0.0023752134,0.00059153856,0.03909413,0.0,0.18
2023-03-16,CTD9,4171106,693183,0.02116745,0.030630386,0.048675336,0.02262433,0.019065905,0.005611885,0.0054346607,0.002083868,0.020663004,0.030373821,0.04984175,0.02249795,0.01798933,0.005644083,0.4140964,0.0,0.41
2023-03-16,CTD10,4170388,695646,0.0060800067,0.010611848,0.012162589,0.002548406,0.0016541333,0.0004541633,0.0004434779,0.0001784638,0.0061047217,0.010639935,0.012108812,0.0025087313,0.0017192991,0.00045025628,0.09353362,0.0,0.23
2023-03-16,CTD11,4169609,700351,0.007385944,0.016181141,0.02600316,0.005442976,0.0033253203,0.00088365434,0.00086312153,0.00033953178,0.007319643,0.016415708,0.025973396,0.00543456,0.0035658649,0.0008647368,0.042155735,0.0,0.24
2023-03-16,CTD12,4173438,695414,0.014279467,0.01821201,0.01931239,0.005429649,0.0036354195,0.0010408056,0.0009957388,0.0003983475,0.014188042,0.018192356,0.01908674,0.0053618783,0.0037838742,0.001012881,0.064040035,0.0,0.18
2023-04-20,CTD1,4187246,695025,0.002603168,0.0055421074,0.010161618,0.0048481305,0.0048795952,0.0013687855,0.0013381557,0.0005332937,0.002607773,0.005528919,0.010143929,0.0048898924,0.0043105516,0.0013838303,0.34668553,0.0,0.29
2023-04-20,CTD2,4181518,693105,0.01407978,0.01660257,0.01623457,0.0058999676,0.00431096,0.0013131599,0.0012755058,0.0005238915,0.014026106,0.016659357,0.015899286,0.005754255,0.0044071646,0.0012797408,0.07749285,0.0,0.37
2023-04-20,CTD3,4181698,695238,0.006842488,0.0136432,0.014848147,0.0019322773,0.00119556,0.00031080307,0.00030087025,0.00011896828,0.006816662,0.013794426,0.014876568,0.0018847807,0.0012232988,0.00030719553,0.059841283,-2.87e-42,0.28
2023-04-20,CTD4,4180266,698264,0.029166372,0.03863972,0.049305204,0.012039777,0.008082083,0.0021079844,0.0019773836,0.0007573444,0.02888538,0.038555447,0.049804818,0.012002865,0.008091374,0.0019999573,0.20716904,0.0,0.29
2023-04-20,CTD6,4176009,695829,0.0076000676,0.015025868,0.022780772,0.006834261,0.0047583873,0.0013462482,0.0013223643,0.0005332937,0.0075513837,0.0150055075,0.022839382,0.006793819,0.0049407086,0.0013271256,0.08454929,0.0,0.45
2023-04-20,CTD7,4176724,690397,0.033780564,0.04748253,0.064584464,0.0126567455,0.008146059,0.0019638918,0.0018351075,0.0006822685,0.034239963,0.04691939,0.06458339,0.012821462,0.008197317,0.0018891483,0.27887124,-2.87e-42,0.19
2023-04-20,CTD8,4174178,693048,0.036421213,0.053953398,0.09124836,0.028078469,0.020885948,0.004985658,0.004639949,0.0016999227,0.03662277,0.0533293,0.08948683,0.028445493,0.020729909,0.004825889,0.45971203,0.0,0.55
2023-04-20,CTD9,4171106,693183,0.023501927,0.035879962,0.060157623,0.019967504,0.020661008,0.005686334,0.0054216995,0.0020299293,0.023170773,0.035819773,0.06057432,0.020977175,0.018729081,0.005644083,0.6491133,0.0,0.26
2023-04-20,CTD10,4170388,695646,0.009903732,0.015021607,0.017604714,0.0053090565,0.0036851238,0.0010997441,0.0010647572,0.00043520576,0.009865365,0.014933052,0.017571624,0.005202996,0.0038449743,0.0010757458,0.060098305,0.0,0.31
2023-04-20,CTD11,4169609,700351,0.012487499,0.022276014,0.027991213,0.0056447093,0.0034661337,0.0009417141,0.0009246624,0.0003653375,0.012457198,0.0224007,0.028047284,0.005598076,0.0037403975,0.00091382046,0.063132815,0.0,0.2
2023-04-20,CTD12,4173438,695414,0.004384728,0.00995355,0.014005873,0.002370152,0.0013950444,0.00035603886,0.0003434543,0.00013509192,0.004305368,0.010262086,0.014037633,0.002322396,0.0014524133,0.00034692785,0.0017515188,0.0,0.24
2023-05-25,CTD1,4187246,695025,0.01268199,0.015166956,0.01746638,0.0067754984,0.00551688,0.0016568609,0.0016205184,0.00065653725,0.012646931,0.015159842,0.017253911,0.006670751,0.0053860513,0.0016517446,0.2265364,0.0,0.26
2023-05-25,CTD2,4181518,693105,0.008921949,0.014240162,0.015409104,0.00314796,0.00201913,0.0005688737,0.00055716827,0.00022476484,0.008943472,0.014280778,0.0153130125,0.0030998515,0.0021381779,0.0005632804,0.020035986,0.0,0.21
2023-05-25,CTD3,4181698,695238,0.017696781,0.021478789,0.02403256,0.009746287,0.0074716215,0.002218569,0.002122227,0.0008510497,0.017403262,0.021520292,0.023731675,0.009532383,0.007391433,0.0021245033,0.12870416,0.0,0.31
2023-05-25,CTD4,4180266,698264,0.027281418,0.03241819,0.037054367,0.012868939,0.009371391,0.0025961418,0.0024406137,0.00095637626,0.0266449,0.032583106,0.037106775,0.012716873,0.00919358,0.0024344926,0.18819237,0.0,0.23
2023-05-25,CTD6,4176009,695829,0.004500256,0.009867136,0.01179782,0.0018659801,0.001095561,0.00027422173,0.00026327232,0.00010306863,0.0044487263,0.010125345,0.011738857,0.0018128782,0.0011200043,0.00026775667,0.009058164,-1.4350000000000002e-42,0.25
2023-05-25,CTD7,4176724,690397,0.0051921415,0.012383698,0.015828155,0.002333782,0.0013373717,0.00033750493,0.0003251755,0.00012719756,0.005120484,0.012759687,0.015889008,0.002278746,0.0013945822,0.0003270911,0.0008808932,0.0,0.21
2023-05-25,CTD8,4174178,693048,0.0073629767,0.014683578,0.016523845,0.0026518847,0.0015629533,0.0004044948,0.0003919794,0.00015458738,0.007299882,0.014899048,0.016532283,0.0026000834,0.0016390092,0.00039503162,0.042125482,0.0,0.24
2023-05-25,CTD9,4171106,693183,0.024934968,0.037001785,0.061722945,0.02521713,0.024078535,0.007288292,0.0070217852,0.0026263678,0.024392964,0.03677712,0.062925786,0.025565075,0.022913577,0.007272664,0.63409156,0.0,0.43
2023-05-25,CTD10,4170388,695646,0.0028995113,0.0070728282,0.008290374,0.0009778605,0.00052274746,0.00013064167,0.00012305634,4.8294445e-05,0.0028839165,0.0072807027,0.00846275,0.00093228894,0.0005403346,0.00012506008,9.927425e-05,-1.4350000000000002e-42,0.71
2023-05-25,CTD11,4169609,700351,0.01569282,0.023754945,0.028744536,0.0064335577,0.004399203,0.001184417,0.0011506432,0.00045178336,0.015623822,0.023678774,0.028851032,0.0063934918,0.004477634,0.0011730778,0.14230496,0.0,0.4
2023-05-25,CTD12,4173438,695414,0.0066172336,0.012153046,0.012184364,0.0026764376,0.0017607999,0.0005074303,0.0004968052,0.00020208646,0.006620956,0.0122283595,0.012196988,0.0026191345,0.0018548932,0.00050395215,0.03596861,0.0,0.63
