Date,Buoy,Latitude,Longitude,rhown_B1,rhown_B2,rhown_B3,rhown_B4,rhown_B5,rhown_B6,Chl,Turbidez
2016-08-09,CTD1,4187246,695025,0.012963163,0.018831134,0.030299902,0.01587101,0.013168427,0.0038352578,10.547,6.76
2016-08-09,CTD2,4181518,693105,0.012636714,0.01710279,0.02370993,0.014119181,0.011034428,0.0030900273,11.54,4.713
2016-08-09,CTD3,4181698,695238,0.011539778,0.01596327,0.020474875,0.012670596,0.009556062,0.0025119088,11.967,3.853
2016-08-09,CTD4,4180266,698264,0.012189769,0.016238127,0.020232417,0.013742971,0.0106596295,0.0027647547,8.42,3.567
2016-08-09,CTD5,4179450,700268,0.01623443,0.02356713,0.028047284,0.005341543,0.0034906736,0.0008330146,0.2635,0.1265
2016-08-09,CTD6,4176009,695829,0.010653177,0.014810074,0.020635728,0.011193777,0.008273284,0.0021513517,11.273,4.473
2016-08-09,CTD7,4176724,690397,0.012572144,0.017966624,0.027832612,0.016053364,0.013172475,0.0038352578,12.67,5.82
2016-08-09,CTD8,4174178,693048,0.011321673,0.016557895,0.025616698,0.012241106,0.009326644,0.0025580197,13.84,6.113
2016-08-09,CTD9,4171106,693183,0.014262073,0.02162561,0.035286598,0.020998998,0.016929366,0.0047345227,3.66,6.2
2016-08-09,CTD10,4170388,695646,0.012484175,0.018207148,0.028146796,0.014202868,0.011216576,0.0032035909,12.667,4.25
2016-08-09,CTD11,4169609,700351,0.011143869,0.015450322,0.023022674,0.01239563,0.010110972,0.0029157563,9.49,3.64
2016-08-09,CTD12,4173438,695414,0.010955954,0.01602155,0.024214165,0.011965965,0.0090772575,0.0024354022,9.643,4.187
2016-09-08,CTD1,4187246,695025,0.01007864,0.014954334,0.025903298,0.013604328,0.011613511,0.0035384072,20.69,4.907
2016-09-08,CTD2,4181518,693105,0.010480561,0.01524611,0.024540223,0.01204726,0.009680451,0.0028023985,15.453,4.06
2016-09-08,CTD3,4181698,695238,0.009116722,0.013197403,0.020921426,0.0108244,0.008378326,0.0023965486,12.993,3.72
2016-09-08,CTD4,4180266,698264,0.009694564,0.013810423,0.021019582,0.011299112,0.0090195425,0.0025438291,14.823,3.443
2016-09-08,CTD5,4179450,700268,0.009531625,0.01437139,0.019550478,0.0043513956,0.002990963,0.00075959624,1.0265,0.095
2016-09-08,CTD6,4176009,695829,0.009032382,0.012834953,0.020315086,0.010408568,0.0082619935,0.0024010392,13.47,4.253
2016-09-08,CTD7,4176724,690397,0.010483518,0.015155538,0.025263917,0.012062087,0.0102711925,0.0029926745,16.1,4.427
2016-09-08,CTD9,4171106,693183,0.011017296,0.017201973,0.031894203,0.018334838,0.015860243,0.004780823,3.8,5.55
2016-09-08,CTD10,4170388,695646,0.011324812,0.017220914,0.030431898,0.01668895,0.014187067,0.004257968,16.087,4.837
2016-09-08,CTD11,4169609,700351,0.009003538,0.013746522,0.024089132,0.012429749,0.010028302,0.00288,13.64,4.88
2016-09-08,CTD12,4173438,695414,0.009550841,0.014129398,0.02324992,0.012293703,0.009942886,0.00288,13.523,3.983
2017-06-30,CTD1,4187246,695025,0.02412617,0.034037367,0.04442801,0.015591242,0.010611325,0.002497934,1.003,3.3115
2017-06-30,CTD2,4181518,693105,0.017055215,0.026085949,0.033939864,0.009809087,0.006399033,0.0014623507,0.647,1.6125
2017-06-30,CTD3,4181698,695238,0.015113075,0.021547975,0.025462836,0.008128102,0.0055363104,0.0013549323,1.103,1.0805
2017-06-30,CTD4,4180266,698264,0.016604733,0.025080591,0.030475993,0.010591399,0.007386292,0.0017016139,1.0585,1.602
2017-06-30,CTD5,4179450,700268,0.020630436,0.029840393,0.035100292,0.007001064,0.0044958275,0.0010516907,0.285,0.305
2017-06-30,CTD6,4176009,695829,0.015869437,0.023938583,0.031866826,0.010504651,0.0071230726,0.0016976281,1.2235,2.2190000000000003
2017-06-30,CTD7,4176724,690397,0.020635087,0.033118825,0.04711692,0.016012207,0.010251057,0.002240434,1.085,3.431
2017-06-30,CTD8,4174178,693048,0.017390607,0.02675853,0.0360987,0.011591006,0.007753518,0.0018159745,0.7295,2.05
2017-06-30,CTD9,4171106,693183,0.026718184,0.04070176,0.05677342,0.031822685,0.022000514,0.004825889,0.4625,6.8325000000000005
2017-06-30,CTD10,4170388,695646,0.0161739,0.023543669,0.027923279,0.008969058,0.0059924773,0.0014583002,0.663,1.9585
2017-06-30,CTD11,4169609,700351,0.012842193,0.017917821,0.026341908,0.009486387,0.00751834,0.0021382978,1.0195,1.171
2017-06-30,CTD12,4173438,695414,0.01709692,0.026110914,0.034227345,0.011616196,0.00785308,0.0018529581,1.1075,2.473
2018-02-20,CTD1,4187246,695025,0.001692283,0.0020986719,0.004246146,0.0021456298,0.0025158597,0.0009770382,3.3965,2.5005
2018-02-20,CTD2,4181518,693105,0.003172685,0.0045078606,0.008502141,0.0023620382,0.001964676,0.0005941791,4.2665,4.779
2018-02-20,CTD3,4181698,695238,0.008425053,0.013426632,0.022145607,0.006093242,0.0042994088,0.0010866541,1.941,5.2255
2018-02-20,CTD4,4180266,698264,0.008824328,0.013643186,0.023043899,0.0062769563,0.004361831,0.0010901672,1.8195,2.004
2018-02-20,CTD5,4179450,700268,0.019962,0.030082868,0.033911213,0.0041596536,0.002794224,0.0007714209,0.2165,0.625
2018-02-20,CTD6,4176009,695829,0.009095577,0.014211067,0.024273187,0.006977502,0.004997003,0.00128179,5.823,2.957
2018-02-20,CTD7,4176724,690397,0.008933059,0.014508154,0.025624411,0.0071271206,0.005081609,0.0012553893,1.673,2.2355
2018-02-20,CTD8,4174178,693048,0.0112715475,0.01823182,0.030812684,0.00876081,0.0060593486,0.0014531076,1.5585,5.1285
2018-02-20,CTD9,4171106,693183,0.017695878,0.028531807,0.048752915,0.02565673,0.019862786,0.0053636148,0.6809999999999999,11.009
2018-02-20,CTD10,4170388,695646,0.011321673,0.017521238,0.02991521,0.0100345155,0.0074611367,0.0019618983,4.159,3.3545
2018-02-20,CTD11,4169609,700351,0.009817526,0.016242662,0.028138492,0.009480268,0.0068654437,0.0017049419,4.392,2.486
2018-02-20,CTD12,4173438,695414,0.008896694,0.01415386,0.025263917,0.0073162746,0.0053413026,0.0013871376,5.107,3.0620000000000003
2018-03-07,CTD1,4187246,695025,0.023725946,0.035827097,0.05246703,0.018641995,0.013392398,0.0032391117,3.6315,6.42
2018-03-07,CTD2,4181518,693105,0.012136793,0.01865491,0.030688316,0.008766539,0.0063582286,0.0016465726,3.3975,3.5715000000000003
2018-03-07,CTD3,4181698,695238,0.014158504,0.021470523,0.03522769,0.011969651,0.009138332,0.0024784796,2.3425,4.3015
2018-03-07,CTD4,4180266,698264,0.015793903,0.025098883,0.040690135,0.012743926,0.009095546,0.0022788371,2.018,3.5860000000000003
2018-03-07,CTD5,4179450,700268,0.013916431,0.021714563,0.028547574,0.0044357227,0.002956324,0.00074552465,0.6435,0.6785
2018-03-07,CTD6,4176009,695829,0.011060392,0.016891668,0.027513,0.007878847,0.0058145276,0.0014998658,3.615,3.074
2018-03-07,CTD7,4176724,690397,0.012565361,0.019449381,0.031008882,0.0086044865,0.0060182856,0.0015022395,1.823,3.174
2018-03-07,CTD8,4174178,693048,0.011939649,0.018917149,0.030582016,0.008279784,0.0057978258,0.0014308025,2.2395,3.0275
2018-03-07,CTD9,4171106,693183,0.019108873,0.028841162,0.042616088,0.019635702,0.014101885,0.0034905234,0.509,1.3235
2018-03-07,CTD10,4170388,695646,0.011546147,0.017244611,0.0281053,0.0077412357,0.0056087812,0.0014427734,2.7845,2.1625
2018-03-07,CTD11,4169609,700351,0.011809545,0.018871577,0.031143188,0.009262148,0.006499734,0.0016101447,1.9595,2.553
2018-03-07,CTD12,4173438,695414,0.0101823,0.015612552,0.025424484,0.007196939,0.0052757626,0.0013805304,2.683,2.15
2018-05-16,CTD1,4187246,695025,0.022461219,0.032639306,0.042828713,0.015239833,0.010190837,0.0023538007,1.77,0.303
2018-05-16,CTD2,4181518,693105,0.015306697,0.022503108,0.02933656,0.008087879,0.0052680997,0.0012604265,1.7165,1.5455
2018-05-16,CTD3,4181698,695238,0.012811219,0.018846292,0.025601279,0.007340841,0.005017118,0.0012438757,2.0335,1.3725
2018-05-16,CTD4,4180266,698264,0.013727739,0.020071037,0.025973396,0.0069704466,0.0046455543,0.0011281695,1.3845,2.275
2018-05-16,CTD5,4179450,700268,0.017517412,0.025886735,0.033069164,0.006791522,0.0045190817,0.0010822782,0.4365,0.4964999999999999
2018-05-16,CTD6,4176009,695829,0.01465884,0.021310672,0.024652187,0.0063263555,0.0041323914,0.000985383,0.652,7.3115
2018-05-16,CTD7,4176724,690397,0.024287099,0.03764733,0.053487506,0.016394554,0.010566621,0.002282278,2.3515,3.829
2018-05-16,CTD8,4174178,693048,0.017281165,0.02601114,0.03423696,0.0083565265,0.005419342,0.0012787174,0.5915,1.975
2018-05-16,CTD9,4171106,693183,0.02789011,0.04204509,0.062855996,0.0366577,0.027966933,0.006662063,0.4575,2.0275
2018-05-16,CTD10,4170388,695646,0.014392261,0.021831676,0.029071731,0.008420018,0.0057108337,0.0013457825,1.3805,2.147
2018-05-16,CTD11,4169609,700351,0.0148333255,0.021887591,0.032826073,0.01019254,0.0072688716,0.0018862302,1.0655,1.6830000000000005
2018-05-16,CTD12,4173438,695414,0.016457606,0.024379501,0.0308661,0.0078553315,0.005163746,0.0012245793,0.462,3.766
2018-06-20,CTD1,4187246,695025,0.014689086,0.022174206,0.0272772,0.009346473,0.006237169,0.0014763167,0.958,1.9025
2018-06-20,CTD2,4181518,693105,0.016085383,0.023205116,0.027488533,0.0069822087,0.00459458,0.0010910472,0.645,7.7545
2018-06-20,CTD3,4181698,695238,0.015849536,0.022168562,0.023357075,0.0063371407,0.0041523552,0.000982196,0.92,5.822500000000001
2018-06-20,CTD4,4180266,698264,0.015647482,0.021753555,0.024727058,0.0070034238,0.004712598,0.0011557512,0.4905,1.816
2018-06-20,CTD5,4179450,700268,0.019679848,0.028604047,0.033266462,0.00681683,0.004640434,0.001079225,0.2935,0.375
2018-06-20,CTD6,4176009,695829,0.017470852,0.0249467,0.028380051,0.0076438556,0.0050760517,0.0012265453,0.5735,1.023
2018-06-20,CTD7,4176724,690397,0.015675114,0.022095285,0.025686178,0.007751548,0.005150599,0.0012438757,0.378,2.0795
2018-06-20,CTD8,4174178,693048,0.017969921,0.027031595,0.033228815,0.008537014,0.005520319,0.0012685253,0.7205,5.1365
2018-06-20,CTD9,4171106,693183,0.028306067,0.04103246,0.052861147,0.028859088,0.019751303,0.0039995117,0.2425,1.5205000000000002
2018-06-20,CTD10,4170388,695646,0.016649853,0.024212085,0.028522396,0.009007097,0.0060118246,0.0014262663,1.5535,1.4914999999999998
2018-06-20,CTD11,4169609,700351,0.009471434,0.012429111,0.018942283,0.006627925,0.005323883,0.0015195524,0.5045000000000001,1.003
2018-06-20,CTD12,4173438,695414,0.016473914,0.024265818,0.028572768,0.0081550125,0.00539778,0.0012771838,1.3135,1.671
2018-07-10,CTD1,4187246,695025,0.01516326,0.021949204,0.027807925,0.010763226,0.0075916755,0.0019001267,0.5925,1.367
2018-07-10,CTD2,4181518,693105,0.018758504,0.02672688,0.030212147,0.008362032,0.005389958,0.0012705575,0.3349999999999999,1.478
2018-07-10,CTD3,4181698,695238,0.018420601,0.025374211,0.026412943,0.007831876,0.0050299563,0.0012094426,0.569,1.867
2018-07-10,CTD4,4180266,698264,0.015549052,0.021592315,0.023804272,0.008565073,0.0058775395,0.0014279658,1.6015,4.688
2018-07-10,CTD5,4179450,700268,0.015572637,0.022657283,0.0277997,0.0068329787,0.004555848,0.0011231812,0.6134999999999999,0.4335
2018-07-10,CTD6,4176009,695829,0.014583412,0.020298984,0.024697088,0.00851742,0.0058648894,0.0014898157,2.0460000000000003,1.173
2018-07-10,CTD7,4176724,690397,0.01553334,0.021764703,0.025225807,0.007931322,0.005403653,0.0013329631,0.538,1.3130000000000002
2018-07-10,CTD8,4174178,693048,0.018683594,0.02814603,0.03585966,0.011918128,0.007877458,0.0018500896,1.6825,1.665
2018-07-10,CTD9,4171106,693183,0.024226695,0.035148595,0.04641777,0.024988633,0.01765118,0.004081553,0.272,0.335
2018-07-10,CTD10,4170388,695646,0.012804343,0.0179032,0.02315738,0.007986745,0.005667773,0.0014416294,1.2614999999999998,1.1775
2018-07-10,CTD11,4169609,700351,0.012460568,0.0170416,0.021583151,0.0075955656,0.005546326,0.0014583002,1.368,0.866
2018-07-10,CTD12,4173438,695414,0.013810977,0.020288343,0.02544749,0.0080079455,0.0055623837,0.0013728589,2.067,1.053
2018-08-29,CTD1,4187246,695025,0.009689004,0.013818428,0.02257366,0.007091243,0.0055623837,0.0015273724,0.4825,0.5985
2018-08-29,CTD2,4181518,693105,0.010943717,0.015731754,0.020558385,0.0047541396,0.003283975,0.00082025037,0.477,0.864
2018-08-29,CTD3,4181698,695238,0.011237184,0.016052997,0.020442832,0.004947963,0.0033826348,0.0008357268,0.5665,0.6639999999999999
2018-08-29,CTD4,4180266,698264,0.008589972,0.011690956,0.015184322,0.0043711867,0.0030822044,0.0007917531,0.476,0.643
2018-08-29,CTD5,4179450,700268,0.013242723,0.019928806,0.025332633,0.005039786,0.0033373255,0.00081195874,0.28,0.4915
2018-08-29,CTD6,4176009,695829,0.010647189,0.015753902,0.02122367,0.00576811,0.0039142813,0.0009652358,0.593,0.7585
2018-08-29,CTD7,4176724,690397,0.011835481,0.017107502,0.023979245,0.0071896887,0.005209051,0.0013619682,0.5655,1.2955
2018-08-29,CTD8,4174178,693048,0.013573061,0.019771585,0.0281053,0.008809609,0.0061203092,0.0015340181,0.816,1.8565
2018-08-29,CTD9,4171106,693183,0.017159594,0.026405288,0.03936107,0.020062579,0.014405913,0.003466166,0.1415,1.285
2018-08-29,CTD10,4170388,695646,0.010507203,0.015078236,0.021436084,0.0064744623,0.0045692855,0.0011580783,0.8845,0.589
2018-08-29,CTD11,4169609,700351,0.01094066,0.01574504,0.021677177,0.0072260047,0.0049842405,0.0012423813,0.8015,0.932
2018-08-29,CTD12,4173438,695414,0.012005098,0.018044911,0.026302509,0.007748969,0.0052470784,0.0012751415,0.8174999999999999,0.921
2018-10-03,CTD1,4187246,695025,0.013025693,0.018405197,0.026051458,0.008225337,0.0060161315,0.0015794153,0.2715,0.6445000000000001
2018-10-03,CTD2,4181518,693105,0.015063001,0.020598479,0.025164926,0.005797902,0.0039142813,0.0009950048,0.366,4.874499999999999
2018-10-03,CTD3,4181698,695238,0.012166571,0.017406382,0.020882271,0.003947035,0.0026618869,0.0006621223,0.28,1.0385
2018-10-03,CTD4,4180266,698264,0.00984846,0.01298276,0.015115435,0.0044621043,0.0035300564,0.0009766426,0.154,0.3815
2018-10-03,CTD5,4179450,700268,0.020802895,0.029425194,0.033436257,0.005722702,0.0037529708,0.0009382335,0.0365,0.27
2018-10-03,CTD6,4176009,695829,0.015789934,0.022270283,0.027923279,0.0070674126,0.0047004996,0.0011368352,0.7395,1.3715
2018-10-03,CTD7,4176724,690397,0.009346574,0.013501128,0.018344684,0.003788633,0.0025723134,0.0006475044,0.183,2.9795000000000003
2018-10-03,CTD8,4174178,693048,0.022573061,0.032100316,0.041728377,0.014798832,0.010031598,0.0023635393,0.937,2.5705
2018-10-03,CTD9,4171106,693183,0.024478812,0.03414491,0.046891067,0.023435831,0.018351806,0.004821213,0.105,2.6765
2018-10-03,CTD10,4170388,695646,0.016254637,0.02214036,0.028005902,0.008442197,0.0058249882,0.0014387729,0.738,0.8825000000000001
2018-10-03,CTD11,4169609,700351,0.01205107,0.017540434,0.022462543,0.0065831114,0.004500801,0.0011007715,0.4595,0.998
2018-10-03,CTD12,4173438,695414,0.016287006,0.023885297,0.031035708,0.008697995,0.005684143,0.0013356245,0.8975000000000001,2.268
2018-11-07,CTD1,4187246,695025,0.0066876584,0.009249019,0.015477774,0.0038259607,0.0030362478,0.00086755096,0.641,0.5335
2018-11-07,CTD2,4181518,693105,0.009619723,0.014170187,0.018234115,0.0030429242,0.0020820245,0.0005464709,0.362,1.3370000000000002
2018-11-07,CTD3,4181698,695238,0.0077017127,0.011250999,0.014837897,0.0026438443,0.0018315335,0.00047127157,0.879,0.471
2018-11-07,CTD4,4180266,698264,0.009346574,0.0121560255,0.016341636,0.0037687845,0.002811087,0.0007329051,0.925,0.7435
2018-11-07,CTD5,4179450,700268,0.018939877,0.027730824,0.029379446,0.0036749362,0.0025017068,0.00067652634,0.5065,0.3685
2018-11-07,CTD6,4176009,695829,0.011962526,0.017742919,0.023760693,0.004949681,0.0033662051,0.000835048,0.9165,1.4165
2018-11-07,CTD7,4176724,690397,0.004951641,0.0071759587,0.009754429,0.0017789734,0.001282612,0.00033691406,0.31,2.379
2018-11-07,CTD8,4174178,693048,0.017653286,0.025025766,0.03244541,0.00911314,0.005898677,0.0013717662,0.766,2.764
2018-11-07,CTD9,4171106,693183,0.019707056,0.027634006,0.03606876,0.018125292,0.012318915,0.00288943,0.204,4.5305
2018-11-07,CTD10,4170388,695646,0.006436164,0.009214836,0.012768336,0.0026420057,0.0018486794,0.00047297444,0.7635000000000001,3.3955
2018-11-07,CTD11,4169609,700351,0.0077523906,0.011373304,0.015263399,0.0038907975,0.0027032567,0.0006937806,1.3464999999999998,4.1705000000000005
2018-11-07,CTD12,4173438,695414,0.009924717,0.015402341,0.01936628,0.003085788,0.0021008337,0.0005336148,0.6719999999999999,0.9715
2019-03-12,CTD1,4187246,695025,0.013004825,0.0173206,0.02535557,0.008695149,0.006485922,0.0017768824,0.136,0.5865
2019-03-12,CTD2,4181518,693105,0.016719734,0.023962291,0.025701638,0.0038880745,0.0025520753,0.00064855634,0.37,1.0945
2019-03-12,CTD3,4181698,695238,0.017483542,0.024463473,0.028673714,0.0062194113,0.004103375,0.000999445,0.3804999999999999,0.6950000000000001
2019-03-12,CTD4,4180266,698264,0.008610143,0.011718925,0.014088187,0.0028704705,0.0020205758,0.00052529026,0.246,0.347
2019-03-12,CTD5,4179450,700268,0.028071167,0.039608363,0.04306452,0.005133212,0.0033599066,0.0009156761,0.19,0.5135000000000001
2019-03-12,CTD6,4176009,695829,0.015726518,0.02264584,0.026012404,0.0041552936,0.002742171,0.0006932171,0.2575,0.6214999999999999
2019-03-12,CTD7,4176724,690397,0.010243155,0.014346633,0.017735235,0.0036199992,0.0025139682,0.0006360474,0.1915,0.6555
2019-03-12,CTD8,4174178,693048,0.010837092,0.015406698,0.019992407,0.004366612,0.0029954615,0.0007488656,0.1905,0.785
2019-03-12,CTD9,4171106,693183,0.028370244,0.03851023,0.054130916,0.032495677,0.02547813,0.006327917,0.183,0.518
2019-03-12,CTD10,4170388,695646,0.009490552,0.013375851,0.017974561,0.004383409,0.0031264927,0.0007930415,0.245,0.7050000000000001
2019-03-12,CTD11,4169609,700351,0.009465978,0.013505057,0.019219996,0.004757448,0.0034080625,0.00086018303,0.2284999999999999,0.831
2019-03-12,CTD12,4173438,695414,0.019431416,0.027925028,0.032325387,0.005445823,0.0035472545,0.00089075224,0.2205,0.7789999999999999
2019-06-25,CTD1,4187246,695025,0.0141142765,0.020055199,0.025210576,0.009973779,0.0071580363,0.0018630289,1.314,1.0205
2019-06-25,CTD2,4181518,693105,0.013677244,0.019253714,0.022255423,0.007240576,0.0049588047,0.0012513733,2.1195,1.458
2019-06-25,CTD3,4181698,695238,0.014180654,0.019418396,0.023493383,0.008815366,0.0063650133,0.0016247549,1.8445,1.461
2019-06-25,CTD4,4180266,698264,0.0151207885,0.020700768,0.020895315,0.007829274,0.0053958236,0.0012951846,1.6845,1.1405
2019-06-25,CTD5,4179450,700268,0.019042062,0.027582446,0.031848587,0.007509814,0.004860016,0.0011497212,0.16,0.5285
2019-06-25,CTD6,4176009,695829,0.014905801,0.02056088,0.024177337,0.009824825,0.006648652,0.0016732342,2.3405,1.648
2019-06-25,CTD7,4176724,690397,0.01464751,0.020283025,0.023299877,0.007821471,0.005407571,0.0013954378,1.4385,1.897
2019-06-25,CTD8,4174178,693048,0.0147762755,0.020512605,0.02388434,0.0087837465,0.00602691,0.0015195524,1.5575,1.4685
2019-06-25,CTD9,4171106,693183,0.023646265,0.03450448,0.045923997,0.024694063,0.017459085,0.0039495477,0.774,1.63
2019-06-25,CTD10,4170388,695646,0.015513715,0.022016548,0.026842339,0.009862683,0.006707616,0.0016498034,1.388,1.3865
2019-06-25,CTD11,4169609,700351,0.012800906,0.016872996,0.021785056,0.00956315,0.0073273834,0.0020371014,1.131,1.4505
2019-06-25,CTD12,4173438,695414,0.014715585,0.02043232,0.023913508,0.008752222,0.006181806,0.0015352293,1.614,1.493
2019-07-10,CTD1,4187246,695025,0.015813759,0.022061517,0.028014174,0.010624916,0.0075366176,0.0019008606,0.465,4.334
2019-07-10,CTD2,4181518,693105,0.017030222,0.02374356,0.026786368,0.007884081,0.0052318377,0.0012797408,0.953,0.933
2019-07-10,CTD3,4181698,695238,0.017453939,0.024110785,0.02655547,0.009148719,0.0060096723,0.0014285328,1.035,1.196
2019-07-10,CTD4,4180266,698264,0.018355193,0.025153805,0.028196653,0.009489447,0.006399033,0.0015664095,0.628,3.867
2019-07-10,CTD6,4176009,695829,0.016756805,0.023590608,0.028213289,0.009449721,0.0063922163,0.001541906,0.47,3.592
2019-07-10,CTD7,4176724,690397,0.014726952,0.020841297,0.024473242,0.0070793186,0.004799847,0.001188739,1.266,0.886
2019-07-10,CTD8,4174178,693048,0.017798347,0.026361324,0.03361617,0.010388778,0.006831702,0.0016000514,1.081,0.875
2019-07-10,CTD9,4171106,693183,0.023323826,0.034497272,0.047966782,0.025497971,0.018175034,0.0041830777,1.354,0.765
2019-07-10,CTD10,4170388,695646,0.01510922,0.021988472,0.027244799,0.008766539,0.005971045,0.0014296672,1.4,1.322
2019-07-10,CTD11,4169609,700351,0.0144296065,0.020086883,0.027059084,0.009226203,0.006719463,0.0018244504,0.752,5.24
2019-07-10,CTD12,4173438,695414,0.017055215,0.024206119,0.026978647,0.009104264,0.0060658543,0.0014798273,0.627,0.666
2019-07-30,CTD1,4187246,695025,0.013634066,0.016714893,0.021825626,0.0092232125,0.008854136,0.002484025,0.2465,0.873
2019-07-30,CTD2,4181518,693105,0.022714464,0.031717964,0.03628874,0.012241106,0.008060918,0.0018884185,1.2485,1.4874999999999998
2019-07-30,CTD3,4181698,695238,0.01457212,0.01870514,0.025104163,0.008509033,0.00773213,0.0021156187,1.501,0.9435
2019-07-30,CTD4,4180266,698264,0.0,0.0,0.0,0.0,0.0,0.0,1.539,0.932
2019-07-30,CTD5,4179450,700268,0.013634066,0.017449388,0.020436428,0.0063306675,0.004995178,0.0012833289,0.465,0.5249999999999999
2019-07-30,CTD6,4176009,695829,0.022719346,0.03226086,0.039318692,0.014708304,0.009683657,0.002231976,1.848,1.9065
2019-07-30,CTD7,4176724,690397,0.019417915,0.027223041,0.03163936,0.009929218,0.0066627623,0.0016133107,0.966,1.5545
2019-07-30,CTD8,4174178,693048,0.026383799,0.037804354,0.047224138,0.016459662,0.0107811345,0.0024545705,1.0335,2.5145
2019-07-30,CTD9,4171106,693183,0.025477907,0.036703117,0.048595075,0.025871262,0.01820022,0.0040705414,0.302,3.2545
2019-07-30,CTD10,4170388,695646,0.018714419,0.02672688,0.030982073,0.01018605,0.006747968,0.0015875156,0.63,2.266
2019-07-30,CTD11,4169609,700351,0.01590131,0.020711554,0.025051093,0.008621424,0.0063176504,0.0016910037,0.6725,2.093
2019-07-30,CTD12,4173438,695414,0.021197226,0.02953205,0.034749225,0.01156586,0.007610103,0.001799827,0.857,1.1225
2019-08-14,CTD1,4187246,695025,0.0140481135,0.020453708,0.028497238,0.010405268,0.0075864177,0.0019968888,1.518,1.659
2019-08-14,CTD2,4181518,693105,0.015977174,0.023164466,0.0322609,0.012192421,0.008550985,0.0021669427,2.6265,2.9065000000000003
2019-08-14,CTD3,4181698,695238,0.012914677,0.018529754,0.025794556,0.009217234,0.006536691,0.0016388422,3.537,2.85
2019-08-14,CTD4,4180266,698264,0.014982346,0.021184457,0.029508391,0.01113095,0.008133058,0.0021236942,3.388,2.572
2019-08-14,CTD5,4179450,700268,0.018438065,0.026036061,0.031912465,0.008587576,0.005727314,0.0013587166,1.76,1.285
2019-08-14,CTD6,4176009,695829,0.015047616,0.022106549,0.03195815,0.012043555,0.008635471,0.0021043576,2.3575,3.1035
2019-08-14,CTD7,4176724,690397,0.019562187,0.029178876,0.04017214,0.012582259,0.008327088,0.0019596352,1.45,2.716
2019-08-14,CTD8,4174178,693048,0.018745271,0.030905241,0.047152642,0.01600307,0.010522063,0.0023724223,2.2115,4.239
2019-08-14,CTD9,4171106,693183,0.018604469,0.027453784,0.041607276,0.020900905,0.016241118,0.0044385525,1.2815,4.106999999999999
2019-08-14,CTD10,4170388,695646,0.013655643,0.020304305,0.028229931,0.010464806,0.007220834,0.0017644778,1.8585,2.4480000000000004
2019-08-14,CTD11,4169609,700351,0.01216326,0.017742919,0.02603583,0.009708849,0.007324831,0.001992294,1.932,2.3415
2019-08-14,CTD12,4173438,695414,0.014519504,0.021909982,0.030396657,0.011295588,0.0077991313,0.0018601465,1.8185,2.542
2019-09-18,CTD1,4187246,695025,0.015758205,0.020566247,0.038435884,0.022248572,0.02423758,0.009369746,13.688,13.935
2019-09-18,CTD2,4181518,693105,0.01627891,0.021753555,0.040161397,0.022322083,0.023179848,0.0084832385,17.255,11.9435
2019-09-18,CTD3,4181698,695238,0.011069643,0.01616569,0.027269097,0.017843448,0.014118893,0.0040595517,15.5965,11.8365
2019-09-18,CTD4,4180266,698264,0.010032837,0.012707216,0.024436096,0.01389916,0.015832612,0.006273613,19.677,7.106999999999999
2019-09-18,CTD5,4179450,700268,0.0,0.0,0.0,0.0,0.0,0.0,8.223500000000001,1.6765
2019-09-18,CTD6,4176009,695829,0.011038828,0.013702727,0.025302075,0.014027542,0.01572699,0.0062605506,22.509500000000003,8.7775
2019-09-18,CTD7,4176724,690397,0.012400013,0.01577164,0.029525617,0.016873004,0.01915271,0.0076366696,15.668,9.55
2019-09-18,CTD8,4174178,693048,0.010946776,0.013846472,0.02637346,0.015116646,0.01607781,0.0062661464,21.237,9.33
2019-09-18,CTD9,4171106,693183,0.014944041,0.01985533,0.037137315,0.020879146,0.021882204,0.008078649,17.9935,13.449
2019-09-18,CTD10,4170388,695646,0.0127323065,0.016256273,0.029793588,0.016473638,0.017914386,0.006927346,23.0155,7.935499999999999
2019-09-18,CTD11,4169609,700351,0.013359282,0.01787398,0.032068,0.016366703,0.016269224,0.0057562008,21.709,6.1185
2019-09-18,CTD12,4173438,695414,0.012575537,0.016831039,0.029379446,0.015483884,0.015649227,0.0057227598,22.06,8.176
2019-09-28,CTD1,4187246,695025,0.02984819,0.04311974,0.064160034,0.031357046,0.024225691,0.0063504768,1.949,6.808
2019-09-28,CTD2,4181518,693105,0.011237184,0.013051442,0.015966235,0.0063155866,0.0050391452,0.0015237586,2.541,2.232
2019-09-28,CTD3,4181698,695238,0.013302678,0.016397428,0.020551952,0.009671477,0.008475812,0.0025156466,2.787,1.485
2019-09-28,CTD4,4180266,698264,0.01374219,0.01607999,0.01872143,0.00859321,0.006597133,0.0018789525,2.55,1.534
2019-09-28,CTD6,4176009,695829,0.013713298,0.016406566,0.018888356,0.008323563,0.006410408,0.0017956357,2.2,5.329
2019-09-28,CTD7,4176724,690397,0.014837134,0.018629832,0.023942705,0.010267407,0.008536486,0.0024784796,2.823,2.788
2019-09-28,CTD8,4174178,693048,0.018745271,0.023584737,0.030203382,0.0133061735,0.010924819,0.0032195938,2.822,5.154
2019-09-28,CTD9,4171106,693183,0.019916343,0.027556688,0.040820323,0.025877405,0.021854088,0.0065060286,2.914,15.23
2019-09-28,CTD10,4170388,695646,0.012548416,0.015691943,0.020017557,0.008528612,0.0066886987,0.0018450794,2.406,17.44
2019-09-28,CTD11,4169609,700351,0.01188748,0.015285053,0.020817151,0.009322315,0.0073555075,0.0021075697,3.995,2.979
2019-09-28,CTD12,4173438,695414,0.016992776,0.02020335,0.024369344,0.011026859,0.008842203,0.0026513967,2.707,8.784
2019-10-03,CTD1,4187246,695025,0.024696544,0.039228458,0.07347242,0.043715756,0.03998374,0.01231562,3.6915,17.0945
2019-10-03,CTD2,4181518,693105,0.0071822884,0.010134618,0.016137322,0.006823747,0.005349061,0.0014909948,3.973500000000001,5.4505
2019-10-03,CTD3,4181698,695238,0.0059879264,0.008320673,0.013342924,0.005658126,0.004339327,0.0012260536,3.3735,5.891500000000001
2019-10-03,CTD4,4180266,698264,0.006775471,0.00988986,0.016289027,0.0075930315,0.0059454143,0.0016082479,3.12,5.609
2019-10-03,CTD5,4179450,700268,0.0043147826,0.006233967,0.010235186,0.0029149065,0.0021648062,0.0005980415,2.0985,1.2565
2019-10-03,CTD6,4176009,695829,0.0067508626,0.009127049,0.015558235,0.006661715,0.005898677,0.0018615873,4.4990000000000006,2.696
2019-10-03,CTD7,4176724,690397,0.008549746,0.012462217,0.021677177,0.009334387,0.0076338504,0.002213465,6.338,5.481999999999999
2019-10-03,CTD8,4174178,693048,0.005998961,0.0082354685,0.013710855,0.0053618783,0.0043602204,0.0013029717,4.371,2.235
2019-10-03,CTD9,4171106,693183,0.010004295,0.014928797,0.027709344,0.017375391,0.015210505,0.0047391383,4.366,9.238
2019-10-03,CTD10,4170388,695646,0.005829997,0.0076779462,0.012432386,0.005734516,0.0049389023,0.001559636,5.6595,2.5845
2019-10-03,CTD11,4169609,700351,0.0068228594,0.009582358,0.015154765,0.006386967,0.0050024814,0.0014336444,4.1505,1.728
2019-10-03,CTD12,4173438,695414,0.004806031,0.006420459,0.00982917,0.0036942947,0.0029574353,0.00083878846,4.069,2.0545
2019-11-27,CTD1,4187246,695025,0.013644852,0.018629832,0.026420847,0.00819011,0.0061487947,0.0017473774,0.6445,0.617
2019-11-27,CTD2,4181518,693105,0.014158504,0.020092167,0.031821236,0.013551593,0.011105588,0.0033736397,6.16,4.3045
2019-11-27,CTD3,4181698,695238,0.011658029,0.016999332,0.027733963,0.011808299,0.009594199,0.0027055948,6.189,3.8115
2019-11-27,CTD4,4180266,698264,0.013214576,0.01856974,0.028808737,0.011348534,0.009098596,0.0025961862,6.250500000000001,2.9625
2019-11-27,CTD5,4179450,700268,0.011913543,0.017815644,0.021269983,0.0030461177,0.0021381779,0.0005745517,0.56,0.47
2019-11-27,CTD6,4176009,695829,0.009691784,0.013782438,0.02411116,0.013354188,0.011687477,0.0037428313,7.4585,4.623
2019-11-27,CTD7,4176724,690397,0.009357378,0.013208983,0.023457449,0.011047616,0.009429804,0.002932708,4.2105,3.585
2019-11-27,CTD8,4174178,693048,0.009789471,0.014284887,0.02462976,0.011801005,0.0100151235,0.002911531,4.164,3.807
2019-11-27,CTD9,4171106,693183,0.012783731,0.019902544,0.034904942,0.018184999,0.015594494,0.0047437567,0.9385,3.3535
2019-11-27,CTD10,4170388,695646,0.013105906,0.018891823,0.031340957,0.015907364,0.013499223,0.0040171803,5.199999999999999,4.34
2019-11-27,CTD11,4169609,700351,0.014437084,0.02312386,0.040064786,0.018125292,0.014204146,0.0037972962,5.538,6.422
2019-11-27,CTD12,4173438,695414,0.010430382,0.015376218,0.02735833,0.012946263,0.0111341495,0.0033263522,5.767,3.241
2020-02-20,CTD1,4187246,695025,0.008415144,0.011638663,0.018882371,0.005979636,0.004567604,0.0013024512,0.581,0.7885
2020-02-20,CTD2,4181518,693105,0.00737478,0.010649613,0.016173825,0.0036199992,0.0025655495,0.00065384223,2.393,2.1435
2020-02-20,CTD3,4181698,695238,0.008189909,0.011462332,0.017448392,0.0055942223,0.004203438,0.0011061106,3.97,2.125
2020-02-20,CTD4,4180266,698264,0.009564585,0.013746522,0.020687426,0.006688857,0.004865358,0.0013223672,3.6575,1.871
2020-02-20,CTD5,4179450,700268,0.012346368,0.018584749,0.024652187,0.005027567,0.003372515,0.00082359044,1.3035,1.3664999999999998
2020-02-20,CTD6,4176009,695829,0.0064283204,0.008848934,0.013760318,0.00421674,0.0032217694,0.0008885853,3.3725000000000005,2.079
2020-02-20,CTD7,4176724,690397,0.018394422,0.027873166,0.041212555,0.015952889,0.0115032215,0.0028560166,2.0975,5.672
2020-02-20,CTD8,4174178,693048,0.010237347,0.014629178,0.022959089,0.008342778,0.006252748,0.0016850617,2.9035,2.847
2020-02-20,CTD9,4171106,693183,0.017884012,0.026644692,0.04367472,0.024796046,0.019916004,0.005628437,1.71,4.0725
2020-02-20,CTD10,4170388,695646,0.009944565,0.014958593,0.02389892,0.007955034,0.005741769,0.0014699005,1.974,1.805
2020-02-20,CTD11,4169609,700351,0.007870969,0.01179613,0.019817114,0.006443717,0.0048016068,0.0012889863,2.29,1.685
2020-02-20,CTD12,4173438,695414,0.0071585383,0.010039154,0.0153130125,0.0044683334,0.0033360755,0.00088570407,2.1705,1.85
2020-03-11,CTD1,4187246,695025,0.016629335,0.024301684,0.03466185,0.012502014,0.008818375,0.0021083734,0.8605,3.298
2020-03-11,CTD2,4181518,693105,0.014162194,0.021228302,0.03238074,0.01291107,0.009537037,0.002497934,5.4485,3.736
2020-03-11,CTD3,4181698,695238,0.011403489,0.016443156,0.024637235,0.009018829,0.006755111,0.0018089381,4.1835,3.5780000000000003
2020-03-11,CTD4,4180266,698264,0.010545778,0.01580716,0.02389892,0.007414974,0.0051750387,0.00128179,2.945,3.8305
2020-03-11,CTD5,4179450,700268,0.023013277,0.032316796,0.039979037,0.010624916,0.006771802,0.0015775514,0.825,1.53
2020-03-11,CTD6,4176009,695829,0.011504797,0.016603956,0.027578326,0.012399417,0.010261121,0.0031245328,6.706,6.163
2020-03-11,CTD7,4176724,690397,0.015400215,0.02451755,0.040972564,0.017491624,0.012967173,0.0034528268,4.1725,6.895
2020-03-11,CTD8,4174178,693048,0.009528882,0.014235641,0.024488114,0.010598095,0.008603345,0.002518453,5.11,5.0885
2020-03-11,CTD9,4171106,693183,0.016121557,0.024855658,0.0381654,0.022412753,0.01647632,0.003944175,1.0875,3.277
2020-03-11,CTD10,4170388,695646,0.009955919,0.015254757,0.025409158,0.009241166,0.0068389205,0.0018096406,2.1855,3.996
2020-03-11,CTD11,4169609,700351,0.011353088,0.017684894,0.029828299,0.013103551,0.010167493,0.002824981,2.7945,4.5355
2020-03-11,CTD12,4173438,695414,0.008850117,0.01345404,0.021522885,0.007829274,0.005618913,0.0014387729,3.093,3.8915
2020-12-21,CTD1,4187246,695025,0.01216326,0.015293717,0.023479005,0.007600636,0.0064606653,0.0021067664,0.631,0.6659999999999999
2020-12-21,CTD2,4181518,693105,0.015774064,0.018084144,0.020219725,0.0067457207,0.005224232,0.0015535012,1.177,0.6865
2020-12-21,CTD3,4181698,695238,0.010214141,0.012569387,0.013755815,0.0033304526,0.002393137,0.00064619194,1.032,0.6545000000000001
2020-12-21,CTD4,4180266,698264,0.017209835,0.021157086,0.024562582,0.0071848584,0.005462697,0.0014804131,1.048,0.687
2020-12-21,CTD5,4179450,700268,0.024564793,0.033708513,0.039022904,0.0064942967,0.004392546,0.001140962,0.9035,0.4915
2020-12-21,CTD6,4176009,695829,0.011406644,0.014268457,0.016903244,0.004440367,0.0032876702,0.0009363332,1.092,0.7125
2020-12-21,CTD7,4176724,690397,0.012120273,0.01582939,0.018257344,0.0048207245,0.003502444,0.00094433984,0.733,0.7435
2020-12-21,CTD8,4174178,693048,0.010445121,0.013062918,0.016505687,0.004939383,0.0038278296,0.0010954571,0.9235,0.8115
2020-12-21,CTD9,4171106,693183,0.017969921,0.02238366,0.03261213,0.016287975,0.013743888,0.00424944,0.821,0.7525
2020-12-21,CTD10,4170388,695646,0.010928436,0.01473835,0.019415252,0.0050014774,0.0037264745,0.0009869804,1.249,0.9455
2020-12-21,CTD11,4169609,700351,0.012636714,0.019714152,0.027725754,0.0065853456,0.004412048,0.0010585104,1.5315,1.1065
2020-12-21,CTD12,4173438,695414,0.0126027,0.015459059,0.018876389,0.0056057917,0.004318527,0.001219677,1.0575,0.996
2021-01-05,CTD1,4187246,695025,0.0069101527,0.009644362,0.017061349,0.0047261068,0.004027927,0.0012065334,0.619,0.5485
2021-01-05,CTD2,4181518,693105,0.0041548656,0.005667662,0.00817048,0.0018319561,0.0013549563,0.0003743786,0.4915,0.483
2021-01-05,CTD3,4181698,695238,0.0070450664,0.009993244,0.013733317,0.003040797,0.0022807575,0.00063759746,0.7505,0.851
2021-01-05,CTD4,4180266,698264,0.00829699,0.01151396,0.01654826,0.0038853532,0.0028622837,0.00075283344,0.503,0.806
2021-01-05,CTD5,4179450,700268,0.019002039,0.028636916,0.03234383,0.003846107,0.002653889,0.0007367881,0.5815,0.4665
2021-01-05,CTD6,4176009,695829,0.007193107,0.010861169,0.01506151,0.0032910358,0.0024504964,0.0006469791,0.8275,1.0055
2021-01-05,CTD7,4176724,690397,0.0063039935,0.009115776,0.013031242,0.0028178745,0.0020251186,0.00053339964,0.368,0.6990000000000001
2021-01-05,CTD8,4174178,693048,0.006843555,0.009358012,0.013964399,0.0029027176,0.0021510464,0.0005715388,0.5795,0.872
2021-01-05,CTD9,4171106,693183,0.012420175,0.017473314,0.028171716,0.013139139,0.010742833,0.0029242223,0.464,1.055
2021-01-05,CTD10,4170388,695646,0.008209292,0.012217486,0.019305212,0.0047178916,0.0034157266,0.00088175735,1.1775,1.9825
2021-01-05,CTD11,4169609,700351,0.0023803131,0.0033454257,0.0057996395,0.0015224355,0.0011017972,0.00029456956,0.547,1.576
2021-01-05,CTD12,4173438,695414,0.0062770876,0.008664187,0.013399937,0.0032646395,0.0025243901,0.00072020764,0.4335,1.2845
2021-04-20,CTD1,4187246,695025,0.009761481,0.0131473215,0.01961221,0.004935954,0.0037571706,0.0010449133,0.529,0.8154999999999999
2021-04-20,CTD2,4181518,693105,0.009789471,0.013051442,0.013987246,0.0025376254,0.00169648,0.00042512786,0.7889999999999999,0.629
2021-04-20,CTD3,4181698,695238,0.010301378,0.013259253,0.014641151,0.0033292866,0.00242757,0.0005901034,0.7464999999999999,0.5505
2021-04-20,CTD4,4180266,698264,0.01545494,0.020298984,0.02268523,0.00506782,0.003511625,0.0008929244,0.4905,0.5435
2021-04-20,CTD5,4179450,700268,0.03575877,0.046728097,0.048147514,0.006472262,0.0041018534,0.0010508412,0.2685,0.5365
2021-04-20,CTD6,4176009,695829,0.008168151,0.010714329,0.012330398,0.0026082303,0.0017970726,0.00045278258,0.4935,0.504
2021-04-20,CTD7,4176724,690397,0.012790599,0.017844794,0.020468462,0.0037979311,0.0025568793,0.00063889206,0.947,0.9115
2021-04-20,CTD8,4174178,693048,0.010139006,0.01372262,0.01656425,0.0034190947,0.0023406537,0.00059153856,0.7815000000000001,0.7809999999999999
2021-04-20,CTD9,4171106,693183,0.022988714,0.030816348,0.043312453,0.020629903,0.016330231,0.0046081212,0.6605000000000001,2.1515
2021-04-20,CTD10,4170388,695646,0.008811457,0.012076866,0.014679352,0.0024553821,0.0017097518,0.00043697617,0.604,0.6890000000000001
2021-04-20,CTD11,4169609,700351,0.0169056,0.02371999,0.02679436,0.0048307884,0.0031773576,0.0007786671,0.409,0.601
2021-04-20,CTD12,4173438,695414,0.008990452,0.012001704,0.014895937,0.0029662645,0.002114263,0.00053989404,0.552,0.588
2021-05-20,CTD1,4187246,695025,0.0134943975,0.017762292,0.024794599,0.009048213,0.007200688,0.0020979464,0.315,0.634
2021-05-20,CTD2,4181518,693105,0.017678833,0.023008093,0.021369513,0.006545233,0.0042692996,0.0010059378,0.537,0.5635
2021-05-20,CTD3,4181698,695238,0.016153755,0.021244759,0.019973563,0.0053618783,0.0034234074,0.0008508006,0.39,0.5545
2021-05-20,CTD4,4180266,698264,0.013982165,0.018876636,0.020661563,0.0052463803,0.003612801,0.0008900293,0.3125,0.5585
2021-05-20,CTD5,4179450,700268,0.026212016,0.03744581,0.045305595,0.00921126,0.005727314,0.0013319,0.1665,0.6365000000000001
2021-05-20,CTD6,4176009,695829,0.0147610875,0.019335933,0.019274741,0.005310256,0.0035313766,0.0008821154,0.3295,0.4934999999999999
2021-05-20,CTD7,4176724,690397,0.017644774,0.027801946,0.039872028,0.013857931,0.009423526,0.0022328205,1.962,1.463
2021-05-20,CTD8,4174178,693048,0.009992896,0.0127897505,0.015548157,0.0048291096,0.004369895,0.0012756517,0.558,0.6985
2021-05-20,CTD9,4171106,693183,0.025880117,0.036186762,0.04984175,0.025534563,0.018560246,0.0045540687,0.3635,1.028
2021-05-20,CTD10,4170388,695646,0.013883645,0.019125737,0.020295985,0.005705023,0.0039714593,0.00096994004,0.5885,0.5700000000000001
2021-05-20,CTD11,4169609,700351,0.012209679,0.0170463,0.024030475,0.0065097613,0.004763024,0.0012448729,0.4499999999999999,0.657
2021-05-20,CTD12,4173438,695414,0.016218273,0.022112181,0.024045128,0.006874661,0.0045793876,0.0011209209,0.428,0.579
2021-06-14,CTD1,4187246,695025,0.0055017616,0.0077748764,0.012911886,0.0035125702,0.0028174368,0.0008103104,0.32,0.5475
2021-06-14,CTD2,4181518,693105,0.010327663,0.014007589,0.0131602725,0.0021970863,0.0015100784,0.0003889854,0.393,0.4605
2021-06-14,CTD3,4181698,695238,0.011539778,0.016098004,0.01769562,0.004277575,0.0029397053,0.0007531395,0.47,0.875
2021-06-14,CTD4,4180266,698264,0.012568752,0.01802042,0.019354053,0.005428937,0.0036781305,0.0009064345,0.3475,5.056
2021-06-14,CTD5,4179450,700268,0.014040775,0.021365704,0.027586501,0.0065585794,0.004336121,0.0010390176,0.2334999999999999,0.8085
2021-06-14,CTD6,4176009,695829,0.010740309,0.0149884345,0.016100895,0.004083279,0.002828051,0.0007155397,0.436,0.4325
2021-06-14,CTD7,4176724,690397,0.0108219255,0.017112216,0.023486193,0.0048324675,0.003317377,0.0008384477,0.8945000000000001,1.2765
2021-06-14,CTD8,4174178,693048,0.009069202,0.013032334,0.015930153,0.0035871791,0.0025568793,0.0006748798,0.438,0.422
2021-06-14,CTD9,4171106,693183,0.0098569095,0.015687523,0.026666742,0.009265149,0.00688721,0.0018026261,0.5595,1.2655
2021-06-14,CTD10,4170388,695646,0.008425053,0.012137997,0.015761044,0.0032226252,0.0023345049,0.00062606565,0.683,0.681
2021-06-14,CTD11,4169609,700351,0.008316585,0.012469585,0.01819932,0.004473011,0.00329878,0.00087711535,0.6335,1.04
2021-06-14,CTD12,4173438,695414,0.009172419,0.013155016,0.01583771,0.0038219441,0.002705291,0.0007083071,0.599,0.378
2021-08-13,CTD1,4187246,695025,0.008824328,0.012425437,0.019587496,0.007590498,0.005973185,0.0017062746,1.3435,0.845
2021-08-13,CTD2,4181518,693105,0.009972972,0.0140480995,0.019080704,0.007274677,0.005407571,0.0014588782,2.821,1.7115
2021-08-13,CTD3,4181698,695238,0.011473065,0.01603053,0.02224167,0.010124569,0.007547079,0.0020378816,2.72,1.5775
2021-08-13,CTD4,4180266,698264,0.0115206875,0.015780514,0.020417228,0.0094680395,0.0070634717,0.0019755256,2.2135,1.391
2021-08-13,CTD5,4179450,700268,0.011555704,0.016224526,0.020655101,0.006716098,0.0048475727,0.001237412,0.2865,0.4649999999999999
2021-08-13,CTD6,4176009,695829,0.009859728,0.013674915,0.01886443,0.0091398135,0.0068557886,0.0018789525,3.666,2.314
2021-08-13,CTD7,4176724,690397,0.013512247,0.021514758,0.034671552,0.015784902,0.011506885,0.0029221037,4.975,3.165
2021-08-13,CTD8,4174178,693048,0.0035367748,0.004074087,0.0089005055,0.0047376305,0.0039420393,0.0011782764,4.884,2.8735
2021-08-13,CTD9,4171106,693183,0.01009873,0.013967171,0.02350777,0.011746413,0.010247705,0.0031480833,2.445,1.938
2021-08-13,CTD10,4170388,695646,0.009769871,0.013391459,0.019452052,0.010544617,0.008580041,0.0024609882,4.765000000000001,2.1865
2021-08-13,CTD11,4169609,700351,0.008472256,0.011183533,0.015761044,0.009250154,0.0076285675,0.0022651183,2.853,1.608
2021-08-13,CTD12,4173438,695414,0.010313054,0.014604074,0.021469435,0.0107462825,0.008284587,0.0023300417,4.4275,2.2215
2021-11-11,CTD1,4187246,695025,0.007880335,0.011288252,0.017718248,0.0045739263,0.0033775712,0.000899107,1.108,0.533
2021-11-11,CTD2,4181518,693105,0.007768575,0.010675459,0.014380977,0.003540985,0.0026320175,0.0007210863,1.3645,0.6094999999999999
2021-11-11,CTD3,4181698,695238,0.0063989847,0.009497313,0.011130255,0.001927469,0.0013387705,0.00034021615,1.1535,0.6325000000000001
2021-11-11,CTD4,4180266,698264,0.011988711,0.016365474,0.021263363,0.005580753,0.004077575,0.0010658028,0.799,0.7725
2021-11-11,CTD5,4179450,700268,0.042258263,0.05321585,0.054519016,0.011508544,0.0074611367,0.0018026261,0.3185,1.9785
2021-11-11,CTD6,4176009,695829,0.008243303,0.012297406,0.018181944,0.004177138,0.002855834,0.0007243172,1.1865,0.9595
2021-11-11,CTD7,4176724,690397,0.014982346,0.024182262,0.038550712,0.011695638,0.008066449,0.0019506055,1.886,1.7545000000000002
2021-11-11,CTD8,4174178,693048,0.012400013,0.019059427,0.029396614,0.009107222,0.0061773956,0.0014839327,1.0815,1.1255
2021-11-11,CTD9,4171106,693183,0.015295033,0.020797988,0.032695726,0.013616519,0.011212982,0.003327528,0.744,1.3055
2021-11-11,CTD10,4170388,695646,0.010208346,0.015121144,0.022839382,0.0055424348,0.0039288676,0.0010202832,1.177,1.0745
2021-11-11,CTD11,4169609,700351,0.0068851113,0.010867734,0.016137322,0.0039650323,0.002689059,0.00065730157,0.8005,0.8049999999999999
2021-11-11,CTD12,4173438,695414,0.008675973,0.012880285,0.018786855,0.004942813,0.0034388187,0.0008542638,1.0525,0.9595
2021-11-26,CTD1,4187246,695025,0.0071176765,0.009629567,0.013550125,0.00295076,0.0021510464,0.00056533335,0.645,2.565
2021-11-26,CTD2,4181518,693105,0.0065111048,0.008406681,0.011797159,0.0028875554,0.002219923,0.0006394107,0.876,3.379
2021-11-26,CTD3,4181698,695238,0.007885021,0.010305929,0.011851825,0.0027740023,0.0021063527,0.00058274536,0.93,5.591
2021-11-26,CTD4,4180266,698264,0.010468737,0.013032334,0.016023083,0.004451223,0.0033965972,0.0009504849,1.12,7.989
2021-11-26,CTD6,4176009,695829,0.012907761,0.017239869,0.02291678,0.0064568776,0.0047857887,0.0012548866,1.683,6.131
2021-11-26,CTD7,4176724,690397,0.033724677,0.050103337,0.07540877,0.030109787,0.02232913,0.005323395,1.501,1.463
2021-11-26,CTD8,4174178,693048,0.010049994,0.014924545,0.020843178,0.003981717,0.0027607982,0.00069490896,1.808,3.594
2021-11-26,CTD9,4171106,693183,0.014982346,0.0208034,0.031812124,0.014613894,0.012173059,0.0037479925,1.672,5.477
2021-11-26,CTD10,4170388,695646,0.0126027,0.018745393,0.025848882,0.007160751,0.0051243957,0.0013003711,1.72,3.91
2021-11-26,CTD11,4169609,700351,0.010392136,0.015039699,0.02147611,0.0046591447,0.0033360755,0.0008664946,1.199,5.546
2021-11-26,CTD12,4173438,695414,0.009650158,0.014044045,0.02016902,0.005059044,0.003685,0.00092990015,1.786,4.975
2021-12-01,CTD1,4187246,695025,0.005718036,0.007463945,0.012367021,0.0032294008,0.0026900705,0.0007946548,0.4945,0.55
2021-12-01,CTD2,4181518,693105,0.0051363916,0.007169177,0.008587177,0.0017428449,0.0012627982,0.00034733515,0.6275,0.9145
2021-12-01,CTD3,4181698,695238,0.0051635415,0.0069729197,0.008370634,0.0016042204,0.0011707954,0.0003286208,0.6105,0.884
2021-12-01,CTD4,4180266,698264,0.00832149,0.01152776,0.0155179575,0.003192313,0.0023654138,0.0006477672,0.766,1.093
2021-12-01,CTD5,4179450,700268,0.016449457,0.022554424,0.025709372,0.0051832236,0.0035472545,0.00090020243,0.3615,1.4515
2021-12-01,CTD6,4176009,695829,0.011178015,0.016696366,0.024324926,0.005705023,0.003947907,0.0009845854,1.279,1.871
2021-12-01,CTD7,4176724,690397,0.013112897,0.021731269,0.030688316,0.006080754,0.004068506,0.00098339,0.7765,1.9395
2021-12-01,CTD8,4174178,693048,0.009761481,0.01502687,0.022762198,0.005027567,0.003518197,0.0008689614,0.9355,2.0565
2021-12-01,CTD9,4171106,693183,0.011321673,0.01601706,0.026200289,0.01242216,0.010742833,0.0033511121,0.7245,2.932
2021-12-01,CTD10,4170388,695646,0.012925056,0.020895516,0.033578236,0.010428389,0.0073018945,0.0017665399,1.7855,2.9225000000000003
2021-12-01,CTD11,4169609,700351,0.010779547,0.016631639,0.023594238,0.0063544316,0.00434414,0.0010402782,0.704,2.0865
2021-12-01,CTD12,4173438,695414,0.012196403,0.018010631,0.02602021,0.006296245,0.004215909,0.0010298175,0.9305,2.1045
2022-02-24,CTD1,4187246,695025,0.005324361,0.0074124862,0.012988497,0.004538993,0.003676758,0.0010640826,0.4535,0.346
2022-02-24,CTD2,4181518,693105,0.005190827,0.0074008377,0.010000246,0.0020133257,0.001434952,0.00037644946,0.3665,0.4599999999999999
2022-02-24,CTD3,4181698,695238,0.005909385,0.0083440505,0.011550321,0.0027662774,0.0019757259,0.0005049667,0.5315,0.4515
2022-02-24,CTD4,4180266,698264,0.0068851113,0.010020768,0.014296756,0.0037020666,0.0026349893,0.0006848202,0.4245,0.503
2022-02-24,CTD5,4179450,700268,0.022763321,0.03295627,0.037423223,0.0066166962,0.0043233186,0.001083152,0.12,0.6635
2022-02-24,CTD6,4176009,695829,0.009021884,0.013794426,0.020042732,0.004391065,0.0030010939,0.00075990503,0.394,0.4405
2022-02-24,CTD7,4176724,690397,0.036408007,0.05465088,0.07522785,0.019677605,0.012388453,0.0025760897,0.7044999999999999,2.532
2022-02-24,CTD8,4174178,693048,0.012196403,0.01962562,0.027075194,0.004703139,0.0032157325,0.00080899417,0.248,0.612
2022-02-24,CTD9,4171106,693183,0.014757291,0.023796652,0.043470703,0.01931287,0.01647632,0.0048696906,0.511,2.791
2022-02-24,CTD10,4170388,695646,0.010599372,0.017660758,0.024502994,0.005406498,0.003676758,0.0008914757,0.386,1.162
2022-02-24,CTD11,4169609,700351,0.0060767266,0.009977981,0.016973957,0.004384939,0.0030949612,0.0007850234,0.4345,0.692
2022-02-24,CTD12,4173438,695414,0.0077408478,0.012166853,0.017012142,0.0030493147,0.002135774,0.00054098445,0.3395,0.5005
2022-07-14,CTD1,4187246,695025,0.013497966,0.01845993,0.02784908,0.0088067325,0.0070387637,0.0019453551,0.366,0.665
2022-07-14,CTD2,4181518,693105,0.017606508,0.023508502,0.023278456,0.0059510283,0.004027927,0.0009970206,0.3075,0.6905
2022-07-14,CTD3,4181698,695238,0.014362433,0.018795796,0.021329654,0.004363565,0.0029596589,0.00073439616,0.4305,0.476
2022-07-14,CTD4,4180266,698264,0.015024558,0.01985533,0.022351881,0.0047162506,0.003216939,0.00079951464,0.285,0.501
2022-07-14,CTD5,4179450,700268,0.025823241,0.035315886,0.03922345,0.008559455,0.00539778,0.0012418835,0.2284999999999999,0.5315000000000001
2022-07-14,CTD6,4176009,695829,0.020301647,0.027698532,0.029517002,0.0076821675,0.005048349,0.0011954426,0.524,0.6985
2022-07-14,CTD7,4176724,690397,0.03252051,0.046417583,0.05856363,0.016604468,0.0103824865,0.002222704,0.5225,1.7285
2022-07-14,CTD8,4174178,693048,0.020338552,0.02827648,0.033578236,0.009837431,0.0064744307,0.001532203,0.556,0.952
2022-07-14,CTD9,4171106,693183,0.018403146,0.024619892,0.039573427,0.018576257,0.016818943,0.0053418027,0.517,1.0699999999999998
2022-07-14,CTD10,4170388,695646,0.016740322,0.023485078,0.027147781,0.008058491,0.00542327,0.0013134226,0.6154999999999999,0.7965
2022-07-14,CTD11,4169609,700351,0.011243425,0.014704691,0.019409124,0.0052481955,0.0039157374,0.0010888486,0.6695,0.6859999999999999
2022-07-14,CTD12,4173438,695414,0.02126805,0.029632412,0.03224249,0.008635561,0.005594624,0.001333495,0.507,0.833
2022-07-29,CTD3,4181698,695238,0.013025693,0.017805936,0.020295985,0.006777752,0.00478228,0.0011896944,0.553,0.653
2022-08-03,CTD1,4187246,695025,0.013444507,0.018084144,0.027099373,0.008450527,0.006648652,0.0018522406,0.32,0.3974999999999999
2022-08-03,CTD2,4181518,693105,0.014990015,0.020071037,0.02211138,0.0059225457,0.003931791,0.00093975646,0.422,0.6535
2022-08-03,CTD3,4181698,695238,0.014366159,0.018564738,0.021151062,0.006093242,0.004181695,0.0010487204,0.4529999999999999,0.7444999999999999
2022-08-03,CTD4,4180266,698264,0.016029216,0.02053405,0.022832356,0.0071848584,0.0051300004,0.0013055771,0.6655,0.712
2022-08-03,CTD5,4179450,700268,0.0259992,0.034800567,0.03811354,0.00776704,0.0049696914,0.0011896944,0.1915,0.5135000000000001
2022-08-03,CTD6,4176009,695829,0.014568358,0.019294793,0.023257053,0.0073310058,0.005035468,0.0012579055,0.6200000000000001,0.8959999999999999
2022-08-03,CTD7,4176724,690397,0.031590328,0.045559995,0.059863925,0.017848367,0.011342895,0.0023644262,0.487,2.2815000000000003
2022-08-03,CTD8,4174178,693048,0.020085564,0.028696133,0.037178066,0.014223846,0.009722198,0.0022779775,1.249,1.6765
2022-08-03,CTD9,4171106,693183,0.018807065,0.025153805,0.040398218,0.019152733,0.017219648,0.0055334624,0.638,1.259
2022-08-03,CTD10,4170388,695646,0.014381071,0.019976139,0.024832185,0.008370294,0.00573557,0.001379981,0.5545,1.0845
2022-08-03,CTD11,4169609,700351,0.010611311,0.013643186,0.017900184,0.0056057917,0.004083632,0.0011395848,0.798,0.831
2022-08-03,CTD12,4173438,695414,0.027698847,0.03772207,0.045619976,0.017462516,0.011960453,0.0027677913,0.7,1.187
2022-09-07,CTD1,4187246,695025,0.008146441,0.011072963,0.018828591,0.007081702,0.006118123,0.001924478,1.213,2.338
2022-09-07,CTD2,4181518,693105,0.0070365667,0.010184197,0.014622085,0.0038894357,0.002822739,0.00072963565,0.6635,2.0055
2022-09-07,CTD3,4181698,695238,0.007188778,0.010305929,0.013563452,0.003244131,0.0022165927,0.0005540257,0.5555,1.39
2022-09-07,CTD4,4180266,698264,0.007490618,0.010604513,0.014784876,0.004193228,0.0029607713,0.0007534457,0.4315,0.508
2022-09-07,CTD5,4179450,700268,0.010371588,0.016156653,0.019384632,0.0027499364,0.0018521288,0.00046863555,0.2485,0.515
2022-09-07,CTD6,4176009,695829,0.009449623,0.013858504,0.018544002,0.0048543485,0.0032913694,0.00080768,0.465,0.7845
2022-09-07,CTD7,4176724,690397,0.04959319,0.07085841,0.10229752,0.0451985,0.031464446,0.005844834,0.5305,4.884
2022-09-07,CTD8,4174178,693048,0.025037449,0.039646424,0.057304747,0.020673119,0.013677228,0.0028915287,0.789,2.5625
2022-09-07,CTD9,4171106,693183,0.011008078,0.015159842,0.027635587,0.012922794,0.012173059,0.0041844817,0.421,1.181
2022-09-07,CTD10,4170388,695646,0.0071176765,0.010559577,0.015634011,0.0044589927,0.0031893018,0.00081195874,0.5015,0.7435
2022-09-07,CTD11,4169609,700351,0.0062064794,0.009389774,0.014171276,0.003733316,0.0026840062,0.00068928563,0.286,0.1985
2022-09-07,CTD12,4173438,695414,0.012575537,0.018942501,0.025841115,0.00727956,0.0047647716,0.0011195666,0.558,1.0735
2022-09-27,CTD1,4187246,695025,0.0071370066,0.009718636,0.016687302,0.00557307,0.0046132104,0.0013982146,0.473,0.653
2022-09-27,CTD2,4181518,693105,0.008328851,0.011775033,0.016746439,0.0048190495,0.0034080625,0.0008650881,0.523,0.75
2022-09-27,CTD3,4181698,695238,0.007488376,0.01110637,0.01527331,0.0039775395,0.0027329044,0.000696322,0.667,0.767
2022-09-27,CTD4,4180266,698264,0.00809837,0.011247617,0.016033437,0.004391065,0.0031441455,0.00080833683,0.41,0.703
2022-09-27,CTD5,4179450,700268,0.020486532,0.028152546,0.035149254,0.011476401,0.007923677,0.0019528595,0.2734999999999999,1.6035
2022-09-27,CTD6,4176009,695829,0.0116035845,0.016886998,0.024118505,0.0068122223,0.0046523903,0.0011395848,0.65,1.147
2022-09-27,CTD7,4176724,690397,0.023472391,0.038623314,0.06445625,0.026037395,0.019199561,0.004569037,1.83,3.97
2022-09-27,CTD8,4174178,693048,0.015758205,0.025992455,0.043470703,0.018184999,0.013515711,0.0034528268,2.517,2.933
2022-09-27,CTD9,4171106,693183,0.014882888,0.02328073,0.040344313,0.022350393,0.018468555,0.0054074237,0.71,4.15
2022-09-27,CTD10,4170388,695646,0.014628638,0.023181882,0.037249453,0.01544376,0.0113501465,0.0028925787,0.967,2.47
2022-09-27,CTD11,4169609,700351,0.0066330396,0.010153186,0.015878737,0.0043316917,0.0030891562,0.00075743784,0.563,0.903
2022-09-27,CTD12,4173438,695414,0.017734261,0.02718469,0.039733205,0.013911545,0.009587835,0.0023291658,1.197,1.92
2023-01-10,CTD1,4187246,695025,0.0053673713,0.0066669444,0.01035125,0.0035821563,0.0032024907,0.0010602219,0.7969999999999999,0.6094999999999999
2023-01-10,CTD2,4181518,693105,0.0056392844,0.007271538,0.009473634,0.002389969,0.0018926389,0.0005420771,0.9645,0.771
2023-01-10,CTD3,4181698,695238,0.005592517,0.007463945,0.008578635,0.0019692131,0.0014203156,0.000371588,1.087,0.6805
2023-01-10,CTD4,4180266,698264,0.010133245,0.015035422,0.01963695,0.0038152589,0.0026799708,0.0006890057,1.0665,0.6074999999999999
2023-01-10,CTD5,4179450,700268,0.02009932,0.029172234,0.03517865,0.006051705,0.0040564425,0.0010658028,0.5515,0.51
2023-01-10,CTD6,4176009,695829,0.011761029,0.014780508,0.016897814,0.004526353,0.0032926032,0.0008796119,0.7845,0.6805
2023-01-10,CTD7,4176724,690397,0.032437216,0.04751816,0.062981635,0.016394554,0.010348663,0.0022067667,0.9275,1.6285
2023-01-10,CTD8,4174178,693048,0.01971613,0.027627558,0.035188455,0.009376743,0.0062393923,0.0015303899,1.009,1.111
2023-01-10,CTD9,4171106,693183,0.011946181,0.015233145,0.024869818,0.0128175765,0.012708894,0.0044224374,0.5555,0.65
2023-01-10,CTD10,4170388,695646,0.006800159,0.008780604,0.012444678,0.0034083335,0.0027587223,0.0008024447,0.615,0.584
2023-01-10,CTD11,4169609,700351,0.0145947095,0.02071695,0.026334025,0.006020722,0.0043233186,0.0010888486,0.4485,0.485
2023-01-10,CTD12,4173438,695414,0.007685648,0.010346785,0.013683944,0.0032680703,0.0023283726,0.0006658966,0.7175,0.687
2023-03-01,CTD1,4187246,695025,0.0045953128,0.006025902,0.010643553,0.0027024548,0.0023014117,0.0007237287,0.3385,0.5515
2023-03-01,CTD2,4181518,693105,0.0071779652,0.009953604,0.012903401,0.0023207932,0.0016450881,0.00043040788,0.3715,0.4125
2023-03-01,CTD3,4181698,695238,0.010024268,0.0142028835,0.018888356,0.0036136645,0.0025444077,0.0006477672,0.422,0.6045
2023-03-01,CTD4,4180266,698264,0.030065842,0.038691223,0.045818616,0.014759985,0.010124248,0.0024877277,0.3259999999999999,2.3365
2023-03-01,CTD5,4179450,700268,0.051343963,0.06694745,0.08312662,0.027367093,0.017596863,0.0035101061,0.2935,5.5935
2023-03-01,CTD6,4176009,695829,0.013011779,0.018103786,0.020162689,0.0036111337,0.002444055,0.00063708035,0.2105,0.7715000000000001
2023-03-01,CTD7,4176724,690397,0.034818307,0.049065135,0.055574507,0.0066481805,0.004315335,0.0011608768,0.2165,0.5385
2023-03-01,CTD8,4174178,693048,0.042365305,0.05711621,0.06879929,0.017283741,0.0109037,0.002367977,0.2845,1.115
2023-03-01,CTD9,4171106,693183,0.017862573,0.02341489,0.03473951,0.016548311,0.014025531,0.0043065357,0.1659999999999999,0.345
2023-03-01,CTD10,4170388,695646,0.019292168,0.027614664,0.030107092,0.0052809664,0.0034893681,0.0008724974,0.1805,0.955
2023-03-01,CTD11,4169609,700351,0.018038828,0.02621091,0.034778383,0.009674586,0.0064286436,0.0015189524,0.1755,2.491
2023-03-01,CTD12,4173438,695414,0.012674206,0.017502056,0.021203846,0.0043271566,0.0029730352,0.0007437086,0.1735,0.6395
2023-03-16,CTD1,4187246,695025,0.0055017616,0.0077748764,0.012911886,0.0035125702,0.0028174368,0.0008103104,0.4085,0.4875
2023-03-16,CTD2,4181518,693105,0.010327663,0.014007589,0.0131602725,0.0021970863,0.0015100784,0.0003889854,0.3985,0.707
2023-03-16,CTD3,4181698,695238,0.011539778,0.016098004,0.01769562,0.004277575,0.0029397053,0.0007531395,0.3359999999999999,0.6305000000000001
2023-03-16,CTD4,4180266,698264,0.012568752,0.01802042,0.019354053,0.005428937,0.0036781305,0.0009064345,0.286,0.647
2023-03-16,CTD5,4179450,700268,0.014040775,0.021365704,0.027586501,0.0065585794,0.004336121,0.0010390176,0.1135,0.385
2023-03-16,CTD6,4176009,695829,0.010740309,0.0149884345,0.016100895,0.004083279,0.002828051,0.0007155397,0.2475,0.723
2023-03-16,CTD7,4176724,690397,0.0108219255,0.017112216,0.023486193,0.0048324675,0.003317377,0.0008384477,0.3215,1.475
2023-03-16,CTD8,4174178,693048,0.009069202,0.013032334,0.015930153,0.0035871791,0.0025568793,0.0006748798,0.225,0.9215
2023-03-16,CTD9,4171106,693183,0.0098569095,0.015687523,0.026666742,0.009265149,0.00688721,0.0018026261,0.292,1.0835
2023-03-16,CTD10,4170388,695646,0.008425053,0.012137997,0.015761044,0.0032226252,0.0023345049,0.00062606565,0.209,0.8130000000000001
2023-03-16,CTD11,4169609,700351,0.008316585,0.012469585,0.01819932,0.004473011,0.00329878,0.00087711535,0.1695,0.6875
2023-03-16,CTD12,4173438,695414,0.009172419,0.013155016,0.01583771,0.0038219441,0.002705291,0.0007083071,0.2235,0.8095
2023-04-20,CTD1,4187246,695025,0.0070408154,0.009056797,0.014005549,0.0045295097,0.003694638,0.001150647,0.3445,0.3555
2023-04-20,CTD2,4181518,693105,0.008412668,0.011237478,0.011957935,0.0027537723,0.001942769,0.0005168933,0.3255,0.4175
2023-04-20,CTD3,4181698,695238,0.011212242,0.01554224,0.017831767,0.0040293653,0.0027483662,0.0006839862,0.3165,0.526
2023-04-20,CTD4,4180266,698264,0.020454112,0.029391844,0.03419852,0.0074423193,0.004787544,0.0011386676,0.3159999999999999,0.524
2023-04-20,CTD5,4179450,700268,0.04483146,0.060883008,0.073606886,0.019824712,0.012330485,0.0025072433,0.2535,3.3885
2023-04-20,CTD6,4176009,695829,0.010701182,0.014801621,0.017826075,0.0051742597,0.0035658649,0.0009038632,0.4589999999999999,0.58
2023-04-20,CTD7,4176724,690397,0.052453864,0.069764,0.08492419,0.0135718575,0.0082619935,0.0017970318,0.223,0.7184999999999999
2023-04-20,CTD8,4174178,693048,0.047735,0.06548711,0.08351645,0.021821668,0.013565263,0.002694682,0.652,2.278
2023-04-20,CTD9,4171106,693183,0.016822835,0.022417746,0.034497242,0.016925165,0.0149478,0.0043396237,0.2375,0.875
2023-04-20,CTD10,4170388,695646,0.007685648,0.010704599,0.015189254,0.003973366,0.0030180537,0.00082292134,0.236,0.473
2023-04-20,CTD11,4169609,700351,0.017042715,0.024475485,0.029585965,0.006328511,0.0042268503,0.0010419614,0.214,0.603
2023-04-20,CTD12,4173438,695414,0.010301378,0.014231543,0.017149141,0.0044079525,0.0031019412,0.0007978914,0.31,0.595
2023-05-25,CTD1,4187246,695025,0.0105695715,0.014474906,0.01904451,0.006128752,0.0045928895,0.0012270373,0.246,0.4565
2023-05-25,CTD2,4181518,693105,0.017088573,0.022463245,0.019056568,0.004071871,0.00256748,0.00061599456,0.2324999999999999,0.4525
2023-05-25,CTD3,4181698,695238,0.015627764,0.02109149,0.021690639,0.0057879556,0.0039186515,0.0009555064,0.268,0.4625
2023-05-25,CTD4,4180266,698264,0.01879823,0.02668893,0.027791476,0.006266264,0.0040010856,0.00095666887,0.239,0.662
2023-05-25,CTD5,4179450,700268,0.019788805,0.02901969,0.03341736,0.007748969,0.005006137,0.0011773296,0.1735,0.7335
2023-05-25,CTD6,4176009,695829,0.017751338,0.023549533,0.021422757,0.0061665555,0.003981805,0.00093254383,0.3185,0.5425
2023-05-25,CTD7,4176724,690397,0.024737144,0.03708116,0.045818616,0.008039837,0.0049316827,0.001137751,0.2405,1.063
2023-05-25,CTD8,4174178,693048,0.024086013,0.035680722,0.04301954,0.009831127,0.006013978,0.0013452462,0.3125,1.3675000000000002
2023-05-25,CTD9,4171106,693183,0.0161457,0.024212085,0.03369213,0.01587101,0.011027331,0.002553282,0.4625,1.0875
2023-05-25,CTD10,4170388,695646,0.01553334,0.023129659,0.029594595,0.008989524,0.0059603537,0.0014319386,0.768,1.368
2023-05-25,CTD11,4169609,700351,0.014799078,0.021803755,0.0288849,0.007894558,0.005444923,0.0013674034,0.48,1.571
2023-05-25,CTD12,4173438,695414,0.019539606,0.029518683,0.035800073,0.010408568,0.006615827,0.0014792416,0.676,1.196
