Date,Buoy,Latitude,Longitude,rhow_B1,rhow_B2,rhow_B3,rhow_B4,rhow_B5,rhow_B6,rhow_B7,rhow_B8A,Chl,Turbidez
2016-08-09,CTD1,4187246,695025,0.011557551,0.01677188,0.028794995,0.014744224,0.012881314,0.0037190781,0.0036645178,0.001499898,11.46,6.89
2016-08-09,CTD2,4181518,693105,0.011378609,0.015170635,0.022114683,0.01308602,0.010211863,0.003135181,0.0030726576,0.0012883042,12.21,5.08
2016-08-09,CTD3,4181698,695238,0.01071672,0.014699977,0.020822242,0.012379519,0.0089632,0.0025987655,0.0026362666,0.0011002447,11.75,4.04
2016-08-09,CTD4,4180266,698264,0.008905852,0.01154712,0.020527788,0.0085025905,0.012757267,0.003352748,0.0033195373,0.0012944449,7.58,3.96
2016-08-09,CTD5,4179450,700268,0.01474397,0.022333896,0.025156863,0.0046539227,0.0029858162,0.000751617,0.0007623971,0.000294331,0.285,0.135
2016-08-09,CTD6,4176009,695829,0.010866346,0.014820004,0.021078905,0.011349414,0.008379667,0.0024124808,0.00239987,0.0009990195,9.52,4.23
2016-08-09,CTD7,4176724,690397,0.013880036,0.019730497,0.030705446,0.018938396,0.01469822,0.0043080775,0.004288094,0.0017497751,10.94,5.94
2016-08-09,CTD8,4174178,693048,0.010402882,0.015704345,0.025355967,0.01222232,0.00956906,0.0027028676,0.0026292522,0.001097651,12.84,6.3
2016-08-09,CTD9,4171106,693183,0.013036164,0.02006638,0.033828877,0.020082636,0.01582168,0.004466356,0.0045266794,0.0018462652,,
2016-08-09,CTD10,4170388,695646,0.016327148,0.02284161,0.03433029,0.017810361,0.01401841,0.0040529827,0.0040420312,0.0016394382,9.75,4.72
2016-08-09,CTD11,4169609,700351,0.010767565,0.015042636,0.022594802,0.012919855,0.010850893,0.0031603382,0.0030426378,0.0012864679,8.69,3.95
2016-08-09,CTD12,4173438,695414,0.012315695,0.017694283,0.025472794,0.013293076,0.009602651,0.002741353,0.002719555,0.0011238804,8.52,4.48
2016-09-08,CTD1,4187246,695025,0.011359334,0.01652359,0.027251022,0.014605151,0.013168484,0.0038591444,0.003769339,0.0015695846,18.69,4.95
2016-09-08,CTD2,4181518,693105,0.00968305,0.014277933,0.023084925,0.01124637,0.009417515,0.0026045013,0.0025218632,0.0010348605,13.22,4.29
2016-09-08,CTD3,4181698,695238,0.0102565475,0.014694998,0.023492077,0.011051187,0.009322661,0.002676736,0.002582983,0.0010665213,13.57,3.92
2016-09-08,CTD4,4180266,698264,0.011194974,0.015667122,0.023484332,0.013225308,0.010400377,0.0031005812,0.003004866,0.0012724794,12.38,4.15
2016-09-08,CTD5,4179450,700268,0.010466274,0.016054248,0.021232972,0.0042410363,0.0030480202,0.0007037057,0.0007160391,0.0002760678,1.27,0.1399999999999999
2016-09-08,CTD6,4176009,695829,0.008069832,0.011949981,0.018957907,0.0099579785,0.007988389,0.0022110238,0.0021894898,0.00092732714,12.32,4.35
2016-09-08,CTD7,4176724,690397,0.01093273,0.016185405,0.026132973,0.0130003,0.010497962,0.0030031123,0.0029583275,0.0012209823,13.91,4.69
2016-09-08,CTD9,4171106,693183,0.011149553,0.017658358,0.03241541,0.018646877,0.016633632,0.0047219843,0.004727363,0.0019193726,,
2016-09-08,CTD10,4170388,695646,0.011679797,0.01756291,0.030290844,0.016078604,0.014313119,0.0041277017,0.0041058715,0.0016671405,15.06,5.38
2016-09-08,CTD11,4169609,700351,0.008599888,0.013562002,0.023937594,0.011771254,0.009587707,0.002685022,0.002650354,0.001106496,11.3,6.33
2016-09-08,CTD12,4173438,695414,0.008288924,0.012296981,0.020725923,0.010698382,0.0089214295,0.0025770892,0.0025624398,0.0010620079,11.52,4.19
2017-06-30,CTD1,4187246,695025,0.020267187,0.029541695,0.037989896,0.012751135,0.008468138,0.0021277042,0.0021259508,0.00085472845,1.1285,3.878
2017-06-30,CTD2,4181518,693105,0.016517498,0.025367688,0.031084968,0.007473426,0.004881024,0.001217275,0.0012638009,0.0005068762,0.9935,2.029
2017-06-30,CTD3,4181698,695238,0.015449502,0.021422183,0.025057863,0.007897569,0.0058195754,0.0015518613,0.0015043294,0.0006166561,1.5114999999999998,1.239
2017-06-30,CTD4,4180266,698264,0.018474942,0.026557297,0.03269803,0.0093244435,0.0077019935,0.0019760975,0.0019553616,0.00075169717,1.485,1.9025
2017-06-30,CTD5,4179450,700268,0.024394197,0.03462631,0.039438844,0.007906084,0.0054951473,0.0013012455,0.0013643369,0.00052207883,0.51,0.3675
2017-06-30,CTD6,4176009,695829,0.014288368,0.02187355,0.03017332,0.009782173,0.006607161,0.0016928541,0.0016972328,0.0006960351,1.8435,2.539
2017-06-30,CTD7,4176724,690397,0.020480853,0.03264059,0.046598703,0.014955263,0.009264766,0.0023425673,0.0023474235,0.0009417427,1.6825,3.645
2017-06-30,CTD8,4174178,693048,0.017271448,0.026172582,0.034994133,0.011128032,0.006920709,0.0017969251,0.0018103285,0.0007366638,0.9075,2.2275
2017-06-30,CTD9,4171106,693183,0.027821157,0.042674866,0.057955574,0.032366145,0.019210875,0.005050064,0.005196822,0.0020447834,,
2017-06-30,CTD10,4170388,695646,0.016007408,0.023611633,0.026905747,0.008222215,0.0050828224,0.001325315,0.0013735933,0.00056754885,0.8340000000000001,1.6725
2017-06-30,CTD11,4169609,700351,0.010984656,0.014941023,0.023631908,0.008014794,0.006928744,0.001761733,0.0017298113,0.00066234445,1.2475,1.4475
2017-06-30,CTD12,4173438,695414,0.020851087,0.02965814,0.039513133,0.015296827,0.00986412,0.0026508677,0.0026515317,0.0011007641,1.518,2.378
2018-02-20,CTD1,4187246,695025,0.0018449604,0.0023610487,0.0045538167,0.0020216706,0.004421269,0.0007661036,0.00071167294,0.00027409976,3.802,2.406
2018-02-20,CTD2,4181518,693105,0.0037334298,0.00564229,0.0095112575,0.0021671946,0.0027785294,0.00048233633,0.00049421116,0.00018599891,6.013999999999999,2.3440000000000003
2018-02-20,CTD3,4181698,695238,0.005959592,0.010243557,0.018708058,0.004348435,0.0032090822,0.0007095557,0.0007038405,0.0002788295,3.2825,2.1775
2018-02-20,CTD4,4180266,698264,0.008712168,0.013607952,0.023130678,0.0064191455,0.0044678743,0.0010407175,0.0010380787,0.0004084164,3.3710000000000004,2.0395
2018-02-20,CTD5,4179450,700268,0.016738523,0.026008032,0.028090969,0.0030158064,0.001986822,0.0005275298,0.00047558098,0.00018816884,0.3774999999999999,0.6925
2018-02-20,CTD6,4176009,695829,0.0100614475,0.015924154,0.02593666,0.008133883,0.006152658,0.0014141619,0.0013958584,0.00055627397,7.7995,2.4595
2018-02-20,CTD7,4176724,690397,0.008171807,0.013589553,0.024375081,0.007611109,0.0063621504,0.001439973,0.0014173215,0.0005587577,2.7245,2.2945
2018-02-20,CTD8,4174178,693048,0.007041697,0.012079395,0.019779852,0.005072339,0.0038820857,0.0008533308,0.0008399631,0.00032908292,2.731,2.5620000000000003
2018-02-20,CTD9,4171106,693183,0.019578973,0.031036908,0.051963568,0.026312552,0.020225585,0.005463091,0.005385534,0.0021298386,,
2018-02-20,CTD10,4170388,695646,0.016007408,0.024324449,0.03754879,0.014263056,0.0106047,0.0027028676,0.0026894996,0.0010630091,7.0785,3.1895
2018-02-20,CTD11,4169609,700351,0.0102082575,0.016903138,0.028072657,0.00966208,0.0069690645,0.0017391859,0.0017186293,0.0006928671,7.227,2.9165
2018-02-20,CTD12,4173438,695414,0.008297163,0.013557416,0.02400867,0.0065127187,0.0058195754,0.0013498847,0.0013124424,0.00051136134,7.774999999999999,2.8035
2018-03-07,CTD1,4187246,695025,0.02249385,0.03396407,0.05073416,0.018465992,0.013666023,0.003513069,0.003513554,0.0013909475,5.204000000000001,5.959
2018-03-07,CTD2,4181518,693105,0.013861113,0.021516087,0.03392647,0.010907069,0.008624411,0.0021435353,0.002147539,0.00084840215,5.7275,3.1945
2018-03-07,CTD3,4181698,695238,0.019866353,0.028975075,0.04406948,0.015645958,0.0129312575,0.0033260223,0.003332921,0.0013136751,4.538,3.921
2018-03-07,CTD4,4180266,698264,0.016556958,0.026250858,0.04208429,0.012456603,0.009673952,0.002283774,0.0022610163,0.00087157765,3.3035,3.135
2018-03-07,CTD5,4179450,700268,0.016681574,0.02589599,0.032498922,0.004847207,0.00311285,0.0007982423,0.0007452145,0.00029468705,0.7050000000000001,0.8225
2018-03-07,CTD6,4176009,695829,0.01016021,0.0163121,0.025919653,0.0070386124,0.0054993434,0.0012592532,0.0012627431,0.00049023377,6.032,3.0735
2018-03-07,CTD7,4176724,690397,0.010357352,0.01683453,0.026581934,0.0064783115,0.004919931,0.0010745063,0.001066016,0.00040581077,3.027,3.0395000000000003
2018-03-07,CTD8,4174178,693048,0.010914247,0.017551016,0.02859886,0.0075920504,0.0056852354,0.0012931526,0.0012867842,0.00049629214,3.6225,3.0525
2018-03-07,CTD9,4171106,693183,0.021306556,0.031484976,0.04601881,0.020667458,0.013991415,0.0037190781,0.0036908577,0.0014743258,,
2018-03-07,CTD10,4170388,695646,0.008929647,0.014268267,0.023608547,0.0059086755,0.004578168,0.0010199648,0.0010279762,0.00039306763,4.3535,2.863
2018-03-07,CTD11,4169609,700351,0.011386328,0.018421758,0.029582277,0.008777235,0.0063621504,0.0015071384,0.0015056143,0.0005892848,3.974,3.209
2018-03-07,CTD12,4173438,695414,0.010771207,0.016207367,0.026192997,0.0076988917,0.0059208465,0.0014029214,0.001403567,0.0005476779,4.6565,2.6870000000000003
2018-05-16,CTD1,4187246,695025,0.024296597,0.03411761,0.0457801,0.015425454,0.010400377,0.0026391959,0.0026480008,0.0010441547,2.67,0.516
2018-05-16,CTD2,4181518,693105,0.013089571,0.02032532,0.026115848,0.0068315933,0.0045833304,0.0011361307,0.0011212653,0.00044219074,2.582,1.2635
2018-05-16,CTD3,4181698,695238,0.012677141,0.018888775,0.02390607,0.0069614258,0.004404755,0.0011426525,0.0011837172,0.00047649033,2.8875,1.115
2018-05-16,CTD4,4180266,698264,0.01274205,0.018818632,0.024722375,0.00581454,0.004044695,0.00096474076,0.0009975304,0.00039356836,1.992,1.0695
2018-05-16,CTD5,4179450,700268,0.018231649,0.027514383,0.033763956,0.00693919,0.004829669,0.001119098,0.0011715008,0.00045540262,0.5775,0.615
2018-05-16,CTD6,4176009,695829,0.01515713,0.022147184,0.025107317,0.006338207,0.004255987,0.0010563881,0.0011116058,0.00043801064,0.8465,1.1505
2018-05-16,CTD7,4176724,690397,0.021764008,0.034804765,0.050052825,0.015130617,0.009587707,0.0023425673,0.0023237045,0.00092993054,3.2775,3.806
2018-05-16,CTD8,4174178,693048,0.018250255,0.027387407,0.034275476,0.0075190193,0.0052535785,0.0012047935,0.0012606307,0.00049368537,0.812,1.45
2018-05-16,CTD9,4171106,693183,0.028348394,0.042476423,0.06275782,0.03794823,0.026037116,0.0068438672,0.0069709183,0.0027148656,,
2018-05-16,CTD10,4170388,695646,0.012021942,0.01878048,0.025339318,0.006342674,0.0039705206,0.0010170976,0.0010756658,0.00043350217,2.559,1.7935
2018-05-16,CTD11,4169609,700351,0.01541265,0.022810996,0.03295109,0.010196252,0.007856047,0.0018931893,0.0018396595,0.0007276013,1.507,1.8825
2018-05-16,CTD12,4173438,695414,0.01858197,0.026795913,0.03392647,0.008043668,0.005795102,0.0013680739,0.0014508219,0.0005688173,0.7045,1.41
2018-06-20,CTD1,4187246,695025,0.015043783,0.0223564,0.027331281,0.01026327,0.006384248,0.0018062307,0.0018221581,0.00075759477,0.9615,1.063
2018-06-20,CTD2,4181518,693105,0.015720641,0.022575049,0.025919653,0.005313191,0.0036941462,0.00090328575,0.0009292061,0.00036464055,0.8975,0.6890000000000001
2018-06-20,CTD3,4181698,695238,0.01614997,0.022956751,0.02518167,0.0068534524,0.0043038772,0.0011749426,0.0011930979,0.00048531988,1.2505,0.7715000000000001
2018-06-20,CTD4,4180266,698264,0.019152071,0.025115626,0.028654773,0.008767718,0.0054243393,0.0014243042,0.0014782529,0.000598614,0.5589999999999999,0.7335
2018-06-20,CTD5,4179450,700268,0.019440068,0.029512648,0.0325931,0.0051778117,0.003474501,0.0008339411,0.00083666027,0.00033166853,0.3475,0.42
2018-06-20,CTD6,4176009,695829,0.015812065,0.0230879,0.02673901,0.0068194824,0.004499808,0.0011426525,0.0011832258,0.00047173255,0.8095,0.8755
2018-06-20,CTD7,4176724,690397,0.020508578,0.028324751,0.030477772,0.011006947,0.006169241,0.0018631737,0.0019048443,0.00078784686,0.5215000000000001,1.053
2018-06-20,CTD8,4174178,693048,0.01825646,0.028120171,0.03335533,0.008257834,0.0054202047,0.0013083055,0.0013988176,0.00055776275,0.979,1.3665
2018-06-20,CTD9,4171106,693183,0.03165918,0.04444006,0.056170627,0.03104421,0.017338423,0.0045163617,0.0045837313,0.0018103351,,
2018-06-20,CTD10,4170388,695646,0.018594598,0.025853014,0.031529684,0.011361843,0.006627594,0.0018923712,0.00193414,0.0008014227,2.169,1.2885
2018-06-20,CTD11,4169609,700351,0.0070830034,0.010040981,0.016211268,0.0047013937,0.004503184,0.001001695,0.0009763622,0.0003866248,0.435,1.188
2018-06-20,CTD12,4173438,695414,0.01599104,0.023282042,0.027944783,0.008014794,0.0050329664,0.0013420122,0.0013574401,0.0005595052,1.8415,1.019
2018-07-10,CTD1,4187246,695025,0.01317908,0.018933544,0.026107289,0.009334594,0.006157391,0.0016892351,0.0017201157,0.0006938158,0.5735,7.572
2018-07-10,CTD2,4181518,693105,0.020780751,0.029580465,0.031417973,0.008521025,0.0048024007,0.0013308547,0.0013706932,0.00055925595,0.373,1.086
2018-07-10,CTD3,4181698,695238,0.019223686,0.026813665,0.02593666,0.008213336,0.005474219,0.001475621,0.0014576266,0.0005999601,0.6765,1.2635
2018-07-10,CTD4,4180266,698264,0.015286966,0.020831756,0.024975644,0.00916691,0.0060263076,0.0017132777,0.0017097403,0.00070113695,2.0825,0.9795
2018-07-10,CTD5,4179450,700268,0.016927807,0.025149101,0.032761134,0.008290629,0.0053749485,0.0013380952,0.0013840903,0.00055627397,0.9775,0.6775
2018-07-10,CTD6,4176009,695829,0.014544116,0.020712754,0.02386672,0.008911601,0.005549964,0.0016906817,0.0016538787,0.0006815927,2.931,1.1565
2018-07-10,CTD7,4176724,690397,0.019792458,0.026146537,0.028973509,0.011193165,0.0061219856,0.0018948265,0.0018973885,0.00080401945,0.649,0.839
2018-07-10,CTD8,4174178,693048,0.0148095125,0.02221423,0.031336952,0.011784152,0.0072948853,0.0019760975,0.0020038085,0.0008301087,2.1085000000000003,1.5975
2018-07-10,CTD9,4171106,693183,0.02413472,0.035254367,0.048154715,0.023340145,0.015373586,0.0040765265,0.0041298387,0.0016647476,,
2018-07-10,CTD10,4170388,695646,0.012582555,0.017320639,0.023858856,0.0080900965,0.006138481,0.0017384398,0.0016877354,0.00067572366,1.6935,1.3145
2018-07-10,CTD11,4169609,700351,0.011811412,0.016223859,0.021211898,0.0074680815,0.005461703,0.0015518613,0.0015114114,0.0006177688,2.03,1.0935
2018-07-10,CTD12,4173438,695414,0.014514374,0.021078818,0.025389295,0.006848588,0.0046967664,0.0012936904,0.0012905698,0.0005295207,2.6945,1.3885
2018-08-29,CTD1,4187246,695025,0.009004451,0.01295274,0.019760191,0.0065565915,0.005317937,0.0012760762,0.0012792503,0.00050265645,0.4965,9.37
2018-08-29,CTD2,4181518,693105,0.010866346,0.015471839,0.020520989,0.0046054535,0.0032849954,0.00080598134,0.0008178027,0.0003197606,0.5685,0.7355
2018-08-29,CTD3,4181698,695238,0.009637644,0.014066799,0.017513076,0.0037685144,0.0026552763,0.00063905434,0.0006476886,0.00025225218,0.6905,0.619
2018-08-29,CTD4,4180266,698264,0.010153365,0.013649442,0.018473737,0.005652843,0.0044712243,0.0011389205,0.0011408719,0.00044815862,0.6579999999999999,0.6145
2018-08-29,CTD5,4179450,700268,0.0152505,0.022757517,0.028879426,0.006031918,0.004188373,0.000981838,0.0009999599,0.00039057498,0.3025,0.515
2018-08-29,CTD6,4176009,695829,0.010666128,0.016032493,0.02058226,0.0051194946,0.003325527,0.00083784224,0.00085400324,0.00034197018,1.047,0.877
2018-08-29,CTD7,4176724,690397,0.012943238,0.019074917,0.024064088,0.006496637,0.00536472,0.0012969222,0.0013135468,0.0005106857,0.802,0.8734999999999999
2018-08-29,CTD8,4174178,693048,0.012690095,0.018679105,0.027331281,0.00812803,0.0057179597,0.0014369449,0.0014409869,0.0005741795,1.296,2.012
2018-08-29,CTD9,4171106,693183,0.021588668,0.030825041,0.044794075,0.022775166,0.014269092,0.0037842428,0.0038633107,0.0015531575,,
2018-08-29,CTD10,4170388,695646,0.010357352,0.015078365,0.020918997,0.006099959,0.004457842,0.0011407847,0.0011371075,0.00045897503,1.3535,0.7135
2018-08-29,CTD11,4169609,700351,0.011459938,0.0163121,0.022572424,0.00795738,0.0056032264,0.0015154544,0.0014972838,0.0006078341,0.8485,0.877
2018-08-29,CTD12,4173438,695414,0.010601452,0.016086938,0.023383867,0.0059148734,0.004074798,0.0009670517,0.0009783369,0.000382721,1.1995,2.0535
2018-10-03,CTD1,4187246,695025,0.012781159,0.017947769,0.025314366,0.007013612,0.005393413,0.0013280816,0.0012998154,0.00051294174,0.325,0.7915
2018-10-03,CTD2,4181518,693105,0.015245298,0.020972595,0.026304808,0.0059730755,0.0042575733,0.0010344409,0.0010238001,0.0003991256,0.445,0.5785
2018-10-03,CTD3,4181698,695238,0.011940512,0.017539129,0.019675214,0.0028389357,0.00193892,0.00047756996,0.00046418884,0.00017865103,0.3379999999999999,0.5389999999999999
2018-10-03,CTD4,4180266,698264,0.005496936,0.0074092792,0.007452177,0.003791892,0.004016327,0.0007501865,0.0007600398,0.00029056484,0.2284999999999999,0.367
2018-10-03,CTD5,4179450,700268,0.022388212,0.03130099,0.034363218,0.0054375427,0.0035628632,0.00090257375,0.00086557114,0.000337749,0.0625,0.4775
2018-10-03,CTD6,4176009,695829,0.0144255115,0.020414636,0.027358083,0.0060637062,0.0038168614,0.0009857726,0.00096772803,0.00038353048,0.9855,1.5790000000000002
2018-10-03,CTD7,4176724,690397,0.010662524,0.015424709,0.018321177,0.0032127537,0.00234018,0.00054147287,0.0005412668,0.00020727566,0.2465,0.6695
2018-10-03,CTD8,4174178,693048,0.01930865,0.027861718,0.03671471,0.012919855,0.00861435,0.0021860509,0.0022078725,0.00086351007,1.2745,1.5495
2018-10-03,CTD9,4171106,693183,0.033869732,0.04191173,0.05510711,0.027011883,0.020530796,0.005736121,0.0055982945,0.0021877892,,
2018-10-03,CTD10,4170388,695646,0.01549701,0.02107172,0.027600395,0.008216294,0.005824037,0.0014774913,0.0014833016,0.00058586104,1.0074999999999998,1.112
2018-10-03,CTD11,4169609,700351,0.012763762,0.019074917,0.022357196,0.006031918,0.004135757,0.0010265532,0.0010155062,0.00040563775,0.597,1.104
2018-10-03,CTD12,4173438,695414,0.01878505,0.027054371,0.036517397,0.00997973,0.006775112,0.00165492,0.0016538787,0.0006434019,1.1785,2.927
2018-11-07,CTD1,4187246,695025,0.006361538,0.009215131,0.014226302,0.0035486063,0.0032743618,0.00076347153,0.0007618069,0.00029302982,0.685,111.6385
2018-11-07,CTD2,4181518,693105,0.007196846,0.010863589,0.012543127,0.0017916152,0.0012752466,0.00030843416,0.0002982232,0.0001151385,0.436,0.995
2018-11-07,CTD3,4181698,695238,0.00781587,0.0116288755,0.014529977,0.0025849103,0.0018391177,0.0004470436,0.0004321906,0.00016754516,1.105,2.179
2018-11-07,CTD4,4180266,698264,0.015839055,0.018984834,0.020117052,0.007175302,0.0047627105,0.001358377,0.0013096858,0.000543074,1.39,1.0305
2018-11-07,CTD5,4179450,700268,0.017165892,0.02634682,0.028090969,0.00466022,0.0033028065,0.00087909703,0.0007975732,0.0003096136,0.595,0.4675
2018-11-07,CTD6,4176009,695829,0.009211389,0.014095401,0.019564634,0.0047205393,0.0035395676,0.00083491433,0.0007922995,0.0003073555,1.4695,1.1585
2018-11-07,CTD7,4176724,690397,0.004352526,0.0063448832,0.009829594,0.0019104943,0.0015998309,0.00035090302,0.00035036675,0.00013275871,0.364,0.4955
2018-11-07,CTD8,4174178,693048,0.017154204,0.024783127,0.03246758,0.009117222,0.0056160903,0.0014249034,0.0013811656,0.0005615041,1.0655,2.341
2018-11-07,CTD9,4171106,693183,0.022721779,0.03035548,0.040086642,0.018613255,0.011111336,0.0029372885,0.0029047532,0.0011733214,,
2018-11-07,CTD10,4170388,695646,0.0059747123,0.008936985,0.011966243,0.0023649617,0.0018094083,0.00042428036,0.00041621065,0.00016314806,0.9925,1.488
2018-11-07,CTD11,4169609,700351,0.0073895985,0.010733564,0.0154105,0.004945629,0.0035797963,0.00091296283,0.0008766265,0.0003588868,0.933,1.194
2018-11-07,CTD12,4173438,695414,0.0098239565,0.015466595,0.018726682,0.0027683536,0.001891235,0.0004634717,0.00044152894,0.00017148892,0.8400000000000001,1.092
2019-03-12,CTD1,4187246,695025,0.01442059,0.01911365,0.026616765,0.008905154,0.0070123426,0.0017677991,0.0017830475,0.0006982621,0.2465,0.8174999999999999
2019-03-12,CTD2,4181518,693105,0.016974008,0.02433257,0.024665521,0.0039204094,0.0026168504,0.0006440185,0.0006309718,0.0002432053,0.5105,1.29
2019-03-12,CTD3,4181698,695238,0.017060967,0.023881624,0.028692104,0.0064191455,0.004305484,0.001059812,0.001042747,0.0004108658,0.518,1.083
2019-03-12,CTD4,4180266,698264,0.00725336,0.010155237,0.013301947,0.0025575105,0.001991368,0.0004515726,0.00045407645,0.00017100455,0.3329999999999999,0.7204999999999999
2019-03-12,CTD5,4179450,700268,0.030347882,0.044289608,0.04401519,0.005517176,0.0034694558,0.00092057337,0.0008406255,0.00033139525,0.21,0.56
2019-03-12,CTD6,4176009,695829,0.013776285,0.020414636,0.022624673,0.003173702,0.0020885065,0.0005236557,0.0005058337,0.00019616535,0.3305,1.045
2019-03-12,CTD7,4176724,690397,0.010515863,0.014724901,0.018970486,0.004176711,0.0031599759,0.00075391267,0.0007573982,0.00028754736,0.2754999999999999,1.1364999999999998
2019-03-12,CTD8,4174178,693048,0.010551436,0.015042636,0.01991802,0.004799659,0.0036779444,0.00087086257,0.0008580652,0.00032827136,0.2754999999999999,0.8345
2019-03-12,CTD9,4171106,693183,0.038091958,0.04888014,0.06304502,0.036816422,0.027370816,0.007556684,0.007426627,0.0028543668,0.252,0.341
2019-03-12,CTD10,4170388,695646,0.008545762,0.0121323895,0.016329864,0.0040288437,0.0032322225,0.0007108934,0.0007124892,0.000275191,0.321,0.7755000000000001
2019-03-12,CTD11,4169609,700351,0.008738306,0.013240325,0.017379995,0.0035191202,0.0024943259,0.0005996812,0.00059295405,0.00022940377,0.21,0.8445
2019-03-12,CTD12,4173438,695414,0.019605538,0.028813623,0.032582626,0.0058593503,0.0037254263,0.0009412334,0.0009203158,0.00036555887,0.299,0.9095
2019-06-25,CTD1,4187246,695025,0.014435357,0.020215904,0.02679156,0.011128032,0.007868263,0.002176526,0.0021353087,0.0008643132,1.549,1.136
2019-06-25,CTD2,4181518,693105,0.0136593385,0.018978415,0.023953373,0.009440166,0.0053260415,0.0017369486,0.0016811943,0.0007249396,2.669,1.4415
2019-06-25,CTD3,4181698,695238,0.011985227,0.01674348,0.021148799,0.007008624,0.005135163,0.0015090529,0.0014719687,0.0005980765,2.8965,1.365
2019-06-25,CTD4,4180266,698264,0.01593116,0.020845799,0.022063568,0.0098142205,0.0056419135,0.0017853662,0.0017230926,0.0007403912,3.2305,1.209
2019-06-25,CTD5,4179450,700268,0.021256289,0.030216837,0.034176998,0.007928839,0.0050924714,0.0012861845,0.0013069356,0.00052555243,0.235,0.5075000000000001
2019-06-25,CTD6,4176009,695829,0.01445014,0.019770514,0.023046864,0.009300803,0.0058307364,0.001714012,0.0016674756,0.0007180029,3.596,1.7045
2019-06-25,CTD7,4176724,690397,0.01336453,0.018647535,0.021388134,0.00680498,0.0044031073,0.00120083,0.0011797923,0.00048680947,1.8165,1.8265
2019-06-25,CTD8,4174178,693048,0.016018331,0.02209517,0.022609733,0.008481138,0.0050367825,0.0014309101,0.0014251618,0.00058063684,2.002,1.4135
2019-06-25,CTD9,4171106,693183,0.023324426,0.03411761,0.04579411,0.023867039,0.0143296635,0.0038351514,0.0038980618,0.0015598563,1.062,1.222
2019-06-25,CTD10,4170388,695646,0.014534195,0.020733707,0.025539778,0.008976344,0.005474219,0.0015597877,0.0015633636,0.00065785024,1.9975,1.347
2019-06-25,CTD11,4169609,700351,0.014749001,0.018691748,0.02183857,0.009903816,0.0074868714,0.0021529065,0.0020196522,0.0008393963,2.0495,1.5895
2019-06-25,CTD12,4173438,695414,0.014563979,0.020414636,0.024495702,0.009015428,0.0057179597,0.0016684111,0.0016717946,0.0006960351,2.4105,1.454
2019-07-10,CTD1,4187246,695025,0.017514244,0.024041777,0.031165404,0.011758371,0.008501145,0.00230286,0.0022610163,0.00090424455,0.925,0.993
2019-07-10,CTD2,4181518,693105,0.01711918,0.023564285,0.025330998,0.008710854,0.0052256864,0.0014582908,0.0014864667,0.0006177688,1.065,0.993
2019-07-10,CTD3,4181698,695238,0.018194495,0.025057144,0.02569953,0.009021959,0.0056117987,0.0016310755,0.0016214582,0.0006766466,1.316,1.072
2019-07-10,CTD4,4180266,698264,0.01514679,0.020909104,0.023253107,0.008169093,0.0053975256,0.0014912875,0.0015368176,0.0006276004,1.098,1.212
2019-07-10,CTD6,4176009,695829,0.01702613,0.023961576,0.027528394,0.008691985,0.005426408,0.0015231757,0.001516585,0.0006335825,0.684,1.024
2019-07-10,CTD7,4176724,690397,0.01479941,0.020789681,0.026800327,0.0085025905,0.005795102,0.0015551585,0.0015573471,0.00063301006,1.375,1.054
2019-07-10,CTD8,4174178,693048,0.017863382,0.02666311,0.034838237,0.01050143,0.006607161,0.0017265489,0.0017946844,0.00072927034,1.106,1.203
2019-07-10,CTD9,4171106,693183,0.028125329,0.04121129,0.053549077,0.026257304,0.015791433,0.0041739363,0.004234684,0.0016896445,1.48,1.529
2019-07-10,CTD10,4170388,695646,0.01515713,0.022229156,0.027753977,0.008654377,0.005539377,0.0015052264,0.0015707517,0.0006413666,1.606,1.512
2019-07-10,CTD11,4169609,700351,0.013622129,0.019288896,0.027242118,0.008685705,0.006955597,0.00175042,0.0017268216,0.00068097224,1.01,0.837
2019-07-10,CTD12,4173438,695414,0.017020332,0.022933679,0.02688815,0.008828168,0.0054658717,0.0015380968,0.0015460519,0.0006370291,0.868,1.384
2019-07-30,CTD1,4187246,695025,0.0042431233,0.0053600925,0.009861129,0.0050984747,0.010428746,0.0025623674,0.002465526,0.000971751,0.448,0.6445000000000001
2019-07-30,CTD2,4181518,693105,0.021911139,0.030019749,0.03577143,0.011035079,0.0069879643,0.0018785223,0.0019106651,0.000774877,1.638,1.569
2019-07-30,CTD3,4181698,695238,0.019347988,0.023095638,0.030251624,0.012014373,0.01214937,0.0035005843,0.0032230464,0.0012870796,1.9515,1.2955
2019-07-30,CTD4,4180266,698264,0.0,0.0,0.0,0.0,0.0,0.0,0.0,0.0,1.6865,1.0565
2019-07-30,CTD5,4179450,700268,0.01983945,0.026929317,0.028394701,0.008462796,0.0049987617,0.0013947026,0.0014588676,0.0005777857,0.6425000000000001,0.625
2019-07-30,CTD6,4176009,695829,0.02578146,0.035288285,0.042794965,0.016631097,0.010625348,0.0028615308,0.002809326,0.0011399336,2.7655000000000003,2.2905
2019-07-30,CTD7,4176724,690397,0.020418603,0.029079976,0.03354834,0.011732647,0.007859099,0.0020521842,0.0021092165,0.00082895556,1.5365,1.5485
2019-07-30,CTD8,4174178,693048,0.027629118,0.039564475,0.050173417,0.017758874,0.010787774,0.0028589985,0.0028725779,0.001154041,1.996,2.6145
2019-07-30,CTD9,4171106,693183,0.02479646,0.035811875,0.048256997,0.025262477,0.015749175,0.0041888403,0.004290014,0.0017190317,0.268,1.814
2019-07-30,CTD10,4170388,695646,0.021588668,0.029697046,0.035589855,0.012089174,0.0075305635,0.00207282,0.0020661792,0.00084879604,0.9905,1.1845
2019-07-30,CTD11,4169609,700351,0.016613487,0.022925993,0.026004786,0.0094093885,0.0061455653,0.0017272895,0.0016972328,0.00070660264,1.107,0.9795
2019-07-30,CTD12,4173438,695414,0.019341426,0.027224928,0.03270854,0.010907069,0.0067829704,0.0018313024,0.0018654405,0.00075655035,1.3495,1.0165
2019-08-14,CTD1,4187246,695025,0.014356774,0.020263704,0.02937171,0.010383538,0.0079852855,0.002034419,0.0020463567,0.0008096147,2.4985,1.4175
2019-08-14,CTD2,4181518,693105,0.012244691,0.018628618,0.027126608,0.009267138,0.0064262077,0.0016506846,0.0016553042,0.0006635486,3.3815,2.5305
2019-08-14,CTD3,4181698,695238,0.012969719,0.018927142,0.025809372,0.008992608,0.006637836,0.0017830641,0.0017156607,0.0006800428,4.3055,2.3705
2019-08-14,CTD4,4180266,698264,0.014342088,0.020698795,0.027197637,0.009932664,0.0068303226,0.0018940078,0.0019215259,0.0007918567,4.324,2.5515
2019-08-14,CTD5,4179450,700268,0.020446246,0.03004924,0.0386295,0.010986896,0.007822555,0.001970963,0.0019604918,0.00075968826,2.38,1.7225
2019-08-14,CTD6,4176009,695829,0.014032359,0.02086688,0.030517256,0.010839682,0.0076810922,0.0020854895,0.002030289,0.0008386181,3.604,3.01
2019-08-14,CTD7,4176724,690397,0.022821208,0.033194557,0.04529183,0.013597354,0.009757172,0.0023621735,0.002314492,0.00091016927,2.5005,4.99
2019-08-14,CTD8,4174178,693048,0.018759549,0.03053456,0.04692661,0.0154086165,0.010097237,0.002441274,0.0023966886,0.000953715,3.9275,9.1465
2019-08-14,CTD9,4171106,693183,0.019866353,0.028861025,0.04370409,0.022702396,0.017351607,0.004813216,0.004746421,0.0018919625,1.489,2.681
2019-08-14,CTD10,4170388,695646,0.013870571,0.020387115,0.029247927,0.009519299,0.0071410956,0.0018226417,0.0018516962,0.0007400515,2.699,2.4855
2019-08-14,CTD11,4169609,700351,0.01025309,0.014941023,0.023107791,0.008799479,0.0066867103,0.0017481669,0.0017149195,0.0006925512,3.183,2.587
2019-08-14,CTD12,4173438,695414,0.014186371,0.02140777,0.029910402,0.010733529,0.0070777847,0.0018210718,0.0017978016,0.0007259365,2.9655,2.8225
2019-09-18,CTD1,4187246,695025,0.01549701,0.02086688,0.03708863,0.020205611,0.02980708,0.008202085,0.008259295,0.0030950569,12.4245,12.997
2019-09-18,CTD2,4181518,693105,0.017189294,0.02369867,0.041422196,0.021290816,0.0288652,0.008230655,0.008194761,0.0030877064,9.657,7.842
2019-09-18,CTD3,4181698,695238,0.007041697,0.010104657,0.015797835,0.02075653,0.016016548,0.0036583028,0.003825443,0.0016355191,8.04,7.435
2019-09-18,CTD4,4180266,698264,0.009254632,0.01223911,0.02207816,0.012093589,0.01885926,0.005366967,0.00529272,0.0020001752,10.893,6.7675
2019-09-18,CTD5,4179450,700268,0.0,0.0,0.0,0.0,0.0,0.0,0.0,0.0,12.1725,2.44
2019-09-18,CTD6,4176009,695829,0.011448282,0.014820004,0.025598526,0.013557709,0.021391444,0.006043648,0.0059472146,0.0022290694,15.114,6.638
2019-09-18,CTD7,4176724,690397,0.012412438,0.016334234,0.028505893,0.015191356,0.024886632,0.0074908906,0.0075250166,0.0027977508,6.7115,5.8365
2019-09-18,CTD8,4174178,693048,0.013085112,0.01717453,0.03035959,0.016546777,0.023719225,0.006480285,0.0064440276,0.002410098,11.378,6.1715
2019-09-18,CTD9,4171106,693183,0.013757505,0.01860972,0.033088893,0.018161621,0.025895556,0.007322336,0.007297313,0.0027804486,23.173,12.275
2019-09-18,CTD10,4170388,695646,0.012253023,0.01611423,0.027735867,0.014231877,0.019664265,0.005864543,0.0057165883,0.002208863,20.218,7.0565
2019-09-18,CTD11,4169609,700351,0.013677982,0.018446712,0.031580582,0.015611838,0.019319693,0.005789724,0.0056886887,0.0022099218,19.575000000000003,7.2375
2019-09-18,CTD12,4173438,695414,0.015699206,0.020824738,0.03267702,0.016558798,0.019531652,0.006118915,0.00628902,0.002420505,13.139,6.593500000000001
2019-09-28,CTD1,4187246,695025,0.032849085,0.044398986,0.06291925,0.031332728,0.026112884,0.0072680092,0.0071417806,0.0027291635,2.753,9.824
2019-09-28,CTD2,4181518,693105,0.009790992,0.011400724,0.01452518,0.0053610597,0.0053219874,0.0014478791,0.0014557673,0.0005693256,2.986,2.642
2019-09-28,CTD3,4181698,695238,0.01445014,0.017221153,0.021487447,0.010349566,0.009001663,0.0027595889,0.002703883,0.0010909374,3.061,1.652
2019-09-28,CTD4,4180266,698264,0.011916195,0.014081093,0.015466692,0.0065914574,0.0045902235,0.0013099408,0.0013152054,0.000543798,3.98,1.142
2019-09-28,CTD6,4176009,695829,0.012215577,0.014991743,0.017379995,0.007940242,0.0065639587,0.0018964654,0.0019056747,0.0007780976,4.062,1.065
2019-09-28,CTD7,4176724,690397,0.012629757,0.015757676,0.020426031,0.009130444,0.007306203,0.0021064838,0.002113851,0.0008619062,3.598,3.603
2019-09-28,CTD8,4174178,693048,0.017802708,0.022378927,0.027591385,0.012877467,0.0101999445,0.0029268959,0.0029636084,0.0011800092,3.769,3.089
2019-09-28,CTD9,4171106,693183,0.020703642,0.027889308,0.041719697,0.027059082,0.022292253,0.0065781064,0.0066937003,0.0026903409,3.801,4.885
2019-09-28,CTD10,4170388,695646,0.011313213,0.01409063,0.018895136,0.0078241825,0.0059299385,0.0016769937,0.0016870074,0.000677571,4.41,3.785
2019-09-28,CTD11,4169609,700351,0.011956752,0.015388152,0.02064371,0.008940674,0.007221761,0.002051292,0.0020953785,0.00084565027,7.886,3.001
2019-09-28,CTD12,4173438,695414,0.01772413,0.020161409,0.024263008,0.011283356,0.010097237,0.003066374,0.0030617064,0.0012267893,4.418,2.155
2019-10-03,CTD1,4187246,695025,0.025551058,0.04017869,0.072787546,0.044237178,0.04229388,0.011707151,0.011949905,0.004541192,3.671,11.467
2019-10-03,CTD2,4181518,693105,0.007355871,0.010520546,0.016824309,0.0069023026,0.005463787,0.0014515443,0.0014532923,0.00059193367,5.237500000000001,2.295
2019-10-03,CTD3,4181698,695238,0.0058016735,0.008172805,0.012588403,0.0046194643,0.0037213292,0.00094761193,0.0009914861,0.00039473965,3.882,2.248
2019-10-03,CTD4,4180266,698264,0.0072062304,0.010412268,0.016302833,0.0077459686,0.0057442845,0.0015420157,0.0015734476,0.0006629462,3.0685,2.28
2019-10-03,CTD5,4179450,700268,0.004096149,0.0060355067,0.00963965,0.0027767383,0.0023071591,0.0005468693,0.0005569099,0.00022261265,2.1175,1.3325
2019-10-03,CTD6,4176009,695829,0.006286719,0.008608611,0.014230995,0.006315925,0.0060402094,0.0016755599,0.0016610197,0.0006815927,5.246,2.329
2019-10-03,CTD7,4176724,690397,0.0074502598,0.011076624,0.019211067,0.007377858,0.006627594,0.0016972082,0.0017455989,0.0006840806,7.443,4.99
2019-10-03,CTD8,4174178,693048,0.0052758893,0.0073949997,0.011935041,0.0047413823,0.0042591607,0.0010996688,0.0011161937,0.00044893537,5.3145,2.2205
2019-10-03,CTD9,4171106,693183,0.010395863,0.016754834,0.030894682,0.019234188,0.017161323,0.0051658414,0.0050504967,0.0020763995,4.256,3.368
2019-10-03,CTD10,4170388,695646,0.005000545,0.006872854,0.0108368555,0.004925426,0.0044611837,0.0011778411,0.0012080809,0.00049023377,6.401,2.4745
2019-10-03,CTD11,4169609,700351,0.006701449,0.009390303,0.014742664,0.0063897865,0.0054512965,0.0014291051,0.0014757357,0.000594329,4.8035,2.135
2019-10-03,CTD12,4173438,695414,0.0046459204,0.0063111396,0.010081823,0.0033324715,0.003307575,0.0008025652,0.0008436139,0.00032225967,5.271,2.2675
2019-11-27,CTD1,4187246,695025,0.01042045,0.014910675,0.0222246,0.0055076266,0.0045558717,0.0010718963,0.0010717062,0.0004128022,4.268,1.7585000000000002
2019-11-27,CTD2,4181518,693105,0.018015943,0.023897594,0.03656374,0.015950512,0.015575233,0.0043331,0.0042101117,0.0016433669,12.248,5.2055
2019-11-27,CTD3,4181698,695238,0.010000663,0.01479993,0.024103748,0.011103706,0.00963636,0.0026252605,0.00259908,0.0010402306,13.1375,4.98
2019-11-27,CTD4,4180266,698264,0.013328137,0.01878048,0.028823113,0.010417623,0.00928282,0.0024595885,0.0024019931,0.0009470438,12.08,4.5215
2019-11-27,CTD5,4179450,700268,0.011452166,0.016949032,0.019760191,0.0028860858,0.0021247661,0.0005189087,0.0004897253,0.00018961038,0.755,0.5575
2019-11-27,CTD6,4176009,695829,0.0097091,0.013649442,0.023430184,0.0132156545,0.013265561,0.0038746481,0.0037457878,0.0015303079,12.3545,5.525
2019-11-27,CTD7,4176724,690397,0.011648121,0.016284473,0.027429674,0.012356939,0.013041785,0.0036452948,0.003471366,0.001379721,10.7255,4.9545
2019-11-27,CTD8,4174178,693048,0.011138227,0.016054248,0.026253147,0.01276045,0.011417752,0.0031885337,0.0031560818,0.0012670489,10.3725,5.421
2019-11-27,CTD9,4171106,693183,0.013908468,0.021249842,0.03676127,0.018802278,0.016741784,0.004749385,0.004629054,0.0018766051,0.973,3.198
2019-11-27,CTD10,4170388,695646,0.016438857,0.02301838,0.03583973,0.018432677,0.017866282,0.0053693503,0.0052293763,0.0020883807,7.583500000000001,5.1755
2019-11-27,CTD11,4169609,700351,0.01116089,0.018303676,0.0332272,0.014669178,0.011107017,0.0029307886,0.0028572644,0.0011622631,9.7325,8.6605
2019-11-27,CTD12,4173438,695414,0.0107639255,0.015672434,0.02696742,0.013513244,0.013234831,0.0036664566,0.0036188776,0.0014368038,10.0975,5.258
2020-02-20,CTD1,4187246,695025,0.009657076,0.013709604,0.020732788,0.0072086384,0.0054846723,0.0014387609,0.0014053527,0.00057110854,2.1485000000000003,0.9095
2020-02-20,CTD2,4181518,693105,0.006753559,0.010178935,0.01452518,0.0031727084,0.0025332258,0.00056125905,0.00056504476,0.0002132471,4.2665,1.5034999999999998
2020-02-20,CTD3,4181698,695238,0.0065626157,0.009109349,0.014396295,0.0045133005,0.0034033908,0.0008476898,0.0008607858,0.00034211195,6.0195,1.882
2020-02-20,CTD4,4180266,698264,0.009007458,0.012177421,0.01991142,0.0061558723,0.004661538,0.00120083,0.0011876568,0.00048151324,5.532,2.04
2020-02-20,CTD5,4179450,700268,0.011459938,0.018112598,0.024064088,0.0042368053,0.0028932255,0.0006924394,0.0006636958,0.00025854624,2.235,1.6475
2020-02-20,CTD6,4176009,695829,0.0055695665,0.008320704,0.012522604,0.0035112328,0.0025463537,0.0006468764,0.00065575604,0.00026451057,5.4435,1.9105
2020-02-20,CTD7,4176724,690397,0.020377202,0.029416006,0.042954247,0.016904924,0.012737527,0.003370687,0.0033568502,0.0013243462,3.471,3.7425
2020-02-20,CTD8,4174178,693048,0.009761426,0.014694998,0.022917908,0.007470753,0.005952734,0.0015135307,0.0015341904,0.00060049945,4.2915,2.008
2020-02-20,CTD9,4171106,693183,0.014554044,0.021756215,0.037786674,0.022349663,0.017503899,0.0046738875,0.0047062756,0.0019074463,2.47,1.905
2020-02-20,CTD10,4170388,695646,0.008657268,0.013737462,0.021809699,0.006147233,0.004573012,0.0010723307,0.001077431,0.00042555705,3.1020000000000003,2.939
2020-02-20,CTD11,4169609,700351,0.012145169,0.01740889,0.02765451,0.009277225,0.0075745187,0.0018769002,0.0018792948,0.00073060853,3.4095,3.0825
2020-02-20,CTD12,4173438,695414,0.008449837,0.011806129,0.017835483,0.0047526495,0.003976398,0.0009360181,0.000963444,0.000363116,3.2385,1.639
2020-03-11,CTD1,4187246,695025,0.01659651,0.024170619,0.034462165,0.012370482,0.00876312,0.0022529932,0.0022550453,0.00090129767,3.6805,4.0215
2020-03-11,CTD2,4181518,693105,0.016461289,0.023738332,0.035296515,0.014299517,0.0106047,0.0028413371,0.0028534492,0.001121758,9.33,4.6995000000000005
2020-03-11,CTD3,4181698,695238,0.0091347145,0.013397903,0.021395214,0.0081544025,0.0065614264,0.0017287717,0.0017119579,0.000694766,8.2345,4.34
2020-03-11,CTD4,4180266,698264,0.012642662,0.018534312,0.027029222,0.008802663,0.006541207,0.0016296847,0.001635468,0.00064661464,7.057,3.915
2020-03-11,CTD5,4179450,700268,0.019519327,0.02766015,0.035049956,0.008542584,0.0057508857,0.0013941176,0.0013805814,0.0005349433,0.9375,1.905
2020-03-11,CTD6,4176009,695829,0.0112978835,0.016384147,0.027153224,0.012424804,0.011128627,0.0031603382,0.0030740292,0.0012532799,11.7605,5.2925
2020-03-11,CTD7,4176724,690397,0.014099531,0.022303922,0.0373122,0.01640318,0.012856413,0.0034266165,0.0033749118,0.0013414792,6.196,6.3855
2020-03-11,CTD8,4174178,693048,0.010462741,0.015529639,0.0258687,0.011395056,0.010120847,0.0027705908,0.0027207644,0.0011070186,8.2355,4.818
2020-03-11,CTD9,4171106,693183,0.017562004,0.02619865,0.03997388,0.021736633,0.014743496,0.003942557,0.00392433,0.0015861891,2.736,4.819
2020-03-11,CTD10,4170388,695646,0.009650594,0.014769873,0.024375081,0.009263779,0.007615782,0.0019864098,0.00195878,0.0007860315,4.343500000000001,4.261
2020-03-11,CTD11,4169609,700351,0.0128509905,0.019610908,0.032352902,0.015213502,0.012177673,0.0033857105,0.003301777,0.0013376521,4.2775,4.577
2020-03-11,CTD12,4173438,695414,0.0070439847,0.010867225,0.018339418,0.0060361456,0.004552452,0.001091207,0.0010898805,0.00043669014,4.7725,4.3615
2020-12-21,CTD1,4187246,695025,0.011309379,0.014729891,0.020412501,0.0069268704,0.006648094,0.0017746508,0.001725329,0.00068128237,0.692,0.4974999999999999
2020-12-21,CTD2,4181518,693105,0.009827259,0.01215693,0.012576038,0.0036994156,0.004240155,0.0010983278,0.001085861,0.000425009,1.0365,0.5680000000000001
2020-12-21,CTD3,4181698,695238,0.011537959,0.015477085,0.016531322,0.0030992806,0.0021842627,0.0005002841,0.0005019216,0.00019218451,1.075,0.5815
2020-12-21,CTD4,4180266,698264,0.016183047,0.020972595,0.026064534,0.006044611,0.005006341,0.0012087717,0.0011822437,0.00045540262,1.244,0.624
2020-12-21,CTD5,4179450,700268,0.03460567,0.04336863,0.047530226,0.011835884,0.008418871,0.002139799,0.0020499455,0.00079149124,0.9675,0.5225
2020-12-21,CTD6,4176009,695829,0.009715624,0.012371808,0.015698774,0.0043820087,0.0035486063,0.00091476814,0.00090825267,0.00036008924,1.432,0.742
2020-12-21,CTD7,4176724,690397,0.012128663,0.015103939,0.01754214,0.0047850125,0.0034732388,0.0008420928,0.00083238946,0.00031897624,0.892,0.7445
2020-12-21,CTD8,4174178,693048,0.0106265545,0.013352685,0.017682336,0.0053022136,0.0051546968,0.001354973,0.0013201953,0.000536844,1.2965,0.7645
2020-12-21,CTD9,4171106,693183,0.026917223,0.033528667,0.04224136,0.019996248,0.014868683,0.004081979,0.0039050493,0.0015725903,1.037,0.571
2020-12-21,CTD10,4170388,695646,0.0101362765,0.013316623,0.018302955,0.0049003055,0.0043752007,0.0010154635,0.00096929126,0.00040288092,1.4825,0.8734999999999999
2020-12-21,CTD11,4169609,700351,0.010385346,0.017533189,0.023592986,0.0050758147,0.0034707163,0.00085133483,0.000808562,0.00031962973,2.2935,1.3090000000000002
2020-12-21,CTD12,4173438,695414,0.009926903,0.012413585,0.017888807,0.0052967346,0.004573012,0.0011615225,0.0011532041,0.0004372555,1.194,0.7745
2021-01-05,CTD1,4187246,695025,0.007303221,0.0109073045,0.018175904,0.004658645,0.0048847147,0.0010841391,0.0010457303,0.00040065695,0.6575,0.5185
2021-01-05,CTD2,4181518,693105,0.0038819034,0.0054705464,0.006586479,0.0016545844,0.0012877155,0.00031155496,0.00031039532,0.00011915361,0.5115000000000001,0.493
2021-01-05,CTD3,4181698,695238,0.007401686,0.010485486,0.014067678,0.0034932848,0.00296261,0.00071250275,0.0007119449,0.0002758483,0.9325,0.733
2021-01-05,CTD4,4180266,698264,0.009174499,0.012813545,0.017865088,0.0044560498,0.0035654623,0.00086610107,0.0008436139,0.00033400234,0.474,0.73
2021-01-05,CTD5,4179450,700268,0.01865154,0.028794682,0.030448187,0.0034544123,0.0022916337,0.0006156004,0.000559335,0.00021688428,0.5375,0.525
2021-01-05,CTD6,4176009,695829,0.007578235,0.011589868,0.014850218,0.002888734,0.0025020482,0.00056025846,0.0005538969,0.00021316714,0.9235,1.039
2021-01-05,CTD7,4176724,690397,0.0075237933,0.010733564,0.016668871,0.0034721168,0.0026304973,0.0006124645,0.00060152344,0.00023929185,0.35,0.7324999999999999
2021-01-05,CTD8,4174178,693048,0.010666128,0.014966361,0.016975587,0.0039526997,0.0027000157,0.000707688,0.0007124892,0.00027042849,0.6735,0.881
2021-01-05,CTD9,4171106,693183,0.014371476,0.020046074,0.028515179,0.013351438,0.009279206,0.0025021522,0.0024009314,0.0009896859,0.352,1.411
2021-01-05,CTD10,4170388,695646,0.008992436,0.013995552,0.020912072,0.0050498117,0.0041852575,0.0009728573,0.0009572519,0.00037363183,1.048,1.9175
2021-01-05,CTD11,4169609,700351,0.002383957,0.0035059003,0.0045166104,0.0011619186,0.0008825636,0.00020657927,0.00020553204,8.0795486e-05,0.3984999999999999,1.5335
2021-01-05,CTD12,4173438,695414,0.0061754086,0.008922296,0.012637994,0.0027658443,0.0023157524,0.00052994624,0.0005241076,0.00020263379,0.392,1.4835
2021-04-20,CTD1,4187246,695025,0.007668277,0.010841802,0.016098881,0.0030074287,0.0028227617,0.0005998988,0.00063688104,0.00022800785,0.655,0.767
2021-04-20,CTD2,4181518,693105,0.010277318,0.013434192,0.013629729,0.002633779,0.0016639765,0.00043438294,0.00043073186,0.0001701011,0.8875,0.53
2021-04-20,CTD3,4181698,695238,0.012009691,0.014645295,0.017794121,0.0053666146,0.004441177,0.0011812331,0.0011724728,0.00045382508,0.8345,0.449
2021-04-20,CTD4,4180266,698264,0.017306773,0.023627436,0.025198221,0.0050967275,0.0035164454,0.00085299776,0.0008614675,0.00033593888,0.6045,0.402
2021-04-20,CTD5,4179450,700268,0.03741246,0.050571583,0.047213268,0.005890124,0.0035758805,0.00095328194,0.00088890793,0.00034697368,0.305,0.535
2021-04-20,CTD6,4176009,695829,0.008169105,0.010601662,0.010311336,0.0018431353,0.0011779246,0.00030437022,0.00029742354,0.000118594835,0.5745,0.404
2021-04-20,CTD7,4176724,690397,0.01280294,0.017748304,0.019957671,0.0035202487,0.002354507,0.0005897769,0.0005940442,0.00022879176,1.189,0.8345
2021-04-20,CTD8,4174178,693048,0.012286407,0.016880238,0.01754796,0.0028606423,0.00207408,0.00048749894,0.00049386424,0.00018899086,0.9705,0.676
2021-04-20,CTD9,4171106,693183,0.029924676,0.03831092,0.05225898,0.02297842,0.01753051,0.004954424,0.0049544494,0.0019313737,0.767,0.724
2021-04-20,CTD10,4170388,695646,0.007943031,0.010995298,0.011841962,0.0016731021,0.0011483959,0.00027902768,0.0002772378,0.00010563573,0.6635,0.4435
2021-04-20,CTD11,4169609,700351,0.01772413,0.025090547,0.02951513,0.00498973,0.003298046,0.00079947454,0.0008057193,0.0003096136,0.4669999999999999,0.504
2021-04-20,CTD12,4173438,695414,0.008885088,0.012083462,0.0146214245,0.0024623696,0.0019170602,0.00043351713,0.00044152894,0.0001659075,0.6365000000000001,0.4455
2021-05-20,CTD1,4187246,695025,0.01118739,0.015561258,0.021409377,0.007006131,0.00515274,0.0013703668,0.001415519,0.00056100363,0.4155,0.6505
2021-05-20,CTD2,4181518,693105,0.015512879,0.021164166,0.022707013,0.0066031246,0.0039822855,0.0011909858,0.0012065731,0.0004947696,0.6479999999999999,0.544
2021-05-20,CTD3,4181698,695238,0.017020332,0.02171967,0.02101619,0.005738044,0.003522851,0.0010101733,0.0010167455,0.00041262573,0.4795,0.534
2021-05-20,CTD4,4180266,698264,0.013296376,0.017551016,0.023107791,0.0056000734,0.004919931,0.0011389205,0.0011161937,0.00041795798,0.363,0.4555
2021-05-20,CTD5,4179450,700268,0.026466403,0.037804488,0.04075616,0.007139589,0.0045251967,0.0010797484,0.0011097767,0.0004355619,0.2375,0.6675
2021-05-20,CTD6,4176009,695829,0.015177829,0.019710517,0.019865273,0.004971017,0.0027678418,0.000832322,0.00083897065,0.000349435,0.3715,0.409
2021-05-20,CTD7,4176724,690397,0.016040197,0.025477637,0.038508117,0.013288224,0.008793868,0.0021831887,0.002226419,0.00089585216,2.721,1.458
2021-05-20,CTD8,4174178,693048,0.009001446,0.0119741345,0.015142692,0.0043615364,0.0043474897,0.0012473161,0.0012080809,0.00048702268,0.6685,0.6695
2021-05-20,CTD9,4171106,693183,0.02755627,0.0390812,0.050703723,0.024190009,0.015779348,0.004220688,0.004221435,0.0016864109,0.656,0.622
2021-05-20,CTD10,4170388,695646,0.012974138,0.017203655,0.018236294,0.0039604967,0.0027255744,0.0007018566,0.00070545246,0.00028331793,0.667,0.489
2021-05-20,CTD11,4169609,700351,0.0123576615,0.017467972,0.024877315,0.006836444,0.00588237,0.0013952878,0.0013414981,0.00053541776,0.525,0.6445000000000001
2021-05-20,CTD12,4173438,695414,0.018945187,0.024932247,0.027609408,0.00877089,0.005065504,0.0014448327,0.0014960067,0.00060838135,0.492,0.5255000000000001
2021-06-14,CTD1,4187246,695025,0.004890207,0.0071799364,0.012392107,0.0032688428,0.002973132,0.0007029125,0.00069743674,0.00027530044,0.3805,1.5855
2021-06-14,CTD2,4181518,693105,0.009893569,0.01333915,0.01258428,0.0020941691,0.0013549718,0.00035796218,0.00035181243,0.00014157467,0.436,0.473
2021-06-14,CTD3,4181698,695238,0.011018176,0.015513854,0.017495658,0.0038404258,0.0026442292,0.00068830315,0.0006856178,0.000275629,0.6125,1.657
2021-06-14,CTD4,4180266,698264,0.012864128,0.01849672,0.019281272,0.004910336,0.0030774912,0.0008294169,0.0008317347,0.00033844824,0.4575,7.8285
2021-06-14,CTD5,4179450,700268,0.015286966,0.02330544,0.029659187,0.0072215046,0.0044561727,0.0011581947,0.0011916112,0.00047214414,0.275,0.88
2021-06-14,CTD6,4176009,695829,0.010392357,0.014531626,0.015162735,0.0037734215,0.002478967,0.00066435337,0.0006604563,0.00026936003,0.4865,0.4485
2021-06-14,CTD7,4176724,690397,0.0110219065,0.017533189,0.024375081,0.005309529,0.003942735,0.00091008295,0.00094008195,0.00036925927,1.21,1.6545
2021-06-14,CTD8,4174178,693048,0.009348035,0.01409063,0.016575212,0.0036026738,0.002542845,0.0006560294,0.00065158494,0.0002620225,0.4675,0.4024999999999999
2021-06-14,CTD9,4171106,693183,0.010855323,0.017881038,0.0298329,0.009704289,0.007431903,0.0018242131,0.0018056198,0.000727268,0.6,0.75
2021-06-14,CTD10,4170388,695646,0.009373114,0.013910544,0.018013848,0.00374531,0.0027227204,0.0006819001,0.00068224844,0.0002679787,0.7835000000000001,0.65
2021-06-14,CTD11,4169609,700351,0.008179919,0.012451309,0.01766475,0.0038820757,0.0029271594,0.0006963445,0.00069929723,0.00028309145,0.7204999999999999,1.1585
2021-06-14,CTD12,4173438,695414,0.00968305,0.01408586,0.015652072,0.0033041216,0.0021023615,0.0005582639,0.0005542974,0.00022388274,0.7304999999999999,0.402
2021-08-13,CTD1,4187246,695025,0.007888254,0.0114467405,0.017582916,0.0067186733,0.005654873,0.0015026814,0.0015282971,0.0006100264,1.8115,1.9405
2021-08-13,CTD2,4181518,693105,0.0096928105,0.013695696,0.018461486,0.0069293324,0.0048552724,0.0013481934,0.0013517224,0.00055900676,3.1905,1.724
2021-08-13,CTD3,4181698,695238,0.012934424,0.017820584,0.023678694,0.0114869,0.008405782,0.002456346,0.002452463,0.00100325,2.9575,1.509
2021-08-13,CTD4,4180266,698264,0.011711564,0.016284473,0.020023929,0.008169093,0.005476308,0.0016130958,0.0016263466,0.0006732691,2.638,1.377
2021-08-13,CTD5,4179450,700268,0.012642662,0.017515378,0.023624118,0.007903244,0.005073193,0.0014995068,0.0015036874,0.0006332962,0.5525,0.57
2021-08-13,CTD6,4176009,695829,0.011374751,0.015325685,0.021630097,0.0115162805,0.008195969,0.002453108,0.0024775648,0.0010314584,4.5055,2.4075
2021-08-13,CTD7,4176724,690397,0.013273736,0.021299971,0.03374234,0.015213502,0.010600575,0.0027976772,0.0028018332,0.0011292049,5.9615,3.148
2021-08-13,CTD8,4174178,693048,0.0,0.0,0.0,0.0,0.0,0.0,0.0,0.0,6.051,2.7935
2021-08-13,CTD9,4171106,693183,0.010601452,0.015429938,0.0252065,0.012168885,0.010969688,0.0031715855,0.003190097,0.0012749009,4.393,2.172
2021-08-13,CTD10,4170388,695646,0.009168366,0.012210281,0.018528968,0.010012449,0.008110392,0.0024327051,0.0024297764,0.001002779,5.8765,2.08
2021-08-13,CTD11,4169609,700351,0.0079587605,0.010377596,0.014909226,0.0081544025,0.0069609806,0.0020973282,0.0020634641,0.0008595064,4.051,1.7065
2021-08-13,CTD12,4173438,695414,0.010312034,0.01509882,0.022100067,0.010233428,0.008266379,0.002351833,0.0023966886,0.0009672082,5.307,2.1715
2021-11-11,CTD1,4187246,695025,0.008413473,0.012359304,0.018876344,0.0044247755,0.0037254263,0.0008384945,0.0008376495,0.00032305362,1.342,0.7315
2021-11-11,CTD2,4181518,693105,0.007319927,0.010468003,0.013938437,0.003405207,0.0027543097,0.0006748145,0.0006714988,0.00025946094,1.665,0.6025
2021-11-11,CTD3,4181698,695238,0.006252684,0.009031634,0.011391892,0.001992653,0.0014680541,0.00034551873,0.00034207292,0.00013116974,1.443,0.6025
2021-11-11,CTD4,4180266,698264,0.008625657,0.0129221575,0.017316708,0.004167024,0.0031295866,0.00075535174,0.00075360184,0.00030155136,1.1415000000000002,0.619
2021-11-11,CTD5,4179450,700268,0.04296401,0.053850446,0.051793143,0.010489961,0.006591879,0.0017677991,0.001688464,0.0006674788,0.455,1.94
2021-11-11,CTD6,4176009,695829,0.0076456545,0.0121323895,0.01764133,0.004026189,0.0028993608,0.00067330786,0.0006562489,0.00025905392,1.6565,0.97
2021-11-11,CTD7,4176724,690397,0.014061107,0.022439102,0.036159955,0.010372201,0.0077952603,0.0018423897,0.0018150504,0.00069889985,3.09,2.3135
2021-11-11,CTD8,4174178,693048,0.01086267,0.017087452,0.027402807,0.008943911,0.006599515,0.0016082922,0.0016034411,0.0006344422,1.5355,1.1305
2021-11-11,CTD9,4171106,693183,0.017954769,0.025452225,0.03784635,0.015235678,0.013117664,0.0035507954,0.003501,0.0013738155,0.814,1.323
2021-11-11,CTD10,4170388,695646,0.010807694,0.01733238,0.022239296,0.004957458,0.0041821445,0.0009194816,0.00091261783,0.00034610985,1.7635,1.119
2021-11-11,CTD11,4169609,700351,0.006810535,0.010859955,0.015354518,0.003724694,0.0025710773,0.0006131348,0.0006021889,0.00023873911,1.067,0.7545
2021-11-11,CTD12,4173438,695414,0.0058958274,0.009340766,0.014767037,0.0030242135,0.0021989038,0.00051421614,0.0004949059,0.00019473175,1.467,0.9695
2021-11-26,CTD1,4187246,695025,0.007875274,0.011121253,0.01594499,0.0036318405,0.0030578072,0.00068830315,0.00068744033,0.0002558256,0.392,0.778
2021-11-26,CTD2,4181518,693105,0.004879783,0.006835817,0.00963965,0.001992653,0.0016593225,0.00042979122,0.00042410305,0.0001608381,0.887,0.466
2021-11-26,CTD3,4181698,695238,0.009837176,0.012684461,0.017276557,0.0035899305,0.0026598952,0.00066140085,0.00066294655,0.000253932,0.981,0.79
2021-11-26,CTD4,4180266,698264,0.0075981417,0.010291458,0.013620758,0.0029614142,0.002239791,0.0005306925,0.00052560505,0.00020773942,1.432,3.119
2021-11-26,CTD6,4176009,695829,0.0070761,0.010605205,0.014737794,0.0034810104,0.0029741866,0.0006653411,0.00064647675,0.0002556255,2.233,1.341
2021-11-26,CTD7,4176724,690397,0.03934561,0.057957545,0.08409954,0.03487052,0.02521604,0.006451779,0.0062806685,0.0024367818,1.86,0.0
2021-11-26,CTD8,4174178,693048,0.0070784,0.011316868,0.01594499,0.002760001,0.002067935,0.00046710423,0.000453765,0.000175241,2.483,0.087
2021-11-26,CTD9,4171106,693183,0.016188566,0.021895617,0.032561682,0.014642467,0.012507762,0.003435775,0.0033583518,0.0013414792,1.379,0.256
2021-11-26,CTD10,4170388,695646,0.014598804,0.020462885,0.024334997,0.005619553,0.004610971,0.0010508515,0.0010457303,0.00039810847,3.121,1.223
2021-11-26,CTD11,4169609,700351,0.011459938,0.017087452,0.01951281,0.0035749408,0.0029302672,0.00065095176,0.0006430984,0.00024681393,3.154,3.757
2021-11-26,CTD12,4173438,695414,0.008876206,0.013447827,0.019141115,0.0054601613,0.004755533,0.0011005639,0.0010818585,0.00041635,2.715,1.071
2021-12-01,CTD1,4187246,695025,0.0056717424,0.007817073,0.012510308,0.0028834403,0.003173592,0.00072663586,0.00073241926,0.00028106294,0.5740000000000001,0.737
2021-12-01,CTD2,4181518,693105,0.004917138,0.006203405,0.0067942133,0.0013750723,0.0011318518,0.0002660967,0.00026291318,9.98937e-05,0.7135,0.9825
2021-12-01,CTD3,4181698,695238,0.008805495,0.010626483,0.015243183,0.0048521566,0.004469549,0.0012504178,0.0012065731,0.00049542147,0.722,0.89
2021-12-01,CTD4,4180266,698264,0.0076909736,0.010947541,0.013544763,0.0029505023,0.002433567,0.00057612517,0.00056238484,0.0002166394,0.883,0.856
2021-12-01,CTD5,4179450,700268,0.020021707,0.026804788,0.02907732,0.006768872,0.0042846496,0.0011624752,0.001108407,0.00043312885,0.47,1.25
2021-12-01,CTD6,4176009,695829,0.009748316,0.015320491,0.02207816,0.004507234,0.0032921066,0.0007588189,0.0007375056,0.00028593818,1.8765,1.43
2021-12-01,CTD7,4176724,690397,0.012034207,0.019683907,0.029774893,0.006347144,0.0042496463,0.001020375,0.00094538514,0.00037631605,0.964,1.919
2021-12-01,CTD8,4174178,693048,0.009873626,0.015294548,0.021788072,0.004469532,0.003359338,0.00076376344,0.0007420623,0.000282075,1.2785,1.5795
2021-12-01,CTD9,4171106,693183,0.016613487,0.02209517,0.03399167,0.015509905,0.015133672,0.004325385,0.004144657,0.0016647476,0.998,1.867
2021-12-01,CTD10,4170388,695646,0.016377324,0.02426767,0.039179772,0.01258002,0.009175027,0.002209092,0.0021981772,0.00085433153,2.988,2.2705
2021-12-01,CTD11,4169609,700351,0.014128418,0.020407753,0.027251022,0.008799479,0.006240848,0.0015953333,0.0015401086,0.0006191628,0.883,1.3015
2021-12-01,CTD12,4173438,695414,0.009429811,0.014630418,0.018333336,0.0036577438,0.0024943259,0.0006014247,0.00057963806,0.0002297544,1.3704999999999998,1.4605
2022-02-24,CTD1,4187246,695025,0.004682516,0.006872854,0.012327406,0.0032167924,0.003247367,0.0007419536,0.0007600398,0.0002955199,0.5745,0.5549999999999999
2022-02-24,CTD2,4181518,693105,0.00474957,0.0069057276,0.009175261,0.0015916576,0.0012163359,0.00027713727,0.00027812403,0.00010630236,0.576,0.7919999999999999
2022-02-24,CTD3,4181698,695238,0.004547759,0.0067048077,0.009673596,0.0018185508,0.0014173285,0.0003306272,0.00033217692,0.00012590733,0.687,0.52
2022-02-24,CTD4,4180266,698264,0.0068769595,0.010104657,0.013697203,0.003367529,0.0024079566,0.0005857452,0.00059143186,0.00023590826,0.542,0.372
2022-02-24,CTD5,4179450,700268,0.02204435,0.030226722,0.034638695,0.00691949,0.0046879323,0.0012033053,0.0012025626,0.00047649033,0.145,0.7324999999999999
2022-02-24,CTD6,4176009,695829,0.00999057,0.015524376,0.023153586,0.004018238,0.0028718715,0.00067130534,0.000683542,0.00026555575,0.492,0.429
2022-02-24,CTD7,4176724,690397,0.035029046,0.054989334,0.0717958,0.01659491,0.009852606,0.002482412,0.0024062458,0.0009827465,1.2015,3.134
2022-02-24,CTD8,4174178,693048,0.011359334,0.018490462,0.024697995,0.0039449213,0.0028436868,0.0006675701,0.0006594634,0.0002550262,0.362,0.776
2022-02-24,CTD9,4171106,693183,0.013970275,0.022251561,0.039044645,0.017913762,0.015888417,0.004241423,0.0041838074,0.0016687379,0.34,1.247
2022-02-24,CTD10,4170388,695646,0.0097091,0.015907966,0.024064088,0.0052767,0.0039675855,0.00090793,0.0009100685,0.00035724114,0.4845,1.2445
2022-02-24,CTD11,4169609,700351,0.006076025,0.010108021,0.015756046,0.0036802948,0.0028658044,0.00067155523,0.00069399737,0.00026989362,0.493,0.613
2022-02-24,CTD12,4173438,695414,0.0073775332,0.0117744105,0.015855478,0.0029082496,0.0023713568,0.00051493454,0.000518724,0.00019936649,0.413,0.5165
2022-07-14,CTD1,4187246,695025,0.017960876,0.025861604,0.036137,0.012133393,0.010026733,0.0025533515,0.0025738317,0.0009971453,0.4115,0.625
2022-07-14,CTD2,4181518,693105,0.017736197,0.023033813,0.021701766,0.0053150235,0.0027600997,0.0008147553,0.000819087,0.00034154527,0.3235,0.6595
2022-07-14,CTD3,4181698,695238,0.014708797,0.019301938,0.021968942,0.004891965,0.0036968545,0.0008705215,0.00088186556,0.0003358001,0.477,0.439
2022-07-14,CTD4,4180266,698264,0.012908016,0.01715708,0.020664234,0.004085073,0.002634151,0.00066732196,0.0006714988,0.00026430216,0.31,0.4945
2022-07-14,CTD5,4179450,700268,0.028526096,0.04001497,0.04126769,0.007869257,0.0050520785,0.0011988537,0.0012080809,0.00047317482,0.245,0.5625
2022-07-14,CTD6,4176009,695829,0.01623832,0.022311412,0.024367059,0.0050463565,0.003423182,0.00085399736,0.0008601047,0.00033914918,0.6565000000000001,0.7929999999999999
2022-07-14,CTD7,4176724,690397,0.035197366,0.050208595,0.060792025,0.018849814,0.011574038,0.0029010803,0.0028957068,0.0011650174,0.7030000000000001,2.258
2022-07-14,CTD8,4174178,693048,0.020703642,0.028540058,0.034982976,0.010100243,0.006785592,0.001680584,0.001703842,0.0006919198,0.7444999999999999,1.0685
2022-07-14,CTD9,4171106,693183,0.019886551,0.026689623,0.041888643,0.019696606,0.018339306,0.0051201326,0.005016787,0.0019678306,0.511,0.873
2022-07-14,CTD10,4170388,695646,0.017603897,0.02425957,0.026958602,0.0076988917,0.0044495007,0.0012077758,0.001252744,0.0005197775,0.833,0.8425
2022-07-14,CTD11,4169609,700351,0.012824758,0.017041188,0.020739656,0.005247712,0.004439514,0.0010534027,0.0010620969,0.0003996353,0.872,0.724
2022-07-14,CTD12,4173438,695414,0.02016456,0.02848375,0.033173945,0.00886016,0.005955019,0.0015439793,0.0015540157,0.0005927309,0.6105,0.894
2022-07-29,CTD3,4181698,695238,0.014003671,0.018559415,0.020493815,0.00642141,0.0037226942,0.0010762505,0.0010993253,0.0004502984,0.585,0.65
2022-08-03,CTD1,4187246,695025,0.013143201,0.019243313,0.025632152,0.0077487477,0.006308474,0.0015764447,0.0015836031,0.00062252267,0.4525,0.449
2022-08-03,CTD2,4181518,693105,0.014405838,0.019262835,0.021983474,0.0055038123,0.0034581344,0.00091260223,0.00093256566,0.00037159424,0.4565,0.6054999999999999
2022-08-03,CTD3,4181698,695238,0.013210556,0.01742069,0.01917288,0.005588422,0.004059715,0.0010593833,0.0010712673,0.00042923144,0.5045,0.744
2022-08-03,CTD4,4180266,698264,0.017496366,0.02150885,0.025623742,0.008119259,0.005871104,0.0015244668,0.0015302587,0.00060892914,0.8614999999999999,0.6910000000000001
2022-08-03,CTD5,4179450,700268,0.026100243,0.035594814,0.03775091,0.0069244094,0.0041821445,0.0010806249,0.0010690757,0.00042173782,0.2299999999999999,0.5425
2022-08-03,CTD6,4176009,695829,0.014673709,0.019094273,0.023191815,0.007391052,0.005034874,0.0013302995,0.0013443296,0.0005377972,0.9125,0.884
2022-08-03,CTD7,4176724,690397,0.03021939,0.04454974,0.053803682,0.015059139,0.008584236,0.0022275161,0.00223231,0.00090298033,0.6515,2.629
2022-08-03,CTD8,4174178,693048,0.020048844,0.028278138,0.03776283,0.014041081,0.009246748,0.0024114214,0.0024492084,0.00097038574,1.7475,1.572
2022-08-03,CTD9,4171106,693183,0.02064773,0.028455634,0.04168079,0.019436108,0.019081026,0.0054244427,0.0053663678,0.0020813833,0.417,1.526
2022-08-03,CTD10,4170388,695646,0.013143201,0.018831367,0.024795655,0.006971333,0.005309846,0.001334191,0.0013386733,0.0005313998,0.7505,1.1365
2022-08-03,CTD11,4169609,700351,0.010122627,0.012948367,0.016679926,0.0051671523,0.0038993063,0.0010585266,0.0010238001,0.0004181371,1.14,0.85
2022-08-03,CTD12,4173438,695414,0.029993216,0.0390196,0.04728515,0.018201051,0.012036797,0.003182874,0.003249075,0.0012803664,0.8775,1.1005
2022-09-07,CTD1,4187246,695025,0.00877037,0.012079395,0.020609548,0.007997524,0.008363387,0.0021937026,0.0021101427,0.0008417357,3.141,3.368
2022-09-07,CTD2,4181518,693105,0.0067557404,0.01001763,0.014118794,0.00333564,0.0025115258,0.00059234095,0.00059754954,0.00023608963,1.2285,1.8505
2022-09-07,CTD3,4181698,695238,0.0091561135,0.013027324,0.016460253,0.0042551737,0.0030763939,0.00071708637,0.00073778944,0.0002892836,0.9595,1.317
2022-09-07,CTD4,4180266,698264,0.00586795,0.00876246,0.012219041,0.0033621883,0.0024986125,0.00059664523,0.0006035226,0.00023864715,0.5760000000000001,0.5735
2022-09-07,CTD5,4179450,700268,0.009906888,0.015582373,0.018169876,0.0027016143,0.0017870987,0.00044212944,0.0004392821,0.00016950222,0.305,0.5675
2022-09-07,CTD6,4176009,695829,0.010112403,0.0144923,0.019819232,0.005086259,0.00372406,0.00088047836,0.0008745411,0.00035074636,0.63,0.943
2022-09-07,CTD7,4176724,690397,0.05428955,0.08079514,0.10923742,0.047986694,0.028059172,0.0068318425,0.0068069166,0.0026318557,1.073,5.008
2022-09-07,CTD8,4174178,693048,0.02404611,0.038480986,0.056170627,0.019450108,0.012135243,0.0030057766,0.0029848292,0.001186737,1.286,2.44
2022-09-07,CTD9,4171106,693183,0.011305545,0.017064305,0.0300757,0.013817461,0.013373653,0.003715767,0.0035261537,0.0014211218,0.528,2.476
2022-09-07,CTD10,4170388,695646,0.007286558,0.010733564,0.016265066,0.0048936317,0.0036484497,0.00089973223,0.0008878474,0.00035903687,0.6255,0.8065
2022-09-07,CTD11,4169609,700351,0.007486925,0.011010037,0.016802013,0.0050584627,0.0041296156,0.0009873516,0.00097242655,0.00038727993,0.2425,0.2035
2022-09-07,CTD12,4173438,695414,0.01304505,0.019406587,0.027011551,0.0073253363,0.0049629314,0.0012062836,0.0012146394,0.00048025188,0.7150000000000001,1.2265
2022-09-27,CTD1,4187246,695025,0.00625468,0.008673769,0.014170105,0.0047623315,0.004665048,0.0011445236,0.0011342934,0.0004475771,0.59,0.73
2022-09-27,CTD2,4181518,693105,0.011340093,0.015582373,0.020257536,0.0068025663,0.004895806,0.0013115784,0.0013091352,0.0005276491,0.545,0.75
2022-09-27,CTD3,4181698,695238,0.008139451,0.012230866,0.013979843,0.0029815508,0.0019777692,0.00048118026,0.00048801376,0.00018885355,0.71,0.765
2022-09-27,CTD4,4180266,698264,0.008433032,0.011671943,0.016807584,0.0044605387,0.0034998532,0.000828773,0.0008597644,0.00033207898,0.445,0.705
2022-09-27,CTD5,4179450,700268,0.018823363,0.026233446,0.0322905,0.010133371,0.0070313644,0.0017414264,0.0017075258,0.0006791147,0.315,1.4175
2022-09-27,CTD6,4176009,695829,0.01019107,0.015124429,0.021373983,0.0065961215,0.005034874,0.0012324468,0.0012181874,0.00048468309,0.76,1.145
2022-09-27,CTD7,4176724,690397,0.023215184,0.038274556,0.063206986,0.026000831,0.018541498,0.0047578476,0.004723138,0.001873908,2.24,8.405
2022-09-27,CTD8,4174178,693048,0.014936377,0.024194848,0.040086642,0.016474828,0.011686946,0.0030419854,0.0030263904,0.0012209823,2.61,2.465
2022-09-27,CTD9,4171106,693183,0.015475878,0.024025718,0.040705305,0.023051992,0.019627348,0.005429259,0.005402359,0.0021524208,,
2022-09-27,CTD10,4170388,695646,0.017875541,0.027459899,0.041512553,0.01759251,0.012752329,0.0034038292,0.0033885227,0.0013517403,1.16,2.395
2022-09-27,CTD11,4169609,700351,0.009341776,0.013770037,0.020568628,0.006331513,0.004835143,0.0011759078,0.0012010626,0.0004725561,0.61,0.94
2022-09-27,CTD12,4173438,695414,0.019846173,0.029454628,0.042848006,0.013867973,0.0101603195,0.0025187281,0.0025308218,0.0010013673,1.425,2.2
2023-01-10,CTD1,4187246,695025,0.0044269734,0.005763349,0.008064581,0.0021371015,0.0019719766,0.00049717707,0.00049664814,0.00019688715,1.2574999999999998,0.7575000000000001
2023-01-10,CTD2,4181518,693105,0.0042544105,0.0056146556,0.008024476,0.0020255463,0.0017967802,0.00044914975,0.00044728752,0.000175241,1.124,0.5740000000000001
2023-01-10,CTD3,4181698,695238,0.0051933387,0.006936573,0.0063540237,0.001086308,0.00076066004,0.00018372461,0.00018122817,6.9651316e-05,1.3235,0.56
2023-01-10,CTD4,4180266,698264,0.008651511,0.01329863,0.01825445,0.0036259843,0.002756238,0.0006414124,0.0006337998,0.00024226644,1.391,0.6025
2023-01-10,CTD5,4179450,700268,0.020886337,0.031158548,0.036321003,0.0070813363,0.0047269403,0.0011826903,0.0011180349,0.00044199973,0.715,0.5549999999999999
2023-01-10,CTD6,4176009,695829,0.008126011,0.010940214,0.012667019,0.002979713,0.0020706633,0.0005277152,0.00052336085,0.00021086457,1.0590000000000002,0.6685
2023-01-10,CTD7,4176724,690397,0.032207686,0.047985606,0.06213296,0.016178261,0.009879493,0.0024541868,0.002368256,0.000935598,1.366,1.6389999999999998
2023-01-10,CTD8,4174178,693048,0.018219257,0.026373046,0.03546549,0.008275704,0.006264912,0.0014273027,0.0013753367,0.0005481651,1.5699999999999998,1.1165
2023-01-10,CTD9,4171106,693183,0.01622725,0.020796688,0.030487638,0.015504261,0.015226877,0.004179519,0.0041003604,0.001609121,0.549,0.556
2023-01-10,CTD10,4170388,695646,0.00573447,0.0068619368,0.010192585,0.0032626656,0.0030973228,0.0007699247,0.0007530198,0.00029984783,0.9065,0.72
2023-01-10,CTD11,4169609,700351,0.011600776,0.018285098,0.021708945,0.004580667,0.003109515,0.0007899832,0.0007626923,0.00030228499,0.6595,0.55
2023-01-10,CTD12,4173438,695414,0.0064746654,0.008808629,0.011900045,0.0026750148,0.0020891966,0.00052697415,0.0005167001,0.00020293416,1.017,0.7484999999999999
2023-03-01,CTD1,4187246,695025,0.0044296137,0.005909445,0.01037797,0.002401496,0.002727479,0.00062627374,0.0006496332,0.00023993869,0.451,0.7415
2023-03-01,CTD2,4181518,693105,0.007610613,0.010892712,0.014781681,0.0023479825,0.0019509174,0.00043337306,0.0004400294,0.00016280734,0.416,0.4629999999999999
2023-03-01,CTD3,4181698,695238,0.010119217,0.014423739,0.016735308,0.0029171754,0.0023235984,0.00051493454,0.0005196472,0.00019551857,0.5085,0.522
2023-03-01,CTD4,4180266,698264,0.033061747,0.040406294,0.047936123,0.016078604,0.012272475,0.0032428175,0.0032577987,0.0012610431,0.494,1.045
2023-03-01,CTD5,4179450,700268,0.042594496,0.05848049,0.06853304,0.020823564,0.011948393,0.0029700121,0.0029229335,0.0011420922,0.35,5.574999999999999
2023-03-01,CTD6,4176009,695829,0.012128663,0.016590942,0.017835483,0.0029037998,0.0020469406,0.0004954615,0.00048478256,0.00018633585,0.2165,0.762
2023-03-01,CTD7,4176724,690397,0.033913292,0.050238766,0.053819627,0.00658214,0.0040088994,0.001091207,0.0009716417,0.00038859405,0.193,0.7325
2023-03-01,CTD8,4174178,693048,0.044644892,0.06048541,0.07130349,0.019227259,0.012018133,0.0029255995,0.0028815498,0.0011138364,0.317,1.2085
2023-03-01,CTD9,4171106,693183,0.021800704,0.028861025,0.03964964,0.01764993,0.015545425,0.0043350304,0.0041819345,0.0016457286,0.139,0.0
2023-03-01,CTD10,4170388,695646,0.019302104,0.028110905,0.028720131,0.004183647,0.002717023,0.00069791405,0.0006674577,0.0002599708,0.1584999999999999,1.5415
2023-03-01,CTD11,4169609,700351,0.018626211,0.02739646,0.034816016,0.009764415,0.0066250362,0.0016048708,0.0015890487,0.00062224193,0.1694999999999999,3.5425
2023-03-01,CTD12,4173438,695414,0.012616866,0.017533189,0.020946722,0.0041615004,0.0028376896,0.00071035797,0.00069611147,0.00027399094,0.1585,0.9125
2023-03-16,CTD1,4187246,695025,0.004890207,0.0071799364,0.012392107,0.0032688428,0.002973132,0.0007029125,0.00069743674,0.00027530044,0.473,0.595
2023-03-16,CTD2,4181518,693105,0.009893569,0.01333915,0.01258428,0.0020941691,0.0013549718,0.00035796218,0.00035181243,0.00014157467,0.47,0.778
2023-03-16,CTD3,4181698,695238,0.011018176,0.015513854,0.017495658,0.0038404258,0.0026442292,0.00068830315,0.0006856178,0.000275629,0.4095,0.6695
2023-03-16,CTD4,4180266,698264,0.012864128,0.01849672,0.019281272,0.004910336,0.0030774912,0.0008294169,0.0008317347,0.00033844824,0.3575,0.615
2023-03-16,CTD5,4179450,700268,0.015286966,0.02330544,0.029659187,0.0072215046,0.0044561727,0.0011581947,0.0011916112,0.00047214414,0.1425,0.4525
2023-03-16,CTD6,4176009,695829,0.010392357,0.014531626,0.015162735,0.0037734215,0.002478967,0.00066435337,0.0006604563,0.00026936003,0.3115,0.6095
2023-03-16,CTD7,4176724,690397,0.0110219065,0.017533189,0.024375081,0.005309529,0.003942735,0.00091008295,0.00094008195,0.00036925927,0.4614999999999999,2.0165
2023-03-16,CTD8,4174178,693048,0.009348035,0.01409063,0.016575212,0.0036026738,0.002542845,0.0006560294,0.00065158494,0.0002620225,0.2744999999999999,0.884
2023-03-16,CTD9,4171106,693183,0.010855323,0.017881038,0.0298329,0.009704289,0.007431903,0.0018242131,0.0018056198,0.000727268,0.18,1.55
2023-03-16,CTD10,4170388,695646,0.009373114,0.013910544,0.018013848,0.00374531,0.0027227204,0.0006819001,0.00068224844,0.0002679787,0.2654999999999999,0.671
2023-03-16,CTD11,4169609,700351,0.008179919,0.012451309,0.01766475,0.0038820757,0.0029271594,0.0006963445,0.00069929723,0.00028309145,0.2279999999999999,0.6295
2023-03-16,CTD12,4173438,695414,0.00968305,0.01408586,0.015652072,0.0033041216,0.0021023615,0.0005582639,0.0005542974,0.00022388274,0.2755,0.7045
2023-04-20,CTD1,4187246,695025,0.0049639405,0.006681495,0.011193815,0.0033282528,0.0037749894,0.00095708383,0.0009472876,0.00036464055,0.4205,0.4135
2023-04-20,CTD2,4181518,693105,0.008974448,0.011933906,0.014781681,0.0037126308,0.0028317072,0.00070902146,0.0007035723,0.00028559475,0.3345,0.4515
2023-04-20,CTD3,4181698,695238,0.010194505,0.014316668,0.015207933,0.0027162659,0.0017551172,0.00042751912,0.00042553278,0.00017130708,0.3515,0.472
2023-04-20,CTD4,4180266,698264,0.026466403,0.037279986,0.041409303,0.010248338,0.006291495,0.0016151592,0.001684098,0.00066505716,0.3135,0.421
2023-04-20,CTD5,4179450,700268,0.046349134,0.06466191,0.072907194,0.019471122,0.011497869,0.0029385902,0.00293861,0.0011986073,0.2975,3.8175
2023-04-20,CTD6,4176009,695829,0.010544311,0.014409091,0.019204697,0.0061299955,0.0044745766,0.0011478066,0.0011522501,0.00046743566,0.5365,0.5745
2023-04-20,CTD7,4176724,690397,0.051704485,0.07317731,0.083880134,0.013627163,0.008135653,0.0019743845,0.0018565346,0.0007403912,0.297,1.2045
2023-04-20,CTD8,4174178,693048,0.051888205,0.07455307,0.089933395,0.024318576,0.014105126,0.003513069,0.003513554,0.0014443668,1.085,2.1255
2023-04-20,CTD9,4171106,693183,0.021955458,0.029774994,0.043167386,0.021962738,0.016406732,0.0045506824,0.004490374,0.0017973668,0.239,1.734
2023-04-20,CTD10,4170388,695646,0.00879963,0.012317719,0.01696996,0.003934578,0.0026766032,0.0006523976,0.00068302423,0.00026968002,0.463,0.8069999999999999
2023-04-20,CTD11,4169609,700351,0.015417909,0.022132311,0.026365198,0.005271251,0.0039573316,0.0009271558,0.0009511057,0.0003700357,0.3445,1.065
2023-04-20,CTD12,4173438,695414,0.010441573,0.01479993,0.016685456,0.004060861,0.0026617455,0.00069114356,0.00070599077,0.00028275215,0.463,0.746
2023-05-25,CTD1,4187246,695025,0.010020881,0.013784022,0.019416004,0.00672582,0.0055035427,0.0014533809,0.0014300104,0.0005615041,0.321,0.49
2023-05-25,CTD2,4181518,693105,0.015245298,0.019683907,0.0193389,0.0049069896,0.003075297,0.00087222864,0.0008580652,0.00034740655,0.263,0.4815
2023-05-25,CTD3,4181698,695238,0.015460047,0.021285636,0.0211418,0.0056156507,0.0038863828,0.0010240768,0.0010184003,0.00040737184,0.29,0.4415
2023-05-25,CTD4,4180266,698264,0.017579947,0.026103182,0.029601488,0.007412215,0.004649277,0.0012157696,0.0012469956,0.0005048724,0.3055,0.628
2023-05-25,CTD5,4179450,700268,0.02086518,0.029522328,0.032228205,0.0071066,0.0043086987,0.001091207,0.0011300872,0.00044777084,0.205,0.7825
2023-05-25,CTD6,4176009,695829,0.016835772,0.02261295,0.021932652,0.005883955,0.0035486063,0.0009857726,0.0009926916,0.00040253784,0.3785,0.551
2023-05-25,CTD7,4176724,690397,0.022859558,0.03489429,0.04239892,0.006829169,0.0045575825,0.001037783,0.0010453035,0.0004082421,0.2794999999999999,1.5535
2023-05-25,CTD8,4174178,693048,0.021299368,0.032440197,0.03740668,0.008296606,0.0052997507,0.0012792585,0.0013307992,0.0005281163,0.3825,1.477
2023-05-25,CTD9,4171106,693183,0.016194087,0.02364325,0.03355909,0.014669178,0.00978761,0.0026838367,0.0027074914,0.0011044081,0.542,1.62
2023-05-25,CTD10,4170388,695646,0.016416455,0.02431633,0.029020652,0.007203499,0.0047627105,0.00120083,0.0012548417,0.0004997921,1.0155,1.3985
2023-05-25,CTD11,4169609,700351,0.014784269,0.022162067,0.030398939,0.007771017,0.00566353,0.0013566738,0.001358587,0.0005445231,0.7090000000000001,2.4130000000000003
2023-05-25,CTD12,4173438,695414,0.019545816,0.029833572,0.03547678,0.010444215,0.0066250362,0.0016457583,0.0017320571,0.00069921894,0.995,1.2565
