Date,Buoy,Latitude,Longitude,rtoa_B1,rtoa_B2,rtoa_B3,rtoa_B4,rtoa_B5,rtoa_B6,rtoa_B7,rtoa_B8,rtoa_B8A,rtoa_B9,rtoa_B10,rtoa_B11,rtoa_B12,Chl,Turbidez
2016-08-09,CTD1,4187246,695025,0.1166,0.0873,0.0713,0.0425,0.0373,0.0259,0.024,0.0213,0.0194,0.0065,0.0005,0.0089,0.0075,10.09,6.695
2016-08-09,CTD2,4181518,693105,0.1218,0.0929,0.0692,0.0473,0.0417,0.0341,0.0324,0.0278,0.0278,0.0088,0.0007,0.0182,0.0145,11.205,4.53
2016-08-09,CTD3,4181698,695238,0.1208,0.0923,0.0692,0.0474,0.0416,0.034,0.0333,0.0294,0.0293,0.0088,0.0007,0.0188,0.0145,12.075,3.76
2016-08-09,CTD4,4180266,698264,0.1283,0.0901,0.066,0.0422,0.042,0.0314,0.0309,0.0277,0.0273,0.0107,0.0005,0.0195,0.0145,8.84,3.37
2016-08-09,CTD5,4179450,700268,0.1245,0.0989,0.0729,0.0379,0.0339,0.032,0.0293,0.028,0.0263,0.0082,0.0007,0.0167,0.0137,0.2525,0.1225
2016-08-09,CTD6,4176009,695829,0.1171,0.0884,0.0658,0.0413,0.0349,0.028,0.0262,0.0243,0.0223,0.0067,0.0006,0.0129,0.0096,12.15,4.595
2016-08-09,CTD7,4176724,690397,0.1219,0.0958,0.075,0.0522,0.0456,0.0357,0.0364,0.0315,0.0308,0.0088,0.0007,0.0199,0.0155,13.535,5.76
2016-08-09,CTD8,4174178,693048,0.1178,0.0893,0.0706,0.0414,0.0333,0.0248,0.0238,0.0221,0.0195,0.0069,0.0005,0.01,0.0081,14.34,6.02
2016-08-09,CTD9,4171106,693183,0.123,0.0966,0.0838,0.0565,0.049,0.0373,0.0354,0.0302,0.0315,0.0093,0.0005,0.0215,0.0168,3.66,6.2
2016-08-09,CTD10,4170388,695646,0.1199,0.0915,0.0745,0.0488,0.0402,0.0324,0.0326,0.0281,0.0266,0.0084,0.0006,0.0167,0.0131,14.125,4.015
2016-08-09,CTD11,4169609,700351,0.1245,0.0924,0.0732,0.0491,0.0401,0.0323,0.0318,0.0273,0.0287,0.0093,0.0005,0.0185,0.0147,9.89,3.485
2016-08-09,CTD12,4173438,695414,0.1192,0.0916,0.0733,0.0462,0.0387,0.0309,0.0297,0.0263,0.0256,0.0077,0.0005,0.0151,0.0121,10.205,4.04
2016-09-08,CTD1,4187246,695025,0.1222,0.0914,0.074,0.0501,0.0442,0.0353,0.0343,0.0281,0.0293,0.0086,0.0007,0.017,0.0124,21.69,4.885
2016-09-08,CTD2,4181518,693105,0.1193,0.0897,0.069,0.0441,0.0371,0.0301,0.0287,0.0241,0.0246,0.0079,0.0007,0.0125,0.0086,16.57,3.945
2016-09-08,CTD3,4181698,695238,0.1182,0.0868,0.0658,0.0404,0.0343,0.0284,0.0249,0.0226,0.0221,0.0072,0.0005,0.0097,0.007,12.705,3.62
2016-09-08,CTD4,4180266,698264,0.1196,0.0907,0.0686,0.0456,0.0378,0.0302,0.0305,0.0254,0.0252,0.0075,0.0005,0.0146,0.011,16.045,3.09
2016-09-08,CTD5,4179450,700268,0.1238,0.0954,0.0724,0.0413,0.0353,0.0324,0.0309,0.0269,0.0265,0.0081,0.0006,0.0165,0.012,0.905,0.0725
2016-09-08,CTD6,4176009,695829,0.1162,0.086,0.0642,0.04,0.0333,0.0272,0.025,0.0216,0.0208,0.0073,0.0007,0.0094,0.0072,14.045,4.205
2016-09-08,CTD7,4176724,690397,0.1202,0.0904,0.0701,0.0448,0.0376,0.0313,0.0301,0.0248,0.0249,0.0072,0.0005,0.0122,0.0083,17.195,4.295
2016-09-08,CTD9,4171106,693183,0.1213,0.0943,0.0793,0.0544,0.0464,0.0354,0.035,0.03,0.0299,0.0083,0.0005,0.0177,0.0121,3.8,5.55
2016-09-08,CTD10,4170388,695646,0.1201,0.0906,0.0748,0.0475,0.0424,0.0324,0.0312,0.0265,0.0261,0.008,0.0005,0.0132,0.0096,16.6,4.565
2016-09-08,CTD11,4169609,700351,0.1194,0.09,0.0715,0.0457,0.0402,0.0326,0.0312,0.0259,0.0276,0.0085,0.0006,0.0156,0.0116,14.81,4.155
2016-09-08,CTD12,4173438,695414,0.1188,0.0895,0.069,0.0434,0.0373,0.0304,0.0291,0.0241,0.0245,0.0078,0.0006,0.0125,0.0101,14.525,3.88
2017-06-30,CTD1,4187246,695025,0.1269,0.105,0.0837,0.0479,0.0389,0.0319,0.0305,0.0285,0.0252,0.0102,0.0011,0.0168,0.0123,0.8394999999999999,2.0765
2017-06-30,CTD2,4181518,693105,0.1399,0.1215,0.1009,0.0726,0.063,0.0601,0.0574,0.0557,0.0536,0.0197,0.0011,0.0438,0.0357,0.5205,1.2065
2017-06-30,CTD3,4181698,695238,0.1405,0.1189,0.0961,0.0712,0.0671,0.0623,0.0638,0.0637,0.0604,0.021,0.001,0.0492,0.0401,0.9285,0.841
2017-06-30,CTD4,4180266,698264,0.1411,0.1198,0.1006,0.0718,0.0664,0.0602,0.0595,0.0645,0.0547,0.02,0.001,0.0457,0.0368,0.8995,1.456
2017-06-30,CTD5,4179450,700268,0.1329,0.117,0.0921,0.0578,0.0519,0.0481,0.0497,0.0457,0.0427,0.0149,0.0008,0.0344,0.0272,0.2225,0.3
2017-06-30,CTD6,4176009,695829,0.148,0.126,0.1066,0.0823,0.0736,0.0675,0.0707,0.0705,0.0685,0.0239,0.0008,0.0536,0.0455,0.8545,2.1245
2017-06-30,CTD7,4176724,690397,0.1512,0.1377,0.1213,0.0867,0.0766,0.0707,0.0724,0.0715,0.0666,0.0242,0.001,0.0548,0.0451,0.7835,3.12
2017-06-30,CTD8,4174178,693048,0.1499,0.1304,0.1118,0.0846,0.0778,0.072,0.0717,0.0681,0.0693,0.0245,0.0011,0.057,0.0468,0.5735,1.825
2017-06-30,CTD9,4171106,693183,0.1552,0.1379,0.1287,0.0985,0.0891,0.0758,0.0769,0.0705,0.0711,0.0246,0.001,0.0582,0.0478,0.4625,6.8325000000000005
2017-06-30,CTD10,4170388,695646,0.149,0.1264,0.1053,0.0794,0.0774,0.0734,0.073,0.0672,0.0692,0.0245,0.0008,0.0576,0.0473,0.5325,2.2
2017-06-30,CTD11,4169609,700351,0.1653,0.1393,0.1207,0.097,0.094,0.0912,0.0933,0.0825,0.0918,0.0325,0.0012,0.0768,0.0657,0.8555,0.841
2017-06-30,CTD12,4173438,695414,0.1496,0.1278,0.1068,0.0835,0.0783,0.071,0.0729,0.0678,0.0689,0.0244,0.0009,0.0576,0.0482,0.829,2.6105
2018-02-20,CTD1,4187246,695025,0.1509,0.1153,0.0972,0.0771,0.0775,0.0775,0.0829,0.0722,0.0836,0.0411,0.0133,0.0853,0.0841,2.7805,3.3875
2018-02-20,CTD2,4181518,693105,0.1416,0.1109,0.0865,0.0594,0.056,0.0547,0.0551,0.0522,0.0527,0.0259,0.0107,0.0499,0.0438,3.125,7.087000000000001
2018-02-20,CTD3,4181698,695238,0.1296,0.1007,0.0768,0.0412,0.0349,0.031,0.029,0.0268,0.0217,0.0088,0.0035,0.0131,0.0086,1.4395,8.2785
2018-02-20,CTD4,4180266,698264,0.1226,0.0902,0.0663,0.0328,0.026,0.0209,0.0189,0.016,0.0153,0.0049,0.0007,0.004,0.002,1.354,2.146
2018-02-20,CTD5,4179450,700268,0.1265,0.0968,0.0721,0.0278,0.0216,0.0181,0.016,0.0124,0.0112,0.005,0.0006,0.0027,0.0016,0.185,0.62
2018-02-20,CTD6,4176009,695829,0.1225,0.0904,0.0688,0.032,0.026,0.0201,0.0186,0.0144,0.0136,0.0049,0.0007,0.0035,0.0025,4.686,3.4205
2018-02-20,CTD7,4176724,690397,0.129,0.0952,0.0745,0.0395,0.0348,0.0316,0.0286,0.0226,0.0244,0.01,0.0027,0.0166,0.0117,1.3255,2.2245
2018-02-20,CTD8,4174178,693048,0.1271,0.0937,0.0727,0.0365,0.031,0.0259,0.0224,0.0208,0.0191,0.0091,0.0029,0.0095,0.0069,1.1960000000000002,7.736499999999999
2018-02-20,CTD9,4171106,693183,0.1278,0.1017,0.0878,0.0489,0.0387,0.0245,0.0228,0.0178,0.0174,0.0061,0.0006,0.0055,0.0032,0.6809999999999999,11.009
2018-02-20,CTD10,4170388,695646,0.1222,0.0894,0.0698,0.0329,0.0274,0.0198,0.0196,0.0151,0.0146,0.0051,0.0005,0.0033,0.0031,2.9925,3.644
2018-02-20,CTD11,4169609,700351,0.1196,0.0884,0.0695,0.0332,0.0267,0.0205,0.0177,0.0155,0.0129,0.0059,0.0009,0.0039,0.0026,3.0385,2.0995
2018-02-20,CTD12,4173438,695414,0.1241,0.0903,0.0673,0.0315,0.0278,0.0222,0.019,0.0143,0.0151,0.0057,0.0006,0.0045,0.0033,3.8175,3.3525
2018-03-07,CTD1,4187246,695025,0.128,0.0993,0.0828,0.0409,0.0314,0.0229,0.0208,0.0158,0.0154,0.0077,0.0008,0.0055,0.0028,2.5155,5.8615
2018-03-07,CTD2,4181518,693105,0.1211,0.09,0.0703,0.0339,0.0289,0.0225,0.0212,0.0177,0.0146,0.0082,0.0008,0.0053,0.0033,2.45,4.1355
2018-03-07,CTD3,4181698,695238,0.1214,0.0904,0.0729,0.0347,0.0294,0.021,0.0201,0.017,0.0144,0.0069,0.0006,0.0044,0.0033,1.3785,4.6205
2018-03-07,CTD4,4180266,698264,0.1229,0.0947,0.0794,0.0377,0.0297,0.0224,0.021,0.016,0.0154,0.0075,0.0008,0.0049,0.0037,1.527,4.0105
2018-03-07,CTD5,4179450,700268,0.1185,0.0903,0.0669,0.0264,0.0209,0.0171,0.0159,0.0125,0.0118,0.0058,0.0008,0.0034,0.0024,0.625,0.6575
2018-03-07,CTD6,4176009,695829,0.117,0.0847,0.064,0.0307,0.0249,0.019,0.0174,0.0144,0.0127,0.0059,0.0006,0.0031,0.0018,2.585,3.1075
2018-03-07,CTD7,4176724,690397,0.1198,0.0887,0.0698,0.0327,0.0253,0.021,0.0186,0.015,0.0125,0.007,0.0008,0.0034,0.0009,1.3575,3.275
2018-03-07,CTD8,4174178,693048,0.12,0.0906,0.0716,0.0329,0.0265,0.0215,0.0191,0.0153,0.0136,0.007,0.0007,0.0041,0.0026,1.5915,3.0415
2018-03-07,CTD9,4171106,693183,0.1194,0.0936,0.0757,0.039,0.0299,0.0194,0.0176,0.0132,0.0122,0.0065,0.0009,0.0027,0.0025,0.509,1.3235
2018-03-07,CTD10,4170388,695646,0.1165,0.0845,0.064,0.03,0.0239,0.0191,0.0168,0.0127,0.0114,0.006,0.0007,0.0025,0.0015,2.221,1.36
2018-03-07,CTD11,4169609,700351,0.1168,0.0873,0.0681,0.0308,0.0247,0.0184,0.0158,0.0134,0.0117,0.0057,0.0006,0.0029,0.0018,1.282,1.935
2018-03-07,CTD12,4173438,695414,0.1188,0.0847,0.0643,0.0294,0.0249,0.0183,0.0172,0.0135,0.0119,0.008,0.0009,0.0036,0.0028,1.972,1.6795
2018-05-16,CTD1,4187246,695025,0.1288,0.106,0.0853,0.0512,0.0459,0.0391,0.039,0.035,0.0322,0.0104,0.0008,0.0235,0.0181,1.205,0.062
2018-05-16,CTD2,4181518,693105,0.1333,0.1078,0.0878,0.0574,0.0504,0.0474,0.0483,0.0449,0.0431,0.014,0.001,0.0331,0.0268,1.34,1.7675
2018-05-16,CTD3,4181698,695238,0.1313,0.1057,0.086,0.0576,0.0514,0.0488,0.0483,0.0447,0.0437,0.014,0.001,0.034,0.0271,1.6005,1.627
2018-05-16,CTD4,4180266,698264,0.128,0.105,0.0837,0.0551,0.0482,0.044,0.044,0.0414,0.04,0.0128,0.0009,0.0304,0.0243,1.1265,3.498
2018-05-16,CTD5,4179450,700268,0.1323,0.111,0.092,0.0549,0.0486,0.0469,0.0449,0.0419,0.0424,0.0135,0.0008,0.033,0.0265,0.4024999999999999,0.4575
2018-05-16,CTD6,4176009,695829,0.1353,0.1152,0.0913,0.064,0.0542,0.0507,0.0517,0.0517,0.0486,0.0149,0.001,0.0368,0.0302,0.5115000000000001,13.3835
2018-05-16,CTD7,4176724,690397,0.1388,0.119,0.1072,0.0654,0.057,0.0505,0.0495,0.0464,0.0448,0.0145,0.0009,0.0335,0.026,1.8755,3.794000000000001
2018-05-16,CTD8,4174178,693048,0.1363,0.1168,0.097,0.0645,0.0572,0.0532,0.0529,0.05,0.0487,0.015,0.0008,0.0384,0.0313,0.526,2.383
2018-05-16,CTD9,4171106,693183,0.1405,0.124,0.1129,0.0866,0.0729,0.0559,0.0563,0.0527,0.0521,0.0153,0.0008,0.0387,0.0315,0.4575,2.0275
2018-05-16,CTD10,4170388,695646,0.1359,0.1134,0.0954,0.0656,0.0583,0.0549,0.0516,0.0507,0.0501,0.0156,0.0006,0.0392,0.032,0.7715,2.5575
2018-05-16,CTD11,4169609,700351,0.1395,0.1126,0.0949,0.0642,0.0565,0.0528,0.0542,0.0445,0.0516,0.0161,0.0008,0.0397,0.0328,0.8875,2.157
2018-05-16,CTD12,4173438,695414,0.1388,0.1178,0.0943,0.0654,0.058,0.0544,0.0547,0.0537,0.0495,0.0161,0.0007,0.04,0.0334,0.3275,6.1045
2018-06-20,CTD1,4187246,695025,0.1414,0.1209,0.0996,0.0768,0.0675,0.0617,0.0618,0.0593,0.0562,0.0135,0.0008,0.0455,0.0352,0.8314999999999999,2.5785
2018-06-20,CTD2,4181518,693105,0.1438,0.1204,0.1003,0.071,0.0649,0.0625,0.0632,0.0556,0.0595,0.014,0.0008,0.0466,0.0368,0.5265,14.814
2018-06-20,CTD3,4181698,695238,0.1441,0.1223,0.1,0.073,0.0687,0.065,0.0659,0.0584,0.0632,0.015,0.0006,0.05,0.0405,0.756,10.907
2018-06-20,CTD4,4180266,698264,0.1328,0.1068,0.0831,0.0541,0.0514,0.0475,0.047,0.0439,0.043,0.0105,0.0006,0.0321,0.0264,0.427,2.886
2018-06-20,CTD5,4179450,700268,0.1387,0.1227,0.1022,0.0644,0.0573,0.0565,0.0549,0.0536,0.0512,0.0114,0.0006,0.041,0.0319,0.2774999999999999,0.365
2018-06-20,CTD6,4176009,695829,0.1427,0.1213,0.0992,0.0718,0.0638,0.0623,0.0603,0.0557,0.0585,0.0141,0.0005,0.0465,0.0362,0.4415,1.1715
2018-06-20,CTD7,4176724,690397,0.1424,0.1216,0.0993,0.0746,0.0646,0.0614,0.0637,0.0617,0.0589,0.0147,0.0006,0.0461,0.0372,0.28,3.152
2018-06-20,CTD8,4174178,693048,0.1454,0.1253,0.1067,0.0756,0.0664,0.0614,0.0642,0.0596,0.0616,0.0145,0.0008,0.0484,0.0397,0.5509999999999999,8.981
2018-06-20,CTD9,4171106,693183,0.1484,0.1322,0.1163,0.0883,0.0766,0.0653,0.063,0.0573,0.0614,0.0144,0.0008,0.0496,0.0383,0.2425,1.5205000000000002
2018-06-20,CTD10,4170388,695646,0.1458,0.1251,0.1015,0.077,0.07,0.0676,0.0659,0.0624,0.0635,0.015,0.0006,0.0509,0.0398,1.2025,1.6895000000000002
2018-06-20,CTD11,4169609,700351,0.1468,0.1151,0.0995,0.0718,0.0654,0.0644,0.0638,0.0579,0.0613,0.0154,0.0007,0.0506,0.0402,0.4489999999999999,0.829
2018-06-20,CTD12,4173438,695414,0.1488,0.1285,0.1071,0.0779,0.0731,0.0714,0.0722,0.0645,0.0698,0.0159,0.0007,0.0544,0.0454,1.0425,2.378
2018-07-10,CTD1,4187246,695025,0.154,0.1281,0.1114,0.0868,0.0814,0.0786,0.08,0.0738,0.0752,0.0169,0.001,0.0581,0.0459,0.492,1.3425
2018-07-10,CTD2,4181518,693105,0.1545,0.1338,0.1114,0.0836,0.0771,0.0733,0.0747,0.0683,0.0704,0.0161,0.001,0.055,0.0433,0.3005,1.8635
2018-07-10,CTD3,4181698,695238,0.1528,0.1307,0.1094,0.0839,0.0783,0.0741,0.0733,0.0652,0.0738,0.0161,0.0008,0.0553,0.045,0.4559999999999999,2.6130000000000004
2018-07-10,CTD4,4180266,698264,0.1522,0.1291,0.1082,0.085,0.0786,0.0755,0.077,0.0687,0.0732,0.0159,0.0008,0.0586,0.0464,1.2315,8.5075
2018-07-10,CTD5,4179450,700268,0.1579,0.1347,0.1197,0.0863,0.0813,0.0796,0.0808,0.0704,0.077,0.017,0.0009,0.0637,0.05,0.4625,0.3475
2018-07-10,CTD6,4176009,695829,0.1483,0.1229,0.1046,0.078,0.0711,0.0675,0.0683,0.0626,0.0661,0.0147,0.0011,0.0501,0.0404,1.531,1.2145
2018-07-10,CTD7,4176724,690397,0.1461,0.1217,0.0997,0.0748,0.0685,0.0642,0.0656,0.061,0.0633,0.0139,0.0011,0.0462,0.0363,0.4639999999999999,1.7745
2018-07-10,CTD8,4174178,693048,0.1514,0.1283,0.1114,0.0876,0.0759,0.0712,0.0743,0.0698,0.0691,0.0156,0.001,0.0545,0.0421,1.351,1.439
2018-07-10,CTD9,4171106,693183,0.1468,0.127,0.1114,0.0876,0.0726,0.066,0.0632,0.0563,0.0596,0.0138,0.001,0.0476,0.0337,0.272,0.335
2018-07-10,CTD10,4170388,695646,0.1507,0.1261,0.1057,0.0838,0.0767,0.0735,0.075,0.0681,0.0723,0.0166,0.001,0.0565,0.046,1.005,0.9125
2018-07-10,CTD11,4169609,700351,0.1504,0.1222,0.1023,0.0789,0.0721,0.0696,0.0699,0.0614,0.0677,0.0165,0.0008,0.0539,0.0426,1.101,0.649
2018-07-10,CTD12,4173438,695414,0.1525,0.13,0.1105,0.086,0.0769,0.0754,0.077,0.0703,0.0719,0.0162,0.001,0.0581,0.0466,1.706,0.6885
2018-08-29,CTD1,4187246,695025,0.1286,0.0978,0.0769,0.0513,0.0453,0.0417,0.0411,0.0347,0.0368,0.0108,0.0008,0.0215,0.0146,0.4245,0.7164999999999999
2018-08-29,CTD2,4181518,693105,0.1281,0.0975,0.0736,0.0453,0.0394,0.0363,0.0363,0.0306,0.0314,0.0097,0.0006,0.0166,0.0115,0.397,1.2375
2018-08-29,CTD3,4181698,695238,0.1262,0.0963,0.0706,0.0427,0.036,0.033,0.0316,0.0276,0.0272,0.0096,0.0008,0.0132,0.0096,0.4735,0.978
2018-08-29,CTD4,4180266,698264,0.1275,0.0953,0.0694,0.0449,0.0387,0.0353,0.035,0.0293,0.0303,0.0098,0.0007,0.016,0.0116,0.372,0.4665
2018-08-29,CTD5,4179450,700268,0.1287,0.1017,0.0795,0.0436,0.0372,0.0351,0.0334,0.0283,0.0285,0.0098,0.0007,0.0161,0.0113,0.28,0.4925
2018-08-29,CTD6,4176009,695829,0.1253,0.0954,0.0724,0.043,0.0358,0.033,0.0316,0.0266,0.0276,0.0088,0.0006,0.0143,0.0102,0.4255,0.6695
2018-08-29,CTD7,4176724,690397,0.127,0.0973,0.0748,0.0468,0.0388,0.0369,0.0367,0.0315,0.0314,0.0101,0.0007,0.0171,0.012,0.408,1.6555
2018-08-29,CTD8,4174178,693048,0.126,0.0971,0.0741,0.0442,0.0374,0.0331,0.0315,0.0273,0.0267,0.0088,0.0007,0.0135,0.009,0.5820000000000001,1.642
2018-08-29,CTD9,4171106,693183,0.1277,0.1059,0.0868,0.0571,0.0473,0.0368,0.0368,0.032,0.0322,0.0101,0.0005,0.0202,0.0141,0.1415,1.285
2018-08-29,CTD10,4170388,695646,0.1241,0.0918,0.0701,0.0413,0.0369,0.033,0.0314,0.0273,0.0282,0.0092,0.0005,0.0142,0.0105,0.6619999999999999,0.5229999999999999
2018-08-29,CTD11,4169609,700351,0.1252,0.0953,0.0714,0.0446,0.0388,0.0337,0.032,0.0276,0.029,0.0095,0.0006,0.0158,0.0108,0.7015,0.8939999999999999
2018-08-29,CTD12,4173438,695414,0.1249,0.0958,0.0747,0.0424,0.0367,0.0322,0.0304,0.0257,0.026,0.0086,0.0007,0.0131,0.0088,0.634,0.528
2018-10-03,CTD1,4187246,695025,0.1203,0.0856,0.0616,0.0313,0.0247,0.0213,0.0209,0.0153,0.0157,0.005,0.0006,0.0061,0.005,0.2274999999999999,0.7315
2018-10-03,CTD2,4181518,693105,0.1197,0.0856,0.0582,0.0295,0.0233,0.0198,0.0193,0.0146,0.013,0.0045,0.0006,0.0047,0.0026,0.3155,9.085
2018-10-03,CTD3,4181698,695238,0.1186,0.087,0.0576,0.0277,0.0219,0.0196,0.017,0.0133,0.0122,0.0045,0.0006,0.0042,0.0029,0.241,1.539
2018-10-03,CTD4,4180266,698264,0.1202,0.0843,0.0552,0.0296,0.0247,0.0192,0.0154,0.0134,0.0153,0.0047,0.0006,0.0052,0.0032,0.12,0.3725
2018-10-03,CTD5,4179450,700268,0.1219,0.0917,0.0672,0.0283,0.0222,0.0191,0.0178,0.0136,0.0132,0.0044,0.0004,0.0047,0.0028,0.0375,0.2075
2018-10-03,CTD6,4176009,695829,0.1186,0.0861,0.0608,0.0287,0.0218,0.0191,0.0169,0.0131,0.0124,0.0045,0.0004,0.0038,0.0027,0.59,1.4994999999999998
2018-10-03,CTD7,4176724,690397,0.1184,0.0845,0.0589,0.0281,0.0228,0.0204,0.0183,0.0139,0.0131,0.0044,0.0006,0.0039,0.0027,0.1674999999999999,5.4
2018-10-03,CTD8,4174178,693048,0.123,0.0924,0.073,0.0356,0.0261,0.0206,0.0191,0.014,0.0132,0.0045,0.0006,0.0038,0.003,0.733,3.4525
2018-10-03,CTD9,4171106,693183,0.1219,0.0976,0.0769,0.0431,0.0302,0.0201,0.0208,0.0149,0.0149,0.0047,0.0006,0.0061,0.0037,0.105,2.6765
2018-10-03,CTD10,4170388,695646,0.1196,0.0869,0.0596,0.0305,0.0238,0.0189,0.0187,0.014,0.0132,0.0044,0.0006,0.0048,0.0035,0.5945,0.674
2018-10-03,CTD11,4169609,700351,0.118,0.0879,0.0588,0.0301,0.0239,0.0191,0.0193,0.0147,0.0144,0.0047,0.0005,0.0057,0.0038,0.3974999999999999,0.8855
2018-10-03,CTD12,4173438,695414,0.1201,0.0905,0.0667,0.0308,0.0238,0.0192,0.0185,0.0136,0.013,0.005,0.0004,0.0037,0.0026,0.681,1.7445
2018-11-07,CTD1,4187246,695025,0.1276,0.0895,0.061,0.0311,0.0263,0.0215,0.0187,0.0172,0.0148,0.0063,0.0008,0.0038,0.0029,0.5539999999999999,0.6735
2018-11-07,CTD2,4181518,693105,0.1262,0.0914,0.0624,0.029,0.024,0.0212,0.0164,0.0138,0.0125,0.0063,0.0006,0.0025,0.0018,0.297,1.9995
2018-11-07,CTD3,4181698,695238,0.1255,0.0892,0.0596,0.0286,0.0233,0.0194,0.0167,0.0134,0.0122,0.0054,0.0007,0.0023,0.0015,0.739,0.382
2018-11-07,CTD4,4180266,698264,0.1255,0.0878,0.0561,0.0287,0.0226,0.0186,0.0174,0.0126,0.0128,0.006,0.0005,0.0019,0.0019,0.7295,0.6765
2018-11-07,CTD5,4179450,700268,0.1308,0.1,0.0696,0.0284,0.0223,0.0189,0.0161,0.0131,0.0131,0.0054,0.0007,0.0013,0.0013,0.48,0.3199999999999999
2018-11-07,CTD6,4176009,695829,0.1267,0.094,0.0666,0.029,0.0238,0.0196,0.0161,0.0131,0.0131,0.005,0.0006,0.002,0.0007,0.6315000000000001,1.498
2018-11-07,CTD7,4176724,690397,0.124,0.0866,0.0575,0.0284,0.0241,0.0206,0.0177,0.0135,0.0132,0.006,0.0005,0.003,0.0019,0.276,4.238
2018-11-07,CTD8,4174178,693048,0.1309,0.1028,0.0731,0.0335,0.0261,0.02,0.0173,0.0133,0.0121,0.0052,0.0007,0.002,0.0006,0.6335,3.083
2018-11-07,CTD9,4171106,693183,0.1274,0.0997,0.0786,0.0396,0.0284,0.0193,0.0173,0.0138,0.0129,0.0054,0.0005,0.0038,0.0022,0.204,4.5305
2018-11-07,CTD10,4170388,695646,0.1238,0.0873,0.0581,0.0284,0.0227,0.0194,0.0165,0.0126,0.0112,0.0054,0.0004,0.0025,0.0012,0.6375,5.251
2018-11-07,CTD11,4169609,700351,0.1223,0.0869,0.0587,0.0276,0.0222,0.0173,0.0161,0.0132,0.0121,0.0054,0.0007,0.0018,0.0018,1.466,6.9855
2018-11-07,CTD12,4173438,695414,0.1246,0.0913,0.0623,0.0278,0.0226,0.0193,0.017,0.0128,0.012,0.0052,0.0005,0.0018,0.0016,0.6185,1.238
2019-03-12,CTD1,4187246,695025,0.1294,0.0948,0.069,0.0391,0.0319,0.0271,0.0264,0.0213,0.0201,0.0075,0.0008,0.0071,0.0053,0.1175,0.4855
2019-03-12,CTD2,4181518,693105,0.1296,0.0984,0.0701,0.0345,0.0276,0.0254,0.0232,0.0186,0.0175,0.0067,0.0006,0.0055,0.0036,0.299,0.6905
2019-03-12,CTD3,4181698,695238,0.1285,0.0963,0.0705,0.0345,0.0277,0.023,0.0217,0.0182,0.0174,0.0067,0.0007,0.0053,0.0033,0.3339999999999999,0.36
2019-03-12,CTD4,4180266,698264,0.1256,0.0904,0.0604,0.0318,0.0266,0.0231,0.0208,0.0171,0.0154,0.0064,0.0006,0.0059,0.0027,0.2025,0.1795
2019-03-12,CTD5,4179450,700268,0.1307,0.1064,0.0793,0.0324,0.0254,0.0224,0.0208,0.0169,0.0152,0.0067,0.0006,0.0056,0.0042,0.185,0.5025
2019-03-12,CTD6,4176009,695829,0.1255,0.0935,0.0677,0.0309,0.0255,0.0226,0.0204,0.0161,0.0152,0.0062,0.0006,0.005,0.0031,0.2295,0.2209999999999999
2019-03-12,CTD7,4176724,690397,0.1249,0.0908,0.0615,0.0318,0.0265,0.0225,0.0211,0.0154,0.0158,0.0063,0.0008,0.0047,0.0031,0.158,0.517
2019-03-12,CTD8,4174178,693048,0.1231,0.0904,0.0613,0.0302,0.0246,0.0204,0.0183,0.0149,0.0161,0.006,0.0005,0.0037,0.0024,0.146,0.7765
2019-03-12,CTD9,4171106,693183,0.1282,0.1047,0.0842,0.0511,0.0367,0.0222,0.0215,0.0177,0.0155,0.0065,0.0006,0.0059,0.0035,0.183,0.518
2019-03-12,CTD10,4170388,695646,0.1233,0.0883,0.0618,0.0319,0.0269,0.0231,0.0213,0.017,0.0179,0.0069,0.0006,0.0066,0.0058,0.201,0.6950000000000001
2019-03-12,CTD11,4169609,700351,0.1242,0.0903,0.0634,0.0331,0.0273,0.0245,0.0229,0.017,0.0162,0.0069,0.0006,0.0071,0.0052,0.2284999999999999,0.8705
2019-03-12,CTD12,4173438,695414,0.1272,0.0988,0.073,0.0329,0.0262,0.0221,0.0209,0.0159,0.016,0.0062,0.0006,0.0051,0.0033,0.1915,0.4485
2019-06-25,CTD1,4187246,695025,0.1613,0.1413,0.1219,0.1009,0.097,0.0928,0.0954,0.0891,0.0932,0.0215,0.001,0.0772,0.0623,1.129,0.962
2019-06-25,CTD2,4181518,693105,0.1598,0.1383,0.1178,0.1001,0.0928,0.0888,0.09,0.0833,0.0873,0.0208,0.001,0.0741,0.0569,1.767,1.547
2019-06-25,CTD3,4181698,695238,0.1576,0.1319,0.1132,0.0919,0.0842,0.0827,0.0847,0.0774,0.0816,0.0202,0.0009,0.0673,0.0535,1.4295,1.6335
2019-06-25,CTD4,4180266,698264,0.1545,0.1346,0.1095,0.0905,0.0824,0.079,0.0815,0.076,0.0786,0.019,0.0008,0.0637,0.0503,1.2255,1.1695000000000002
2019-06-25,CTD5,4179450,700268,0.1644,0.1445,0.1266,0.0926,0.0879,0.087,0.0878,0.0825,0.0851,0.0204,0.0008,0.0715,0.0559,0.1425,0.535
2019-06-25,CTD6,4176009,695829,0.1559,0.1325,0.1107,0.0905,0.0852,0.0819,0.0822,0.0765,0.0775,0.0191,0.0008,0.0667,0.0518,1.8025,1.602
2019-06-25,CTD7,4176724,690397,0.1605,0.1351,0.1143,0.0937,0.0887,0.0873,0.0867,0.0797,0.0858,0.0205,0.0008,0.0706,0.0565,1.1455,1.997
2019-06-25,CTD8,4174178,693048,0.1602,0.1374,0.1166,0.0958,0.0896,0.089,0.0899,0.0836,0.087,0.0204,0.0008,0.0723,0.0577,1.296,1.5074999999999998
2019-06-25,CTD9,4171106,693183,0.1593,0.1425,0.1284,0.1016,0.0919,0.0842,0.086,0.078,0.081,0.0194,0.0008,0.0662,0.0514,0.774,1.63
2019-06-25,CTD10,4170388,695646,0.1585,0.1341,0.1147,0.0931,0.0859,0.0839,0.0846,0.0773,0.0801,0.0197,0.0006,0.0673,0.0516,1.129,1.401
2019-06-25,CTD11,4169609,700351,0.1642,0.1351,0.1179,0.0982,0.0922,0.0917,0.0948,0.0791,0.0925,0.023,0.0008,0.0768,0.0634,0.766,1.3915
2019-06-25,CTD12,4173438,695414,0.1582,0.1334,0.1131,0.0909,0.0879,0.085,0.0852,0.0786,0.0815,0.0199,0.0007,0.069,0.0554,1.3025,1.4325
2019-07-10,CTD1,4187246,695025,0.1343,0.1069,0.0864,0.0589,0.0534,0.0478,0.0502,0.0455,0.0452,0.0117,0.0008,0.0319,0.0231,0.371,7.81
2019-07-10,CTD2,4181518,693105,0.1427,0.1187,0.0959,0.0716,0.0657,0.0613,0.0636,0.0563,0.0602,0.0145,0.0008,0.0463,0.0351,0.968,0.909
2019-07-10,CTD3,4181698,695238,0.1429,0.1185,0.0965,0.075,0.0649,0.062,0.0623,0.0578,0.0595,0.0146,0.0008,0.0462,0.0362,1.002,1.389
2019-07-10,CTD4,4180266,698264,0.1359,0.1099,0.085,0.0596,0.0521,0.0485,0.0496,0.0458,0.0457,0.0123,0.0008,0.0338,0.025,0.554,6.918
2019-07-10,CTD6,4176009,695829,0.1429,0.1217,0.0987,0.0721,0.0663,0.0632,0.0634,0.0585,0.0587,0.0148,0.0008,0.0474,0.0371,0.37,6.276
2019-07-10,CTD7,4176724,690397,0.1409,0.1149,0.0944,0.0667,0.0612,0.0593,0.0597,0.055,0.0544,0.0143,0.0009,0.0426,0.0332,1.231,0.649
2019-07-10,CTD8,4174178,693048,0.1434,0.1214,0.1024,0.0733,0.0662,0.063,0.0652,0.0584,0.0591,0.0149,0.0008,0.0467,0.0362,0.997,0.533
2019-07-10,CTD9,4171106,693183,0.1448,0.129,0.1141,0.088,0.0753,0.068,0.0705,0.0633,0.0659,0.0157,0.0009,0.0511,0.0378,1.354,0.765
2019-07-10,CTD10,4170388,695646,0.1461,0.1215,0.1026,0.0805,0.0711,0.0698,0.0704,0.0642,0.065,0.0161,0.0008,0.0536,0.0423,1.166,1.085
2019-07-10,CTD11,4169609,700351,0.1433,0.1152,0.0958,0.0672,0.0569,0.0534,0.0538,0.0485,0.0495,0.0145,0.001,0.0375,0.029,0.577,9.727
2019-07-10,CTD12,4173438,695414,0.1453,0.1229,0.1006,0.0758,0.0691,0.0655,0.0654,0.0635,0.0628,0.0157,0.0009,0.051,0.0397,0.494,0.092
2019-07-30,CTD1,4187246,695025,0.1747,0.1492,0.1205,0.1017,0.0892,0.0877,0.0907,0.0869,0.0857,0.0184,0.0012,0.0677,0.0486,0.2095,0.943
2019-07-30,CTD2,4181518,693105,0.146,0.1207,0.0972,0.0686,0.0606,0.0567,0.0584,0.0507,0.0556,0.0113,0.001,0.0405,0.0302,0.9955,1.414
2019-07-30,CTD3,4181698,695238,0.1741,0.1356,0.1143,0.0933,0.0774,0.0748,0.0795,0.0723,0.0759,0.0194,0.0012,0.055,0.0405,1.298,0.6795
2019-07-30,CTD4,4180266,698264,0.2735,0.2406,0.2259,0.2333,0.2367,0.2466,0.2651,0.2146,0.279,0.0492,0.0012,0.263,0.1953,1.521,0.861
2019-07-30,CTD5,4179450,700268,0.1344,0.1096,0.0821,0.0531,0.0452,0.0414,0.0415,0.0406,0.0364,0.009,0.001,0.0238,0.0174,0.43,0.5
2019-07-30,CTD6,4176009,695829,0.143,0.1187,0.0975,0.0685,0.059,0.0537,0.0565,0.0491,0.0522,0.0111,0.001,0.0379,0.0287,1.5755,1.593
2019-07-30,CTD7,4176724,690397,0.1457,0.1176,0.0969,0.069,0.0579,0.055,0.0566,0.0519,0.0539,0.0116,0.001,0.0386,0.0282,0.7715000000000001,1.6135
2019-07-30,CTD8,4174178,693048,0.1467,0.1248,0.1097,0.0724,0.064,0.0591,0.0617,0.0553,0.0561,0.0111,0.001,0.0415,0.0316,0.808,2.5485
2019-07-30,CTD9,4171106,693183,0.1416,0.1205,0.1055,0.0767,0.0642,0.0552,0.0555,0.0501,0.0514,0.0111,0.0009,0.0386,0.0281,0.302,3.2545
2019-07-30,CTD10,4170388,695646,0.139,0.1138,0.0913,0.0627,0.0538,0.0504,0.0521,0.0458,0.0466,0.0106,0.001,0.0355,0.026,0.478,3.4045
2019-07-30,CTD11,4169609,700351,0.145,0.1196,0.0951,0.0727,0.0615,0.0584,0.0589,0.0571,0.0552,0.0118,0.0012,0.041,0.0328,0.4994999999999999,3.387
2019-07-30,CTD12,4173438,695414,0.1422,0.1192,0.0943,0.0663,0.0576,0.0552,0.0549,0.0489,0.0507,0.0108,0.001,0.0376,0.028,0.753,1.312
2019-08-14,CTD1,4187246,695025,0.1361,0.1081,0.0882,0.0581,0.0506,0.046,0.0455,0.0417,0.0407,0.0095,0.0007,0.0277,0.0205,1.1525,2.1565
2019-08-14,CTD2,4181518,693105,0.1338,0.1071,0.0864,0.0562,0.0487,0.0437,0.0419,0.0369,0.0375,0.0093,0.0007,0.0233,0.0182,2.074,3.3065
2019-08-14,CTD3,4181698,695238,0.1298,0.0999,0.0768,0.0495,0.0421,0.0369,0.036,0.0326,0.0315,0.0083,0.0006,0.0193,0.0142,2.9505,3.2835
2019-08-14,CTD4,4180266,698264,0.1262,0.0992,0.0776,0.0472,0.0389,0.0345,0.033,0.0286,0.0273,0.0072,0.0007,0.0186,0.0133,2.8735,2.823
2019-08-14,CTD5,4179450,700268,0.1349,0.1081,0.087,0.0504,0.0435,0.0371,0.037,0.0346,0.033,0.008,0.0006,0.021,0.0161,1.51,1.095
2019-08-14,CTD6,4176009,695829,0.1286,0.0989,0.0786,0.0489,0.0414,0.0348,0.0325,0.0292,0.0301,0.0079,0.0007,0.0172,0.0116,1.7919999999999998,3.313
2019-08-14,CTD7,4176724,690397,0.1331,0.1066,0.0896,0.0533,0.0456,0.04,0.0404,0.0334,0.0359,0.0083,0.0007,0.0214,0.0149,0.9805,2.7085
2019-08-14,CTD8,4174178,693048,0.1342,0.1107,0.0993,0.0575,0.0469,0.0394,0.0379,0.0348,0.0339,0.0088,0.0008,0.0215,0.0153,1.4895,3.2185
2019-08-14,CTD9,4171106,693183,0.1338,0.1108,0.0944,0.064,0.0548,0.044,0.0443,0.0377,0.0376,0.0095,0.0006,0.0258,0.0193,1.2815,4.106999999999999
2019-08-14,CTD10,4170388,695646,0.1289,0.1022,0.0799,0.0509,0.0437,0.0385,0.0377,0.0329,0.0322,0.0083,0.0005,0.0208,0.0158,1.552,2.69
2019-08-14,CTD11,4169609,700351,0.1308,0.1021,0.0819,0.0552,0.0474,0.0429,0.0409,0.0343,0.0389,0.0095,0.0005,0.0253,0.0201,1.342,2.378
2019-08-14,CTD12,4173438,695414,0.1282,0.0988,0.0796,0.0475,0.0397,0.0358,0.0334,0.0292,0.0304,0.0081,0.0006,0.0179,0.0127,1.3784999999999998,2.75
2019-09-18,CTD1,4187246,695025,0.1396,0.1063,0.0913,0.0627,0.063,0.0473,0.0472,0.0388,0.0392,0.009,0.001,0.0188,0.0118,13.523,12.724
2019-09-18,CTD2,4181518,693105,0.1325,0.1,0.0876,0.0556,0.055,0.0388,0.0388,0.0339,0.0306,0.0084,0.0011,0.0139,0.0092,18.0065,15.7655
2019-09-18,CTD3,4181698,695238,0.1253,0.0972,0.0891,0.0736,0.0581,0.0406,0.0356,0.0418,0.03,0.0082,0.0063,0.0225,0.0093,17.3105,14.922
2019-09-18,CTD4,4180266,698264,0.1331,0.0997,0.0799,0.0552,0.055,0.0422,0.042,0.0331,0.0366,0.0123,0.0029,0.0211,0.0138,20.741,5.9365000000000006
2019-09-18,CTD5,4179450,700268,0.2188,0.159,0.1495,0.1352,0.1378,0.1373,0.1411,0.109,0.1373,0.086,0.0349,0.1406,0.1218,7.0225,1.38
2019-09-18,CTD6,4176009,695829,0.131,0.0976,0.0757,0.0499,0.0496,0.0353,0.0343,0.0277,0.0287,0.0082,0.001,0.0118,0.0083,22.456,9.952
2019-09-18,CTD7,4176724,690397,0.1325,0.0996,0.0817,0.0547,0.0551,0.0397,0.0394,0.032,0.0308,0.0081,0.0009,0.0132,0.0075,19.5975,11.632
2019-09-18,CTD8,4174178,693048,0.1399,0.1061,0.087,0.0624,0.0607,0.0472,0.048,0.0406,0.0427,0.0159,0.0045,0.0258,0.0199,22.718,10.8925
2019-09-18,CTD9,4171106,693183,0.1335,0.099,0.0854,0.0568,0.0566,0.0393,0.0416,0.0318,0.0331,0.0089,0.0012,0.0162,0.0097,17.9935,13.449
2019-09-18,CTD10,4170388,695646,0.1324,0.0981,0.0782,0.0518,0.0499,0.0379,0.0371,0.0298,0.0302,0.0079,0.0007,0.0135,0.0084,20.01,8.032
2019-09-18,CTD11,4169609,700351,0.1338,0.1013,0.0812,0.0531,0.0518,0.04,0.0389,0.0321,0.0316,0.0083,0.0009,0.0151,0.0096,20.7355,5.1850000000000005
2019-09-18,CTD12,4173438,695414,0.172,0.1441,0.1189,0.0968,0.0974,0.0859,0.0888,0.084,0.0825,0.0427,0.0215,0.0794,0.0554,22.2285,8.7575
2019-09-28,CTD1,4187246,695025,0.1403,0.1121,0.0977,0.0583,0.0451,0.0314,0.0311,0.0241,0.0252,0.0067,0.0008,0.0077,0.0047,1.166,4.339
2019-09-28,CTD2,4181518,693105,0.1324,0.0944,0.0654,0.0392,0.0325,0.0289,0.0279,0.0222,0.0223,0.0071,0.001,0.0078,0.0045,2.171,1.494
2019-09-28,CTD3,4181698,695238,0.1391,0.1015,0.0721,0.0465,0.0386,0.0327,0.0325,0.0259,0.0269,0.0082,0.0009,0.0114,0.0063,2.701,1.073
2019-09-28,CTD4,4180266,698264,0.1322,0.0955,0.0662,0.0401,0.032,0.0283,0.0263,0.0213,0.0206,0.0066,0.001,0.0063,0.0031,1.808,1.604
2019-09-28,CTD6,4176009,695829,0.1365,0.0998,0.0708,0.0445,0.0363,0.0307,0.0302,0.0232,0.0237,0.0069,0.0008,0.0073,0.0037,0.774,9.722
2019-09-28,CTD7,4176724,690397,0.1389,0.1018,0.0743,0.0471,0.0383,0.0327,0.0303,0.0246,0.025,0.007,0.0009,0.009,0.0042,2.1,1.855
2019-09-28,CTD8,4174178,693048,0.1411,0.1054,0.0771,0.0497,0.0408,0.0341,0.0333,0.0262,0.0262,0.0071,0.0008,0.0113,0.0064,1.89,7.444
2019-09-28,CTD9,4171106,693183,0.1442,0.1123,0.0926,0.0655,0.0524,0.0387,0.0376,0.0298,0.0311,0.0094,0.0008,0.0124,0.0091,2.914,15.23
2019-09-28,CTD10,4170388,695646,0.1392,0.1074,0.0794,0.0515,0.0418,0.0361,0.0343,0.0307,0.0278,0.0072,0.0007,0.0104,0.0048,0.449,31.705
2019-09-28,CTD11,4169609,700351,0.1338,0.0986,0.0707,0.0439,0.0365,0.031,0.0296,0.0244,0.0231,0.0065,0.001,0.0078,0.0045,2.502,3.438
2019-09-28,CTD12,4173438,695414,0.1407,0.1014,0.0746,0.0468,0.0388,0.0329,0.0324,0.0253,0.0253,0.0077,0.0008,0.0096,0.0042,1.433,15.847
2019-10-03,CTD1,4187246,695025,0.1329,0.1104,0.1095,0.0732,0.0664,0.0356,0.0347,0.0276,0.0254,0.0093,0.0019,0.0106,0.0079,3.549,22.277
2019-10-03,CTD2,4181518,693105,0.1187,0.086,0.0612,0.0354,0.0298,0.0249,0.0231,0.0191,0.0185,0.008,0.0015,0.0063,0.0047,3.4125,8.542
2019-10-03,CTD3,4181698,695238,0.1183,0.0852,0.0599,0.0351,0.0299,0.0247,0.0222,0.0176,0.0165,0.0075,0.0016,0.007,0.0048,3.067,9.2765
2019-10-03,CTD4,4180266,698264,0.1144,0.0794,0.0592,0.0349,0.0283,0.0236,0.0207,0.017,0.017,0.0073,0.0017,0.0065,0.0043,2.8365,8.786999999999999
2019-10-03,CTD5,4179450,700268,0.1095,0.0773,0.0523,0.0278,0.0234,0.02,0.0179,0.0156,0.0151,0.0068,0.0018,0.0049,0.004,2.0575,1.2225
2019-10-03,CTD6,4176009,695829,0.1156,0.0812,0.0566,0.0325,0.0274,0.0218,0.0198,0.0162,0.0152,0.0068,0.0012,0.0045,0.0032,3.7725,3.296
2019-10-03,CTD7,4176724,690397,0.119,0.087,0.0637,0.0362,0.0312,0.0257,0.0235,0.0192,0.0179,0.0074,0.0012,0.0053,0.0042,5.3185,6.1315
2019-10-03,CTD8,4174178,693048,0.1157,0.0835,0.0576,0.0315,0.0269,0.0217,0.0195,0.0165,0.0156,0.0062,0.001,0.0038,0.0034,3.5415,2.284
2019-10-03,CTD9,4171106,693183,0.1169,0.0871,0.0751,0.0471,0.0382,0.0246,0.0228,0.0185,0.0174,0.0067,0.0011,0.0065,0.0043,4.366,9.238
2019-10-03,CTD10,4170388,695646,0.1145,0.081,0.0548,0.0327,0.0274,0.0215,0.0187,0.0158,0.0142,0.0062,0.0012,0.0048,0.0027,4.8075,2.7605
2019-10-03,CTD11,4169609,700351,0.1126,0.0792,0.055,0.0308,0.025,0.02,0.0181,0.0139,0.0127,0.0062,0.0012,0.0043,0.003,3.391,1.967
2019-10-03,CTD12,4173438,695414,0.1146,0.0791,0.0547,0.0305,0.0251,0.0209,0.0186,0.0145,0.0137,0.0061,0.0012,0.0042,0.0025,3.243,2.0375
2019-11-27,CTD1,4187246,695025,0.1333,0.097,0.0648,0.0339,0.0284,0.0245,0.0218,0.0165,0.0163,0.0063,0.0011,0.0049,0.0023,0.5509999999999999,0.2774999999999999
2019-11-27,CTD2,4181518,693105,0.1341,0.0977,0.0741,0.0399,0.0326,0.0237,0.0235,0.0172,0.0168,0.0072,0.0017,0.004,0.003,4.637,4.140000000000001
2019-11-27,CTD3,4181698,695238,0.134,0.0985,0.0738,0.04,0.0324,0.0235,0.02,0.0185,0.0148,0.0072,0.0028,0.0031,0.0029,4.333,3.632
2019-11-27,CTD4,4180266,698264,0.1346,0.0975,0.0707,0.0385,0.0307,0.0243,0.0252,0.0181,0.0168,0.0079,0.0023,0.0052,0.0032,4.0965,2.5705
2019-11-27,CTD5,4179450,700268,0.1387,0.1013,0.0687,0.0329,0.0266,0.0237,0.0214,0.017,0.0167,0.0089,0.0032,0.0052,0.0045,0.51,0.44
2019-11-27,CTD6,4176009,695829,0.1364,0.0991,0.0728,0.0438,0.038,0.0285,0.0268,0.0222,0.0222,0.0112,0.0049,0.0082,0.0054,5.4095,3.867
2019-11-27,CTD7,4176724,690397,0.1337,0.096,0.0691,0.041,0.0351,0.0283,0.0274,0.0209,0.0208,0.0097,0.0035,0.0063,0.005,2.279,2.9245
2019-11-27,CTD8,4174178,693048,0.1345,0.0982,0.073,0.0436,0.0357,0.0281,0.0261,0.022,0.0202,0.0103,0.0047,0.0081,0.0058,1.9225,2.713
2019-11-27,CTD9,4171106,693183,0.1377,0.1035,0.0809,0.0483,0.0412,0.0322,0.0317,0.0257,0.0232,0.0128,0.006,0.0122,0.0086,0.9385,3.3535
2019-11-27,CTD10,4170388,695646,0.1369,0.1011,0.0742,0.0454,0.0373,0.0284,0.0297,0.0222,0.0217,0.011,0.005,0.0085,0.0064,3.765,3.3195
2019-11-27,CTD11,4169609,700351,0.1378,0.1074,0.0848,0.0465,0.0384,0.027,0.0245,0.0227,0.0206,0.0102,0.0051,0.008,0.0059,3.8595,4.311
2019-11-27,CTD12,4173438,695414,0.1378,0.1039,0.0768,0.0463,0.0406,0.03,0.0295,0.0242,0.0215,0.012,0.0059,0.0096,0.007,3.9115,1.783
2020-02-20,CTD1,4187246,695025,0.1307,0.0955,0.0674,0.0355,0.031,0.0248,0.0234,0.0184,0.0193,0.0079,0.001,0.0057,0.0043,0.477,0.6975
2020-02-20,CTD2,4181518,693105,0.1281,0.0916,0.0653,0.0337,0.0276,0.0227,0.0208,0.018,0.0152,0.0071,0.0006,0.004,0.0027,2.2205,2.7015
2020-02-20,CTD3,4181698,695238,0.1267,0.0893,0.0636,0.0338,0.0275,0.0241,0.0203,0.0171,0.015,0.0071,0.0009,0.0039,0.0029,3.7085,2.3230000000000004
2020-02-20,CTD4,4180266,698264,0.1274,0.0945,0.0653,0.0364,0.0282,0.023,0.0219,0.0166,0.0172,0.0076,0.0008,0.0041,0.0034,3.3835,1.7575
2020-02-20,CTD5,4179450,700268,0.1324,0.098,0.0699,0.0331,0.0274,0.0224,0.0187,0.0155,0.0154,0.0071,0.0009,0.0046,0.0029,0.9725,1.2574999999999998
2020-02-20,CTD6,4176009,695829,0.1259,0.0895,0.0619,0.0329,0.0264,0.0224,0.0202,0.016,0.0159,0.0072,0.0009,0.0031,0.0021,2.9080000000000004,2.1995
2020-02-20,CTD7,4176724,690397,0.1335,0.1033,0.0832,0.0441,0.0344,0.0249,0.0229,0.0178,0.0166,0.007,0.0007,0.0036,0.0021,1.871,7.079000000000001
2020-02-20,CTD8,4174178,693048,0.1289,0.0939,0.0686,0.0367,0.0302,0.0239,0.0223,0.0185,0.0163,0.0071,0.001,0.0043,0.0028,2.5625,3.3685
2020-02-20,CTD9,4171106,693183,0.134,0.1048,0.0862,0.0526,0.041,0.0283,0.0243,0.0194,0.0184,0.0086,0.0007,0.0063,0.0046,1.71,4.0725
2020-02-20,CTD10,4170388,695646,0.1295,0.097,0.0705,0.0385,0.0308,0.0254,0.0224,0.0186,0.0172,0.0078,0.001,0.0046,0.0027,1.608,0.8624999999999999
2020-02-20,CTD11,4169609,700351,0.1295,0.0936,0.069,0.0377,0.0296,0.024,0.0228,0.0181,0.0172,0.0074,0.0009,0.0059,0.0033,1.9205,0.762
2020-02-20,CTD12,4173438,695414,0.1267,0.0909,0.0621,0.0333,0.0277,0.0228,0.0203,0.0171,0.0142,0.0071,0.001,0.0036,0.0031,1.9165,1.8645
2020-03-11,CTD1,4187246,695025,0.1268,0.0979,0.0761,0.0396,0.0318,0.0232,0.0215,0.0177,0.0159,0.006,0.0008,0.0063,0.0038,0.6855,2.83
2020-03-11,CTD2,4181518,693105,0.1214,0.0914,0.0701,0.037,0.0293,0.0214,0.0198,0.0155,0.0143,0.005,0.0008,0.0035,0.0025,3.1425,2.8275
2020-03-11,CTD3,4181698,695238,0.1176,0.085,0.062,0.0318,0.0262,0.0196,0.0173,0.0135,0.0128,0.0049,0.0006,0.0028,0.0018,2.4695,3.0655
2020-03-11,CTD4,4180266,698264,0.1181,0.0855,0.0638,0.0312,0.0242,0.0187,0.0171,0.0132,0.0124,0.005,0.0007,0.003,0.0016,1.6545,3.9215
2020-03-11,CTD5,4179450,700268,0.1244,0.0948,0.0711,0.0306,0.0231,0.0182,0.0166,0.0134,0.0115,0.0051,0.0006,0.003,0.0019,0.7849999999999999,1.3225
2020-03-11,CTD6,4176009,695829,0.1171,0.0843,0.0642,0.0339,0.029,0.0205,0.0172,0.0147,0.0131,0.0049,0.0006,0.0019,0.0014,4.6715,7.0785
2020-03-11,CTD7,4176724,690397,0.122,0.0951,0.081,0.042,0.0328,0.0236,0.0205,0.0156,0.0137,0.0051,0.0007,0.0033,0.0019,2.987,7.379
2020-03-11,CTD8,4174178,693048,0.1174,0.0851,0.0667,0.0357,0.0291,0.0193,0.0181,0.0145,0.0139,0.0056,0.0009,0.0026,0.0015,3.897,5.3420000000000005
2020-03-11,CTD9,4171106,693183,0.1192,0.0959,0.0803,0.0467,0.033,0.0208,0.0186,0.0151,0.0141,0.0056,0.0008,0.0045,0.003,1.0875,3.277
2020-03-11,CTD10,4170388,695646,0.1168,0.0848,0.0657,0.0332,0.0264,0.02,0.0178,0.0139,0.0141,0.005,0.0005,0.003,0.0023,1.368,3.82
2020-03-11,CTD11,4169609,700351,0.1172,0.0867,0.0684,0.0374,0.0299,0.0219,0.0197,0.0155,0.0152,0.0056,0.0007,0.005,0.0032,2.1495,4.5120000000000005
2020-03-11,CTD12,4173438,695414,0.1169,0.0845,0.0636,0.0318,0.0254,0.0205,0.0169,0.0129,0.0113,0.005,0.0006,0.0025,0.0004,2.832,3.609
2020-12-21,CTD1,4187246,695025,0.142,0.0998,0.0645,0.0341,0.0296,0.0228,0.0229,0.0168,0.0161,0.0053,0.0009,0.0035,0.0041,0.5835,0.8395
2020-12-21,CTD2,4181518,693105,0.1407,0.0996,0.0634,0.0324,0.0257,0.0233,0.0214,0.0163,0.0159,0.0054,0.0009,0.003,0.0017,1.1515,0.766
2020-12-21,CTD3,4181698,695238,0.1396,0.0988,0.0618,0.0315,0.0246,0.0225,0.0209,0.0139,0.0128,0.0044,0.0008,0.0029,0.0015,0.9935,0.747
2020-12-21,CTD4,4180266,698264,0.1397,0.0967,0.0637,0.032,0.0253,0.0218,0.0186,0.0141,0.0138,0.0052,0.0009,0.0034,0.0013,0.9285,0.7595
2020-12-21,CTD5,4179450,700268,0.1442,0.1069,0.0708,0.0308,0.0259,0.02,0.0199,0.0145,0.0142,0.0044,0.0007,0.0024,0.0012,0.8875,0.485
2020-12-21,CTD6,4176009,695829,0.1387,0.0971,0.0623,0.0303,0.0245,0.0214,0.0192,0.0141,0.0123,0.0044,0.0009,0.0022,0.0011,0.955,0.708
2020-12-21,CTD7,4176724,690397,0.1395,0.0997,0.0628,0.0317,0.0266,0.0233,0.0212,0.016,0.0138,0.0046,0.0008,0.0035,0.0008,0.6455,0.7935
2020-12-21,CTD8,4174178,693048,0.1396,0.0974,0.0621,0.0323,0.0265,0.0212,0.0205,0.0151,0.0147,0.0053,0.0009,0.0028,0.001,0.79,0.773
2020-12-21,CTD9,4171106,693183,0.1401,0.1063,0.076,0.0411,0.0316,0.0216,0.0204,0.015,0.0151,0.0051,0.0008,0.0021,0.0033,0.821,0.7525
2020-12-21,CTD10,4170388,695646,0.1375,0.0966,0.0619,0.0325,0.0252,0.0201,0.0209,0.0134,0.0146,0.005,0.0007,0.0015,0.0009,1.1835,0.9305
2020-12-21,CTD11,4169609,700351,0.1384,0.1019,0.0711,0.0333,0.0262,0.0193,0.0185,0.0137,0.0122,0.0043,0.0008,0.0021,0.0016,1.34,1.0495
2020-12-21,CTD12,4173438,695414,0.1378,0.0966,0.0623,0.0312,0.0255,0.0207,0.0191,0.0126,0.0131,0.004,0.0007,0.0026,0.0013,0.9695,0.756
2021-01-05,CTD1,4187246,695025,0.1383,0.0984,0.0681,0.0357,0.0305,0.025,0.0224,0.0173,0.0174,0.0085,0.001,0.0037,0.0031,0.6025,0.4974999999999999
2021-01-05,CTD2,4181518,693105,0.1371,0.0976,0.0613,0.0338,0.0285,0.0245,0.0203,0.0174,0.0161,0.0077,0.0009,0.0039,0.0022,0.5025,0.478
2021-01-05,CTD3,4181698,695238,0.1397,0.1012,0.0637,0.0329,0.029,0.024,0.0208,0.0165,0.0148,0.0076,0.0012,0.0018,0.0025,0.8454999999999999,0.944
2021-01-05,CTD4,4180266,698264,0.1386,0.1018,0.0643,0.0336,0.0275,0.0225,0.0201,0.0152,0.0148,0.0066,0.0012,0.0034,0.0016,0.6075,0.922
2021-01-05,CTD5,4179450,700268,0.1429,0.1069,0.0736,0.0313,0.0246,0.0214,0.0188,0.0165,0.0133,0.0066,0.0009,0.0022,0.0014,0.6000000000000001,0.4475
2021-01-05,CTD6,4176009,695829,0.1361,0.0988,0.0622,0.0327,0.0274,0.023,0.0198,0.0156,0.0148,0.0068,0.001,0.003,0.0014,0.8075,1.026
2021-01-05,CTD7,4176724,690397,0.1378,0.0987,0.0646,0.0335,0.029,0.024,0.0217,0.017,0.0151,0.0076,0.0012,0.0032,0.0014,0.3745,0.6355
2021-01-05,CTD8,4174178,693048,0.136,0.0961,0.0617,0.033,0.0257,0.0229,0.0196,0.0162,0.0139,0.0077,0.0011,0.0037,0.0011,0.5815,0.8495
2021-01-05,CTD9,4171106,693183,0.1382,0.1055,0.0768,0.0398,0.0339,0.0238,0.0209,0.0147,0.0143,0.0077,0.0009,0.004,0.0021,0.464,1.055
2021-01-05,CTD10,4170388,695646,0.1357,0.0984,0.0657,0.0336,0.0283,0.0228,0.0199,0.0152,0.0147,0.0064,0.0009,0.0022,0.0014,1.1789999999999998,1.9095
2021-01-05,CTD11,4169609,700351,0.1232,0.0869,0.0531,0.0285,0.0224,0.02,0.0172,0.0137,0.0134,0.0064,0.001,0.0022,0.0009,0.6639999999999999,1.611
2021-01-05,CTD12,4173438,695414,0.1343,0.0937,0.061,0.0324,0.0256,0.022,0.0186,0.0152,0.0127,0.0062,0.0009,0.0021,0.0018,0.461,1.2165
2021-04-20,CTD1,4187246,695025,0.1382,0.1056,0.079,0.0507,0.0468,0.0426,0.0417,0.0349,0.0327,0.0105,0.0007,0.0154,0.0105,0.505,0.8155
2021-04-20,CTD2,4181518,693105,0.133,0.1001,0.0712,0.0467,0.04,0.0381,0.037,0.0315,0.0314,0.0098,0.0008,0.015,0.0104,0.7255,0.7155
2021-04-20,CTD3,4181698,695238,0.1362,0.1024,0.0727,0.0458,0.0407,0.0379,0.0369,0.0302,0.0328,0.0108,0.0008,0.0164,0.0127,0.694,0.6435
2021-04-20,CTD4,4180266,698264,0.1359,0.1011,0.0729,0.0423,0.0357,0.0319,0.0313,0.0255,0.0246,0.0094,0.0007,0.011,0.0072,0.4609999999999999,0.6515
2021-04-20,CTD5,4179450,700268,0.1414,0.1141,0.0861,0.0396,0.0336,0.0321,0.0302,0.024,0.0245,0.0083,0.0008,0.0099,0.0057,0.2625,0.5425
2021-04-20,CTD6,4176009,695829,0.1281,0.0943,0.0646,0.0398,0.0345,0.0313,0.0292,0.0249,0.0238,0.0085,0.0008,0.0119,0.0084,0.4775,0.614
2021-04-20,CTD7,4176724,690397,0.1324,0.1002,0.0732,0.0447,0.0387,0.0373,0.0358,0.0299,0.03,0.009,0.0009,0.0149,0.0096,0.8160000000000001,1.024
2021-04-20,CTD8,4174178,693048,0.128,0.095,0.0679,0.0392,0.033,0.0317,0.0304,0.0253,0.024,0.0084,0.0007,0.0098,0.0072,0.6755,0.899
2021-04-20,CTD9,4171106,693183,0.1295,0.104,0.0839,0.05,0.0405,0.0299,0.0301,0.0238,0.0242,0.0078,0.0006,0.0074,0.0037,0.6605000000000001,2.1515
2021-04-20,CTD10,4170388,695646,0.1249,0.0899,0.0625,0.0353,0.0293,0.0283,0.0262,0.0214,0.0208,0.0076,0.0007,0.006,0.0033,0.5525,0.8425
2021-04-20,CTD11,4169609,700351,0.1286,0.0981,0.0714,0.0376,0.031,0.0282,0.0264,0.0207,0.0212,0.0076,0.0007,0.0063,0.0033,0.398,0.6955
2021-04-20,CTD12,4173438,695414,0.1263,0.0932,0.064,0.0383,0.0335,0.0311,0.0289,0.0255,0.0226,0.008,0.0006,0.0106,0.007,0.511,0.7305
2021-05-20,CTD1,4187246,695025,0.1294,0.0998,0.0767,0.0534,0.0475,0.0434,0.0407,0.0377,0.038,0.0099,0.0006,0.0281,0.0217,0.2885,0.6439999999999999
2021-05-20,CTD2,4181518,693105,0.1408,0.1154,0.0881,0.0667,0.06,0.0561,0.0558,0.0527,0.0534,0.0136,0.0008,0.0422,0.0331,0.4935,0.608
2021-05-20,CTD3,4181698,695238,0.1364,0.1103,0.0847,0.0599,0.0544,0.0512,0.0511,0.0483,0.0465,0.0123,0.0008,0.0365,0.0284,0.3595,0.6005
2021-05-20,CTD4,4180266,698264,0.1284,0.0977,0.0701,0.043,0.039,0.035,0.0351,0.0282,0.0291,0.0095,0.0007,0.0208,0.0171,0.3015,0.6335
2021-05-20,CTD5,4179450,700268,0.142,0.1231,0.1031,0.0633,0.0544,0.0522,0.0517,0.045,0.0476,0.012,0.0008,0.0379,0.0297,0.14,0.635
2021-05-20,CTD6,4176009,695829,0.1365,0.1103,0.0852,0.062,0.0547,0.0528,0.0512,0.0483,0.0476,0.0122,0.0008,0.0375,0.029,0.317,0.5795
2021-05-20,CTD7,4176724,690397,0.1424,0.1204,0.1078,0.0742,0.0647,0.0599,0.0596,0.0561,0.0553,0.0133,0.0008,0.0423,0.0314,1.6949999999999998,1.509
2021-05-20,CTD8,4174178,693048,0.1357,0.0981,0.0749,0.0576,0.0558,0.0538,0.0527,0.0386,0.052,0.0131,0.0007,0.0429,0.0394,0.508,0.7545
2021-05-20,CTD9,4171106,693183,0.1478,0.1352,0.1173,0.0862,0.0754,0.0658,0.0649,0.0599,0.0619,0.0154,0.0008,0.0484,0.0377,0.3635,1.028
2021-05-20,CTD10,4170388,695646,0.1383,0.1142,0.0894,0.0664,0.06,0.0578,0.0587,0.0541,0.0544,0.0136,0.0006,0.0421,0.0345,0.5415,0.651
2021-05-20,CTD11,4169609,700351,0.1404,0.1112,0.0923,0.0625,0.0575,0.0544,0.0564,0.0449,0.0525,0.014,0.0009,0.0396,0.0333,0.415,0.7025
2021-05-20,CTD12,4173438,695414,0.1409,0.1144,0.0926,0.0675,0.0584,0.0569,0.0568,0.0526,0.0527,0.0136,0.0007,0.0419,0.0342,0.397,0.6415
2021-06-14,CTD1,4187246,695025,0.1454,0.1213,0.1063,0.0878,0.0847,0.0855,0.0883,0.0818,0.0845,0.0231,0.0012,0.0666,0.049,0.2915,0.558
2021-06-14,CTD2,4181518,693105,0.1489,0.1232,0.1048,0.0864,0.0831,0.0844,0.0862,0.0776,0.0837,0.0231,0.0012,0.065,0.0502,0.3805,0.452
2021-06-14,CTD3,4181698,695238,0.1491,0.1261,0.1047,0.0849,0.0792,0.0789,0.0797,0.0722,0.0764,0.0219,0.0012,0.0578,0.0455,0.4525,0.54
2021-06-14,CTD4,4180266,698264,0.1501,0.1273,0.1061,0.0856,0.0806,0.0801,0.0802,0.0718,0.0768,0.0225,0.0011,0.06,0.0471,0.3365,4.0275
2021-06-14,CTD5,4179450,700268,0.1525,0.1308,0.1128,0.0859,0.0792,0.0782,0.0793,0.0731,0.076,0.0215,0.0011,0.0586,0.046,0.2275,0.7949999999999999
2021-06-14,CTD6,4176009,695829,0.1485,0.1247,0.105,0.085,0.0777,0.0797,0.0789,0.0731,0.076,0.0219,0.0012,0.0589,0.0469,0.422,0.4075
2021-06-14,CTD7,4176724,690397,0.1512,0.1323,0.1173,0.0905,0.0834,0.0838,0.0864,0.0792,0.084,0.023,0.0013,0.0624,0.0485,0.786,1.121
2021-06-14,CTD8,4174178,693048,0.1489,0.1253,0.1081,0.0875,0.0821,0.0821,0.0843,0.0769,0.081,0.0224,0.0011,0.061,0.0478,0.426,0.42
2021-06-14,CTD9,4171106,693183,0.1524,0.1331,0.1227,0.1009,0.0952,0.0927,0.0967,0.0868,0.0944,0.0254,0.0011,0.0718,0.0538,0.5595,1.2655
2021-06-14,CTD10,4170388,695646,0.1491,0.128,0.111,0.0917,0.0848,0.0859,0.089,0.0811,0.0864,0.0234,0.0011,0.0672,0.052,0.6395,0.6885
2021-06-14,CTD11,4169609,700351,0.1527,0.1297,0.1142,0.0917,0.0855,0.0876,0.0893,0.0777,0.0864,0.0241,0.001,0.0681,0.0535,0.5814999999999999,0.6265
2021-06-14,CTD12,4173438,695414,0.1482,0.1258,0.1065,0.0862,0.0809,0.081,0.083,0.0734,0.0797,0.0228,0.0012,0.0615,0.0482,0.5415,0.364
2021-08-13,CTD1,4187246,695025,0.1438,0.1163,0.0992,0.077,0.0725,0.0693,0.0694,0.0624,0.0656,0.0179,0.0011,0.0457,0.0335,1.16,1.0175
2021-08-13,CTD2,4181518,693105,0.1417,0.1142,0.0924,0.0726,0.0656,0.0629,0.0634,0.0564,0.0584,0.0167,0.001,0.0406,0.0289,2.597,1.809
2021-08-13,CTD3,4181698,695238,0.1397,0.1103,0.0904,0.0687,0.0613,0.0571,0.0577,0.0494,0.0519,0.0154,0.0009,0.0342,0.0255,2.589,1.6585
2021-08-13,CTD4,4180266,698264,0.1379,0.1133,0.0888,0.0669,0.0587,0.0565,0.0553,0.0515,0.0512,0.0153,0.0009,0.0336,0.0244,2.08,1.4315
2021-08-13,CTD5,4179450,700268,0.1431,0.1159,0.0924,0.0685,0.0629,0.0605,0.0606,0.0544,0.0559,0.0162,0.001,0.0384,0.0286,0.2425,0.4475
2021-08-13,CTD6,4176009,695829,0.1385,0.1125,0.0886,0.0692,0.062,0.0571,0.0571,0.0501,0.0519,0.0157,0.001,0.0353,0.0254,3.3415,2.369
2021-08-13,CTD7,4176724,690397,0.1427,0.1189,0.1052,0.0777,0.0701,0.0637,0.0638,0.0573,0.0598,0.0163,0.001,0.0388,0.0284,4.3705,3.3025
2021-08-13,CTD8,4174178,693048,0.2132,0.2372,0.2255,0.2226,0.1932,0.189,0.1922,0.215,0.194,0.05,0.0012,0.1985,0.1314,4.282500000000001,3.0285
2021-08-13,CTD9,4171106,693183,0.1386,0.1121,0.0974,0.076,0.069,0.0635,0.0651,0.0591,0.0606,0.0171,0.001,0.0414,0.0298,2.445,1.938
2021-08-13,CTD10,4170388,695646,0.1401,0.1143,0.0939,0.0744,0.0684,0.0631,0.063,0.0569,0.0586,0.0169,0.0009,0.0412,0.0303,4.1445,2.358
2021-08-13,CTD11,4169609,700351,0.141,0.1113,0.0904,0.0728,0.0656,0.063,0.063,0.0534,0.0598,0.0174,0.0009,0.041,0.0303,2.377,1.7160000000000002
2021-08-13,CTD12,4173438,695414,0.1397,0.1121,0.0929,0.0724,0.0657,0.0603,0.0588,0.0532,0.0546,0.0158,0.0008,0.0364,0.0288,3.9815,2.387
2021-11-11,CTD1,4187246,695025,0.1298,0.0904,0.0657,0.0336,0.0277,0.0232,0.0207,0.0167,0.0159,0.0064,0.0006,0.0047,0.003,1.0125,0.526
2021-11-11,CTD2,4181518,693105,0.128,0.0891,0.0583,0.0302,0.0251,0.0214,0.0197,0.0149,0.0142,0.0056,0.0007,0.0034,0.0026,1.1895,0.6575
2021-11-11,CTD3,4181698,695238,0.1284,0.0918,0.0585,0.0301,0.0245,0.0214,0.0189,0.014,0.0134,0.0057,0.0008,0.0036,0.0018,1.022,0.6685
2021-11-11,CTD4,4180266,698264,0.1309,0.0961,0.0644,0.0318,0.027,0.0223,0.0193,0.0148,0.0146,0.0055,0.0006,0.003,0.0016,0.763,0.8205
2021-11-11,CTD5,4179450,700268,0.1471,0.1163,0.0835,0.0354,0.0264,0.0208,0.0191,0.0143,0.0137,0.0056,0.0008,0.0039,0.0025,0.275,1.9975
2021-11-11,CTD6,4176009,695829,0.128,0.0927,0.0649,0.0317,0.0254,0.0218,0.0187,0.0149,0.0148,0.0056,0.0007,0.003,0.0019,1.029,0.9475
2021-11-11,CTD7,4176724,690397,0.1326,0.1022,0.0841,0.0391,0.0306,0.024,0.0213,0.0155,0.0157,0.0056,0.0011,0.0033,0.0018,1.3255,1.679
2021-11-11,CTD8,4174178,693048,0.1316,0.0992,0.0756,0.0363,0.0297,0.0233,0.0201,0.0153,0.015,0.0055,0.0008,0.003,0.0018,0.895,1.181
2021-11-11,CTD9,4171106,693183,0.1308,0.099,0.076,0.0398,0.0322,0.0223,0.02,0.0146,0.0125,0.0055,0.0008,0.0039,0.0029,0.744,1.3055
2021-11-11,CTD10,4170388,695646,0.1276,0.0921,0.0635,0.0324,0.0252,0.0213,0.0204,0.0146,0.0142,0.0056,0.0005,0.0031,0.0024,0.994,1.0739999999999998
2021-11-11,CTD11,4169609,700351,0.1253,0.0916,0.0621,0.0304,0.0247,0.0207,0.0178,0.0146,0.0135,0.0056,0.0008,0.004,0.0019,0.723,0.8029999999999999
2021-11-11,CTD12,4173438,695414,0.1285,0.0925,0.0656,0.0325,0.0255,0.0218,0.0183,0.0148,0.0141,0.0056,0.0008,0.003,0.0024,0.929,0.979
2021-11-26,CTD1,4187246,695025,0.1359,0.0965,0.0637,0.0331,0.0269,0.0245,0.0206,0.0174,0.0162,0.0071,0.0012,0.0033,0.0024,0.658,4.677
2021-11-26,CTD2,4181518,693105,0.1357,0.0958,0.0617,0.0324,0.0285,0.024,0.0218,0.0174,0.0154,0.0073,0.0012,0.0039,0.0026,0.947,6.266
2021-11-26,CTD3,4181698,695238,0.135,0.0965,0.0611,0.0327,0.0273,0.0236,0.0227,0.0169,0.0161,0.0072,0.0014,0.0032,0.0018,0.944,10.443
2021-11-26,CTD4,4180266,698264,0.1359,0.0968,0.0598,0.0337,0.027,0.0232,0.0213,0.0166,0.0155,0.0074,0.0015,0.0046,0.0015,0.996,13.854
2021-11-26,CTD6,4176009,695829,0.1338,0.0949,0.0635,0.0336,0.0273,0.0218,0.0209,0.0168,0.0148,0.0072,0.0012,0.0028,0.0012,1.542,10.913
2021-11-26,CTD7,4176724,690397,0.147,0.1208,0.1028,0.0526,0.0408,0.0266,0.0258,0.02,0.0183,0.0071,0.0013,0.0031,0.001,1.514,2.874
2021-11-26,CTD8,4174178,693048,0.1349,0.0991,0.0683,0.0333,0.0281,0.0241,0.0205,0.0161,0.0143,0.0072,0.0011,0.0027,0.0018,1.723,6.804
2021-11-26,CTD9,4171106,693183,0.135,0.1022,0.0721,0.0408,0.0327,0.0233,0.0214,0.0162,0.0157,0.0071,0.0014,0.0037,0.0019,1.672,5.477
2021-11-26,CTD10,4170388,695646,0.1351,0.098,0.068,0.0341,0.0268,0.0234,0.021,0.0154,0.015,0.0077,0.0011,0.0035,0.0019,1.429,6.952
2021-11-26,CTD11,4169609,700351,0.1322,0.0952,0.0622,0.0313,0.0257,0.0226,0.0194,0.016,0.0143,0.0072,0.0014,0.0013,0.0014,0.826,8.843
2021-11-26,CTD12,4173438,695414,0.1346,0.0979,0.0657,0.0332,0.0282,0.0231,0.0211,0.0155,0.0157,0.0071,0.0012,0.0025,0.0032,1.593,8.929
2021-12-01,CTD1,4187246,695025,0.1381,0.0962,0.0636,0.0352,0.0297,0.0251,0.024,0.0178,0.0164,0.0071,0.0008,0.0044,0.002,0.451,0.4235
2021-12-01,CTD2,4181518,693105,0.1368,0.0965,0.0617,0.0325,0.0263,0.0249,0.0211,0.0155,0.0157,0.0063,0.0009,0.0035,0.0017,0.5835,0.893
2021-12-01,CTD3,4181698,695238,0.1362,0.0946,0.0593,0.0334,0.0283,0.0218,0.0203,0.0168,0.0128,0.0063,0.001,0.0019,0.0013,0.5660000000000001,0.9205
2021-12-01,CTD4,4180266,698264,0.136,0.097,0.0644,0.0321,0.0261,0.0215,0.0203,0.0157,0.0149,0.0055,0.001,0.0034,0.002,0.7565,1.35
2021-12-01,CTD5,4179450,700268,0.1444,0.1081,0.0723,0.035,0.0276,0.0229,0.0197,0.0152,0.0151,0.0055,0.0008,0.0036,0.0025,0.3275,1.5425
2021-12-01,CTD6,4176009,695829,0.1366,0.1007,0.0702,0.0336,0.0272,0.0234,0.0215,0.0149,0.0147,0.0064,0.0006,0.0032,0.0027,1.018,2.3705
2021-12-01,CTD7,4176724,690397,0.1403,0.1088,0.0838,0.0365,0.0309,0.0251,0.0218,0.0175,0.0169,0.0068,0.0008,0.0036,0.0016,0.7,2.0465
2021-12-01,CTD8,4174178,693048,0.137,0.101,0.0725,0.0349,0.0288,0.024,0.0208,0.0163,0.0138,0.0069,0.0008,0.0023,0.0011,0.8475,2.5415
2021-12-01,CTD9,4171106,693183,0.1375,0.106,0.0775,0.0427,0.0346,0.0261,0.0238,0.0186,0.0192,0.0072,0.0007,0.0048,0.0034,0.7245,2.932
2021-12-01,CTD10,4170388,695646,0.1417,0.1059,0.0833,0.0424,0.0359,0.0276,0.0255,0.0199,0.0192,0.0073,0.0006,0.0043,0.0033,1.385,3.6075
2021-12-01,CTD11,4169609,700351,0.1349,0.1002,0.069,0.0345,0.0268,0.0212,0.019,0.0156,0.0155,0.0054,0.0009,0.0032,0.0018,0.681,2.9145
2021-12-01,CTD12,4173438,695414,0.1375,0.1013,0.072,0.0346,0.0289,0.0261,0.0217,0.0169,0.0139,0.0062,0.0006,0.0039,0.0029,0.8505,2.7875
2022-02-24,CTD1,4187246,695025,0.1335,0.0982,0.0706,0.0463,0.0419,0.0398,0.04,0.0342,0.0346,0.0132,0.0011,0.0192,0.0136,0.429,0.2895
2022-02-24,CTD2,4181518,693105,0.1323,0.0981,0.0677,0.0431,0.0384,0.0371,0.0355,0.0296,0.0306,0.0121,0.0011,0.0156,0.0111,0.376,0.4285
2022-02-24,CTD3,4181698,695238,0.1314,0.0987,0.0671,0.0392,0.0354,0.0332,0.0309,0.0267,0.0267,0.0107,0.001,0.0126,0.0081,0.4765,0.4075
2022-02-24,CTD4,4180266,698264,0.1316,0.0967,0.068,0.0415,0.037,0.0322,0.0317,0.0259,0.0265,0.0107,0.0009,0.0126,0.0086,0.3225,0.544
2022-02-24,CTD5,4179450,700268,0.1406,0.11,0.0806,0.042,0.0358,0.0316,0.0318,0.026,0.0277,0.0107,0.0011,0.0128,0.0089,0.1149999999999999,0.6475
2022-02-24,CTD6,4176009,695829,0.1301,0.0975,0.0704,0.0407,0.0345,0.0322,0.0318,0.0253,0.0261,0.0107,0.0008,0.0124,0.0083,0.3485,0.4735
2022-02-24,CTD7,4176724,690397,0.1471,0.1273,0.1103,0.0556,0.0453,0.0399,0.0386,0.0331,0.0336,0.0126,0.0011,0.0157,0.0094,0.5885,2.265
2022-02-24,CTD8,4174178,693048,0.1341,0.104,0.0797,0.043,0.0364,0.0346,0.0331,0.0273,0.0274,0.0112,0.0007,0.013,0.0089,0.232,0.5985
2022-02-24,CTD9,4171106,693183,0.1386,0.1093,0.092,0.0573,0.0497,0.0405,0.0397,0.0339,0.0359,0.0126,0.0009,0.0173,0.012,0.511,2.791
2022-02-24,CTD10,4170388,695646,0.134,0.1027,0.0796,0.0458,0.0398,0.0364,0.0349,0.0304,0.0306,0.0118,0.0009,0.0161,0.0101,0.3565,1.159
2022-02-24,CTD11,4169609,700351,0.1305,0.1001,0.0725,0.0445,0.0385,0.0359,0.0349,0.031,0.0308,0.012,0.0009,0.0154,0.0107,0.382,0.7204999999999999
2022-02-24,CTD12,4173438,695414,0.1315,0.1005,0.073,0.0408,0.0355,0.0333,0.0314,0.0279,0.0281,0.0111,0.0009,0.013,0.0087,0.3215,0.5435
2022-07-14,CTD1,4187246,695025,0.1456,0.127,0.1067,0.0789,0.0709,0.0662,0.0677,0.0639,0.0604,0.013,0.0008,0.0399,0.0288,0.3245,0.6579999999999999
2022-07-14,CTD2,4181518,693105,0.1437,0.1197,0.0957,0.0704,0.0614,0.0589,0.0584,0.0556,0.0533,0.0129,0.0008,0.0358,0.0267,0.306,0.7205
2022-07-14,CTD3,4181698,695238,0.133,0.0984,0.0719,0.0402,0.0334,0.0304,0.0298,0.0233,0.0232,0.0079,0.0008,0.0067,0.004,0.4024999999999999,0.5155
2022-07-14,CTD4,4180266,698264,0.1337,0.1,0.0722,0.0411,0.0353,0.0303,0.0285,0.0248,0.0222,0.0083,0.0006,0.0086,0.004,0.273,0.5075000000000001
2022-07-14,CTD5,4179450,700268,0.1406,0.1143,0.0934,0.0521,0.0457,0.0425,0.0418,0.0364,0.0356,0.0103,0.0008,0.0226,0.0168,0.225,0.525
2022-07-14,CTD6,4176009,695829,0.1408,0.1152,0.0912,0.0604,0.0503,0.0483,0.0472,0.047,0.0415,0.012,0.0005,0.0274,0.0209,0.485,0.6839999999999999
2022-07-14,CTD7,4176724,690397,0.1497,0.1322,0.1149,0.0694,0.0598,0.0542,0.056,0.0483,0.047,0.0127,0.0007,0.0296,0.0214,0.4775,1.61
2022-07-14,CTD8,4174178,693048,0.1474,0.1242,0.1038,0.0708,0.0627,0.0587,0.0583,0.0559,0.0547,0.0142,0.0006,0.0404,0.0303,0.485,0.913
2022-07-14,CTD9,4171106,693183,0.145,0.1235,0.107,0.078,0.0747,0.0625,0.0633,0.0582,0.0588,0.0145,0.0008,0.041,0.0308,0.517,1.0699999999999998
2022-07-14,CTD10,4170388,695646,0.1441,0.1205,0.0966,0.0692,0.0618,0.0594,0.059,0.0558,0.054,0.0137,0.0006,0.0381,0.0294,0.532,0.771
2022-07-14,CTD11,4169609,700351,0.1379,0.1029,0.0767,0.0478,0.0423,0.0412,0.04,0.0301,0.0339,0.0111,0.0008,0.0178,0.0129,0.554,0.6265000000000001
2022-07-14,CTD12,4173438,695414,0.1451,0.1211,0.098,0.0666,0.0582,0.0544,0.0548,0.0508,0.049,0.0128,0.0006,0.0343,0.0262,0.4639999999999999,0.819
2022-07-29,CTD3,4181698,695238,0.1333,0.1061,0.0809,0.057,0.0493,0.0468,0.0464,0.0436,0.0428,0.0104,0.0007,0.0293,0.0222,0.54,0.655
2022-08-03,CTD1,4187246,695025,0.1279,0.0961,0.0727,0.0439,0.039,0.0341,0.0327,0.0289,0.0276,0.0075,0.0008,0.0152,0.0096,0.2645,0.38
2022-08-03,CTD2,4181518,693105,0.1261,0.0958,0.0696,0.042,0.0349,0.0322,0.0313,0.0262,0.026,0.007,0.0006,0.0132,0.0095,0.407,0.709
2022-08-03,CTD3,4181698,695238,0.1218,0.0883,0.0617,0.0359,0.0286,0.0247,0.0235,0.0186,0.0171,0.0064,0.0007,0.0063,0.0039,0.4205,0.7525
2022-08-03,CTD4,4180266,698264,0.1241,0.0906,0.0643,0.0387,0.0316,0.0268,0.0272,0.0222,0.0216,0.007,0.0008,0.0106,0.0078,0.5455,0.7224999999999999
2022-08-03,CTD5,4179450,700268,0.1275,0.1016,0.0755,0.0379,0.0298,0.0268,0.0262,0.0217,0.0208,0.0064,0.0008,0.0097,0.0067,0.18,0.5075000000000001
2022-08-03,CTD6,4176009,695829,0.1219,0.0911,0.0661,0.0386,0.0308,0.0268,0.0256,0.0216,0.0215,0.0065,0.0006,0.0095,0.0063,0.5265,0.9195
2022-08-03,CTD7,4176724,690397,0.1337,0.1099,0.0962,0.0508,0.0382,0.0335,0.0332,0.0278,0.027,0.0076,0.0009,0.0138,0.0095,0.432,2.0355
2022-08-03,CTD8,4174178,693048,0.1297,0.1015,0.0824,0.0483,0.0411,0.0344,0.033,0.0288,0.0287,0.0075,0.0007,0.0158,0.0123,1.09,1.6445
2022-08-03,CTD9,4171106,693183,0.1279,0.1025,0.0838,0.0555,0.0489,0.039,0.0389,0.0333,0.0337,0.0084,0.0007,0.0208,0.0147,0.638,1.259
2022-08-03,CTD10,4170388,695646,0.1274,0.0998,0.0767,0.0473,0.0417,0.038,0.0376,0.0322,0.0322,0.0084,0.0006,0.0209,0.0148,0.503,1.0845
2022-08-03,CTD11,4169609,700351,0.1277,0.0939,0.0693,0.0441,0.039,0.0353,0.0349,0.028,0.0314,0.0085,0.0007,0.0187,0.0147,0.6225,0.8115
2022-08-03,CTD12,4173438,695414,0.1301,0.1033,0.0811,0.0462,0.0379,0.0304,0.0299,0.0248,0.024,0.007,0.0007,0.0119,0.0101,0.6485000000000001,1.216
2022-09-07,CTD1,4187246,695025,0.121,0.0873,0.0671,0.0415,0.039,0.0334,0.0332,0.0285,0.0302,0.0078,0.0008,0.019,0.0143,0.434,1.2679999999999998
2022-09-07,CTD2,4181518,693105,0.1188,0.0867,0.0636,0.0377,0.032,0.0288,0.0277,0.0244,0.0243,0.0067,0.0007,0.0134,0.0093,0.3974999999999999,1.3405
2022-09-07,CTD3,4181698,695238,0.1176,0.0874,0.0612,0.0349,0.03,0.0267,0.0262,0.0218,0.0211,0.0067,0.0005,0.0112,0.0088,0.3425,0.948
2022-09-07,CTD4,4180266,698264,0.1153,0.0838,0.058,0.0331,0.0273,0.024,0.0222,0.019,0.0197,0.0061,0.0006,0.0094,0.0068,0.348,0.4499999999999999
2022-09-07,CTD5,4179450,700268,0.1148,0.087,0.0642,0.0303,0.0241,0.0219,0.02,0.0158,0.0156,0.005,0.0005,0.0066,0.0047,0.2299999999999999,0.4975
2022-09-07,CTD6,4176009,695829,0.1153,0.0849,0.0595,0.0311,0.026,0.0217,0.0206,0.0166,0.0156,0.0056,0.0007,0.007,0.0045,0.3864999999999999,0.722
2022-09-07,CTD7,4176724,690397,0.1434,0.1323,0.1258,0.0675,0.0471,0.0297,0.0287,0.0246,0.022,0.0064,0.0007,0.0102,0.006,0.385,4.0405
2022-09-07,CTD8,4174178,693048,0.1254,0.1021,0.0897,0.0446,0.0326,0.0251,0.0237,0.0188,0.0183,0.0061,0.0006,0.0081,0.0052,0.5995,2.196
2022-09-07,CTD9,4171106,693183,0.1161,0.0899,0.0726,0.0421,0.0367,0.0264,0.0255,0.0208,0.0213,0.0068,0.0005,0.0116,0.0074,0.421,1.181
2022-09-07,CTD10,4170388,695646,0.1142,0.0822,0.0597,0.0323,0.0267,0.0232,0.0216,0.018,0.0186,0.0061,0.0007,0.0083,0.006,0.402,0.6465
2022-09-07,CTD11,4169609,700351,0.1123,0.0822,0.0569,0.0305,0.0262,0.0228,0.0214,0.0175,0.018,0.0061,0.0005,0.0087,0.0066,0.277,0.1975
2022-09-07,CTD12,4173438,695414,0.1185,0.0891,0.0674,0.034,0.0271,0.0231,0.0221,0.0171,0.0174,0.0055,0.0008,0.007,0.0055,0.4615,0.938
2022-09-27,CTD1,4187246,695025,0.1169,0.0833,0.0583,0.0315,0.0265,0.0216,0.0192,0.0165,0.0155,0.0061,0.0008,0.0063,0.0045,0.415,0.615
2022-09-27,CTD2,4181518,693105,0.1156,0.083,0.0572,0.03,0.0245,0.0201,0.0193,0.0152,0.0145,0.0055,0.0006,0.0048,0.0035,0.515,0.75
2022-09-27,CTD3,4181698,695238,0.1164,0.0836,0.0603,0.0313,0.0249,0.0219,0.0197,0.0169,0.0144,0.0061,0.0006,0.0056,0.0042,0.645,0.765
2022-09-27,CTD4,4180266,698264,0.1163,0.0835,0.0575,0.0314,0.0255,0.0215,0.0207,0.0159,0.0156,0.0056,0.0007,0.0071,0.0051,0.395,0.71
2022-09-27,CTD5,4179450,700268,0.1267,0.0975,0.0729,0.0367,0.0282,0.022,0.0179,0.0151,0.0137,0.0056,0.0005,0.0047,0.0034,0.2575,1.6800000000000002
2022-09-27,CTD6,4176009,695829,0.1175,0.0885,0.0628,0.0319,0.0264,0.0206,0.0183,0.0163,0.0146,0.0055,0.0005,0.0044,0.0028,0.605,1.15
2022-09-27,CTD7,4176724,690397,0.1261,0.1026,0.0955,0.0474,0.0368,0.0234,0.0229,0.0178,0.0164,0.0061,0.0006,0.0053,0.0035,1.58,3.55
2022-09-27,CTD8,4174178,693048,0.1217,0.0954,0.0838,0.0419,0.0324,0.0223,0.0199,0.017,0.0153,0.0057,0.0005,0.0052,0.0036,2.215,2.985
2022-09-27,CTD9,4171106,693183,0.1204,0.0932,0.0812,0.0492,0.0382,0.0239,0.0225,0.0181,0.0159,0.0061,0.0005,0.0058,0.0037,0.71,4.15
2022-09-27,CTD10,4170388,695646,0.1201,0.0926,0.0766,0.0396,0.0315,0.0228,0.0196,0.0167,0.0154,0.0058,0.0006,0.0055,0.0052,0.88,2.48
2022-09-27,CTD11,4169609,700351,0.1176,0.0855,0.0606,0.0334,0.0291,0.0247,0.023,0.0191,0.0199,0.0073,0.0004,0.0089,0.0074,0.545,0.885
2022-09-27,CTD12,4173438,695414,0.1203,0.0931,0.0764,0.0369,0.028,0.0209,0.0189,0.0151,0.0139,0.0054,0.0004,0.0044,0.0036,1.09,1.88
2023-01-10,CTD1,4187246,695025,0.1371,0.0954,0.0606,0.035,0.0278,0.025,0.022,0.0164,0.0171,0.0058,0.0009,0.0044,0.0027,0.6805,0.7055
2023-01-10,CTD2,4181518,693105,0.1366,0.094,0.0597,0.0318,0.0263,0.023,0.0208,0.0164,0.0152,0.0054,0.0009,0.0034,0.0013,0.893,0.9825
2023-01-10,CTD3,4181698,695238,0.1356,0.0925,0.0596,0.0303,0.0245,0.0224,0.0192,0.0152,0.0141,0.0051,0.0009,0.0028,0.0004,0.961,0.8
2023-01-10,CTD4,4180266,698264,0.1366,0.0985,0.065,0.0314,0.0263,0.0225,0.0198,0.0155,0.0148,0.0053,0.0008,0.0026,0.0009,0.9365,0.6134999999999999
2023-01-10,CTD5,4179450,700268,0.1398,0.1047,0.0739,0.0326,0.0261,0.0218,0.0207,0.0155,0.0155,0.0049,0.0005,0.0028,0.0018,0.5025,0.5025
2023-01-10,CTD6,4176009,695829,0.1363,0.0976,0.0601,0.0321,0.0253,0.0202,0.018,0.0149,0.0153,0.005,0.0009,0.0031,0.0018,0.6965,0.6819999999999999
2023-01-10,CTD7,4176724,690397,0.1456,0.1175,0.0933,0.0387,0.029,0.0226,0.0208,0.0152,0.0153,0.0051,0.0009,0.0022,0.0012,0.7715,1.773
2023-01-10,CTD8,4174178,693048,0.1398,0.1039,0.0736,0.0353,0.0287,0.0236,0.0222,0.0171,0.0153,0.0052,0.0006,0.0032,0.0001,0.857,1.1235
2023-01-10,CTD9,4171106,693183,0.1361,0.105,0.0739,0.0408,0.0325,0.023,0.0215,0.0151,0.014,0.0053,0.0007,0.0042,0.0029,0.5555,0.65
2023-01-10,CTD10,4170388,695646,0.1336,0.0915,0.0586,0.0297,0.0246,0.0205,0.0182,0.0152,0.0135,0.0051,0.0008,0.0026,0.002,0.53,0.4679999999999999
2023-01-10,CTD11,4169609,700351,0.136,0.0982,0.0659,0.032,0.0233,0.0207,0.02,0.0145,0.0141,0.005,0.001,0.0028,0.0014,0.408,0.428
2023-01-10,CTD12,4173438,695414,0.1353,0.0938,0.0607,0.0306,0.0269,0.0206,0.0205,0.0153,0.0141,0.0049,0.0009,0.0028,0.0018,0.627,0.6315
2023-03-01,CTD1,4187246,695025,0.1255,0.0889,0.0598,0.033,0.0294,0.0256,0.0232,0.0177,0.0161,0.0083,0.001,0.0052,0.003,0.3215,0.596
2023-03-01,CTD2,4181518,693105,0.1249,0.0889,0.0573,0.0304,0.0257,0.0227,0.0202,0.0171,0.0147,0.0073,0.0011,0.004,0.0024,0.3555,0.3605
2023-03-01,CTD3,4181698,695238,0.1248,0.0898,0.0596,0.0301,0.025,0.0212,0.02,0.0157,0.0143,0.0069,0.001,0.0041,0.0022,0.3854999999999999,0.657
2023-03-01,CTD4,4180266,698264,0.1353,0.103,0.0762,0.0375,0.0308,0.0226,0.0216,0.017,0.0159,0.0072,0.0009,0.004,0.0029,0.2704999999999999,2.6855
2023-03-01,CTD5,4179450,700268,0.1522,0.13,0.1045,0.0463,0.0348,0.0255,0.022,0.0177,0.0166,0.0073,0.0011,0.0043,0.0028,0.265,5.635
2023-03-01,CTD6,4176009,695829,0.1262,0.0928,0.0599,0.0291,0.0243,0.0214,0.0184,0.0159,0.0141,0.0067,0.0008,0.0037,0.0023,0.2105,0.753
2023-03-01,CTD7,4176724,690397,0.1334,0.1106,0.0843,0.0334,0.0264,0.0231,0.0217,0.017,0.0168,0.0073,0.0008,0.004,0.0018,0.2275,0.4775
2023-03-01,CTD8,4174178,693048,0.1417,0.1192,0.095,0.0408,0.0313,0.0236,0.0216,0.0159,0.0156,0.0066,0.001,0.0035,0.002,0.2815,1.08
2023-03-01,CTD9,4171106,693183,0.1295,0.1043,0.0768,0.0426,0.0337,0.0242,0.0233,0.0181,0.0177,0.0076,0.0008,0.0045,0.0025,0.1659999999999999,0.345
2023-03-01,CTD10,4170388,695646,0.129,0.0962,0.0679,0.0324,0.0259,0.0233,0.0212,0.0164,0.0149,0.0072,0.0008,0.0035,0.0021,0.193,0.5435
2023-03-01,CTD11,4169609,700351,0.1311,0.102,0.0747,0.038,0.0299,0.024,0.0222,0.0169,0.0155,0.0072,0.0011,0.004,0.0029,0.1694999999999999,1.4515
2023-03-01,CTD12,4173438,695414,0.126,0.0918,0.061,0.0307,0.0253,0.0219,0.0199,0.0151,0.0147,0.0065,0.0008,0.0032,0.0022,0.1805,0.448
2023-03-16,CTD1,4187246,695025,0.1454,0.1213,0.1063,0.0878,0.0847,0.0855,0.0883,0.0818,0.0845,0.0231,0.0012,0.0666,0.049,0.371,0.4925
2023-03-16,CTD2,4181518,693105,0.1489,0.1232,0.1048,0.0864,0.0831,0.0844,0.0862,0.0776,0.0837,0.0231,0.0012,0.065,0.0502,0.373,0.7085
2023-03-16,CTD3,4181698,695238,0.1491,0.1261,0.1047,0.0849,0.0792,0.0789,0.0797,0.0722,0.0764,0.0219,0.0012,0.0578,0.0455,0.303,0.635
2023-03-16,CTD4,4180266,698264,0.1501,0.1273,0.1061,0.0856,0.0806,0.0801,0.0802,0.0718,0.0768,0.0225,0.0011,0.06,0.0471,0.238,0.653
2023-03-16,CTD5,4179450,700268,0.1525,0.1308,0.1128,0.0859,0.0792,0.0782,0.0793,0.0731,0.076,0.0215,0.0011,0.0586,0.046,0.11,0.365
2023-03-16,CTD6,4176009,695829,0.1485,0.1247,0.105,0.085,0.0777,0.0797,0.0789,0.0731,0.076,0.0219,0.0012,0.0589,0.0469,0.2105,0.709
2023-03-16,CTD7,4176724,690397,0.1512,0.1323,0.1173,0.0905,0.0834,0.0838,0.0864,0.0792,0.084,0.023,0.0013,0.0624,0.0485,0.2965,1.4249999999999998
2023-03-16,CTD8,4174178,693048,0.1489,0.1253,0.1081,0.0875,0.0821,0.0821,0.0843,0.0769,0.081,0.0224,0.0011,0.061,0.0478,0.201,0.881
2023-03-16,CTD9,4171106,693183,0.1524,0.1331,0.1227,0.1009,0.0952,0.0927,0.0967,0.0868,0.0944,0.0254,0.0011,0.0718,0.0538,0.292,1.0835
2023-03-16,CTD10,4170388,695646,0.1491,0.128,0.111,0.0917,0.0848,0.0859,0.089,0.0811,0.0864,0.0234,0.0011,0.0672,0.052,0.1765,0.7845
2023-03-16,CTD11,4169609,700351,0.1527,0.1297,0.1142,0.0917,0.0855,0.0876,0.0893,0.0777,0.0864,0.0241,0.001,0.0681,0.0535,0.122,0.648
2023-03-16,CTD12,4173438,695414,0.1482,0.1258,0.1065,0.0862,0.0809,0.081,0.083,0.0734,0.0797,0.0228,0.0012,0.0615,0.0482,0.1865,0.7759999999999999
2023-04-20,CTD1,4187246,695025,0.1265,0.0942,0.0697,0.0466,0.0441,0.0407,0.0395,0.035,0.0358,0.0125,0.0007,0.0242,0.0187,0.2715,0.272
2023-04-20,CTD2,4181518,693105,0.1261,0.0931,0.0679,0.0457,0.0413,0.0388,0.0384,0.0327,0.0343,0.0126,0.0008,0.0228,0.0186,0.3155,0.3864999999999999
2023-04-20,CTD3,4181698,695238,0.1287,0.0983,0.0722,0.048,0.0418,0.042,0.0415,0.0337,0.036,0.0128,0.0007,0.0256,0.0201,0.2945,0.533
2023-04-20,CTD4,4180266,698264,0.1362,0.1143,0.0876,0.0546,0.0477,0.0437,0.0443,0.041,0.0391,0.0139,0.0009,0.0295,0.023,0.306,0.6085
2023-04-20,CTD5,4179450,700268,0.1528,0.1335,0.1121,0.0649,0.0525,0.0458,0.0454,0.0406,0.0432,0.0148,0.0008,0.031,0.0249,0.235,3.2
2023-04-20,CTD6,4176009,695829,0.132,0.101,0.0777,0.0537,0.0473,0.0447,0.0449,0.0423,0.0405,0.0148,0.0007,0.0301,0.0239,0.4195,0.5774999999999999
2023-04-20,CTD7,4176724,690397,0.1369,0.123,0.1074,0.0453,0.0359,0.0297,0.0289,0.0248,0.0243,0.0094,0.0009,0.0138,0.0097,0.205,0.5640000000000001
2023-04-20,CTD8,4174178,693048,0.1436,0.1291,0.1154,0.0565,0.044,0.0364,0.0372,0.0335,0.0298,0.0124,0.0009,0.0207,0.0161,0.5105,2.2945
2023-04-20,CTD9,4171106,693183,0.1293,0.1084,0.0867,0.0582,0.05,0.0398,0.0401,0.0347,0.0362,0.0133,0.0008,0.024,0.019,0.2375,0.875
2023-04-20,CTD10,4170388,695646,0.1255,0.0961,0.0732,0.048,0.0432,0.0418,0.0421,0.0384,0.0364,0.0138,0.0007,0.0269,0.0215,0.186,0.3665
2023-04-20,CTD11,4169609,700351,0.1332,0.1066,0.0815,0.0495,0.0432,0.0408,0.0404,0.0333,0.0365,0.0141,0.0007,0.0255,0.0216,0.213,0.7090000000000001
2023-04-20,CTD12,4173438,695414,0.1309,0.104,0.0785,0.0549,0.0492,0.0474,0.0463,0.0437,0.0428,0.0152,0.0008,0.0313,0.0261,0.2615,0.5385
2023-05-25,CTD1,4187246,695025,0.1539,0.1299,0.1084,0.0908,0.0844,0.0815,0.0832,0.0735,0.0792,0.0204,0.001,0.0613,0.0475,0.237,0.4845
2023-05-25,CTD2,4181518,693105,0.1566,0.1357,0.1119,0.088,0.0828,0.0843,0.0837,0.0772,0.0818,0.0204,0.0012,0.0652,0.0509,0.222,0.4705
2023-05-25,CTD3,4181698,695238,0.1566,0.1342,0.1098,0.0884,0.0862,0.0831,0.0828,0.077,0.0803,0.0209,0.0011,0.0663,0.0521,0.2575,0.4805
2023-05-25,CTD4,4180266,698264,0.1579,0.1401,0.1165,0.0931,0.0864,0.0842,0.0858,0.0813,0.0822,0.0205,0.0011,0.0693,0.0547,0.2115,0.6499999999999999
2023-05-25,CTD5,4179450,700268,0.1627,0.1472,0.1253,0.0942,0.0869,0.0857,0.0861,0.0825,0.0842,0.0203,0.0011,0.0685,0.0542,0.165,0.7224999999999999
2023-05-25,CTD6,4176009,695829,0.1512,0.1262,0.1009,0.0785,0.0735,0.0722,0.0705,0.0669,0.0695,0.0182,0.0011,0.0545,0.0422,0.275,0.5595
2023-05-25,CTD7,4176724,690397,0.1555,0.1411,0.1255,0.0782,0.0717,0.0708,0.0695,0.0629,0.065,0.0174,0.001,0.0506,0.038,0.2375,0.8985
2023-05-25,CTD8,4174178,693048,0.1578,0.1432,0.1225,0.0853,0.0785,0.0753,0.0745,0.0708,0.0713,0.0181,0.001,0.055,0.0429,0.2805,1.3075
2023-05-25,CTD9,4171106,693183,0.1485,0.1261,0.106,0.0817,0.0759,0.0699,0.0698,0.0659,0.0665,0.018,0.0012,0.0515,0.0388,0.4625,1.0875
2023-05-25,CTD10,4170388,695646,0.1478,0.1239,0.1063,0.0772,0.0691,0.0675,0.0678,0.0647,0.0648,0.0171,0.0012,0.0484,0.038,0.6735,1.3544999999999998
2023-05-25,CTD11,4169609,700351,0.1577,0.134,0.115,0.0881,0.0796,0.079,0.0799,0.0694,0.0795,0.0204,0.0011,0.0623,0.0515,0.4145,1.298
2023-05-25,CTD12,4173438,695414,0.156,0.1377,0.1161,0.0869,0.0794,0.0763,0.0763,0.0702,0.0726,0.0184,0.0009,0.0589,0.0472,0.5495,1.1715
